week,p_RiskOff,p_Neutral,p_RiskOn,label,csd,mkt_ret,network_entropy,btc_dom,dbtc_dom,mktmom4,csd_z,dbtc_dom_z,network_entropy_z,mktmom4_z
2019-04-01,0.0,1.0,0.0,Neutral,0.148256187402844,0.2488435473593214,,0.5104654134060118,,,,,0.0,
2019-04-08,0.0,1.0,0.0,Neutral,0.045306878483936684,-0.07300409570543231,,0.5289154955323147,,0.1758394516538891,,,0.0,
2019-04-15,0.0,1.0,0.0,Neutral,0.10709556673961237,-0.004486176265733126,,0.5392513166151298,,0.17135327538815595,,,0.0,
2019-04-22,0.0,1.0,0.0,Neutral,0.08642246681039044,-0.09105770524401229,,0.5622313521353768,,0.08029557014414368,,,0.0,
2019-04-29,0.0,1.0,0.0,Neutral,0.07138903779613893,0.01599476902238237,,0.5776787925967832,0.06721337919077142,-0.15255320819279536,,,0.0,
2019-05-06,0.0,1.0,0.0,Neutral,0.12627229823671118,0.03892100037766359,,0.6096463078149991,0.08073081228268442,-0.04062811210969945,,,0.0,
2019-05-13,0.0,1.0,0.0,Neutral,0.16406389119406306,0.3426985208346736,,0.575487577442562,0.03623626082743214,0.30655658499070726,,,0.0,
2019-05-20,0.0,1.0,0.0,Neutral,0.08921949728476927,0.0038872190588249717,,0.5899987285346376,0.027767376399260857,0.4015015092935446,,,0.0,
2019-05-27,0.0,1.0,0.0,Neutral,0.12851904856345805,0.1043923944491292,,0.5772558000484053,-0.00042299254837796507,0.4898991347202914,,,0.0,
2019-06-03,0.0,1.0,0.0,Neutral,0.07517556755841956,-0.10189661201862385,,0.5776740099715063,-0.03197229784349276,0.3490815223240039,,,0.0,
2019-06-10,0.0,1.0,0.0,Neutral,0.13457092249879,0.14289435227425565,,0.5870213523843943,0.011533774941832386,0.14927735376358603,,,0.0,
2019-06-17,0.0,1.0,0.0,Neutral,0.08907909117034533,0.07907546118308462,,0.5770285502829918,-0.012970178251645814,0.22446559588784568,,,0.0,
2019-06-24,0.0,1.0,0.0,Neutral,0.2607345900936834,-0.05319867239553112,,0.6105738994210311,0.033318099372625865,0.06687452904318536,-0.4642915516573303,,0.0,
2019-07-01,0.0,1.0,0.0,Neutral,0.07891124752067617,-0.01541638500113239,,0.6258867428495565,0.04821273287805017,0.1533547560606768,2.619566351748263,,0.0,-0.6411651048667169
2019-07-08,0.0,1.0,0.0,Neutral,0.05550904365802967,-0.22434465979948875,,0.6600471516621227,0.07302579927772834,-0.2138842560130676,-0.6670356637435542,,0.0,-0.16602149230266033
2019-07-15,0.0,1.0,0.0,Neutral,0.0844320126208989,0.0303388871601314,,0.661781031277693,0.08475248099470123,-0.2626208300360208,-1.0252828840005017,,0.0,-1.8388940619745309
2019-07-22,0.0,1.0,0.0,Neutral,0.04870611051041084,-0.09925213131753953,,0.6574822156315874,0.046908316210556245,-0.30867428895802923,-0.46982334472695986,1.315383943174288,0.0,-1.761219080053967
2019-07-29,0.0,1.0,0.0,Neutral,0.08530754151780584,0.018800785967338408,,0.6802459774301175,0.05435923458056102,-0.2744571179895584,-1.075346187859002,0.3063788862054189,0.0,-1.7028924224323578
2019-08-05,0.0,1.0,0.0,Neutral,0.06298833998045474,-0.01012755377223547,,0.6953814777520172,0.03533432608989451,-0.060240011962305134,-0.37071766133157663,0.48837518929388624,0.0,-1.412460619792961
2019-08-12,0.0,1.0,0.0,Neutral,0.050499995490776946,-0.09993271663920719,,0.6927187449400608,0.03093771366236775,-0.19051161576164372,-0.7703693025273705,-0.04686622254466384,0.0,-0.533094478255828
2019-08-19,0.0,1.0,0.0,Neutral,0.09912776132245853,-0.039798581794364185,,0.7009322806511114,0.043450065019523976,-0.13105806623846838,-0.9653930257896239,-0.17021144322797832,0.0,-1.0089606389046675
2019-08-26,0.0,1.0,0.0,Neutral,0.06266257712439406,-0.12358234675181172,,0.714466848084383,0.03422087065426549,-0.27344119895761854,-0.009509393051000101,0.20246511804191808,0.0,-0.7360171756866831
2019-09-02,0.0,1.0,0.0,Neutral,0.06960721536222626,0.05510367213505159,,0.7209925050703615,0.025611027318344304,-0.20820997305033148,-0.7190078266022422,-0.08341005776912702,0.0,-1.241726323897326
2019-09-09,0.0,1.0,0.0,Neutral,0.10869954577082971,-0.025095982251678924,,0.7208285373205137,0.028109792380452858,-0.13337323866280318,-0.5610362831640324,-0.3501125836257353,0.0,-0.9337094508505117
2019-09-16,0.0,1.0,0.0,Neutral,0.10062514546765723,0.009566185842079165,,0.7012525500329023,0.00032026938179097186,-0.08400847102635983,0.2434660387091454,-0.26076856206516424,0.0,-0.6096325819349443
2019-09-23,0.0,1.0,0.0,Neutral,0.06360125858400151,-0.2112086013839203,,0.6916187016531745,-0.02284814643120847,-0.17163472565846843,0.07125307219227749,-1.133190026541783,0.0,-0.39566790628871734
2019-09-30,0.0,1.0,0.0,Neutral,0.08177166559223205,0.04219966518699932,,0.6790205983282479,-0.041971906742113596,-0.18453873260652065,-0.7076092983340005,-1.7239563090089385,0.0,-0.741499687874234
2019-10-07,0.0,1.0,0.0,Neutral,0.07215186806141663,0.07779768268615891,,0.673636597015908,-0.04719194030460572,-0.08164506766868282,-0.3049665564292317,-2.04264818568365,0.0,-0.7718517195781153
2019-10-14,0.0,1.0,0.0,Neutral,0.2340926138480339,0.039006436565313996,,0.6698321601211936,-0.0314203899117087,-0.052204816945448,-0.5071140330319931,-1.954868896976267,0.0,-0.3237087267600107
2019-10-21,0.0,1.0,0.0,Neutral,0.07647860625963011,0.06136576622793928,,0.69386943521949,0.0022507335663154437,0.22036955066641156,2.654729092407439,-1.4311570540672953,0.0,-0.19162509513362988
2019-10-28,0.0,1.0,0.0,Neutral,0.13582933144560191,0.05686721227519348,,0.6856762323755338,0.006655634047285863,0.23503709775460574,-0.4445868231116795,-0.5312312138110238,0.0,0.9852199407864901
2019-11-04,0.0,1.0,0.0,Neutral,0.11673290458986958,0.03433916597202576,,0.6774697873847823,0.0038331903688743063,0.1915785810404726,0.7240648062390715,-0.4047847510480511,0.0,1.014260370589342
2019-11-11,0.0,1.0,0.0,Neutral,0.09933788553597182,-0.012729301066168009,,0.6736123805253115,0.003780220404117851,0.13984284340899059,0.3333670520952477,-0.471062145379243,0.0,0.7993912032733298
2019-11-18,0.0,1.0,0.0,Neutral,0.04170216838876629,-0.2310326694608508,,0.6797531151803491,-0.014116320039140873,-0.15255559227979948,-0.022055148253134933,-0.462756044810759,0.0,0.5567147291727286
2019-11-25,0.0,1.0,0.0,Neutral,0.14808750366587659,0.10461323911157874,,0.6693531570818597,-0.01632307529367405,-0.10480956544341424,-1.1758889429751596,-0.932535397527061,0.0,-0.7461743932217995
2019-12-02,0.0,1.0,0.0,Neutral,0.06597685383840246,-0.0033430976780931647,,0.6722132101449321,-0.00525657723985018,-0.14249182909353317,0.9906331059406293,-0.9629437518947108,0.0,-0.5191978428011478
2019-12-09,0.0,1.0,0.0,Neutral,0.0923429882548555,-0.058420336153154416,,0.672548112319759,-0.0010642682055524988,-0.18818286418051958,-0.6894576610887004,-0.6385296690889234,0.0,-0.6780855085138284
2019-12-16,0.0,1.0,0.0,Neutral,0.10687874766787808,-0.026147126832331828,,0.6996340324515649,0.01988091727121577,0.016702678447999393,-0.13935813121030718,-0.5100907901896209,0.0,-0.8680581676517729
2019-12-23,0.0,1.0,0.0,Neutral,0.08880264292007047,-0.030146541293225016,,0.6966744363110834,0.02732127922922367,-0.11805710195680437,0.16484993697548864,0.0880965308815991,0.0,0.0838482786714248
2019-12-30,0.0,1.0,0.0,Neutral,0.06106320541619768,-0.0004981434867997207,,0.6963526851705172,0.02413947502558511,-0.11521214776551092,-0.2183951985489485,0.2996687874467553,0.0,-0.542484229723718
2020-01-06,0.0,1.0,0.0,Neutral,0.09620128531938964,0.09239232176299234,,0.6979202691279534,0.02537215680819438,0.035600510150635825,-0.8016772404128343,0.20301668631271794,0.0,-0.5203771338578577
2020-01-13,0.0,1.0,0.0,Neutral,0.16959111927883333,0.15604503694553548,,0.6821805554910976,-0.017453476960467285,0.21779267392850313,-0.03756658732485006,0.23647670638948687,0.0,0.2022343259821056
2020-01-20,0.0,1.0,0.0,Neutral,0.04137294709504336,0.005113457790435203,,0.6809231306215686,-0.015751305689514772,0.25305267301216333,1.513965000821608,-1.030664583970323,0.0,1.0606807410611592
2020-01-27,0.0,1.0,0.0,Neutral,0.0799857691243123,0.10367856782838525,,0.676443611046446,-0.01990907412407117,0.3572293843273483,-1.2227900866230685,-0.9549233962311341,0.0,1.1956882499721542
2020-02-03,0.0,1.0,0.0,Neutral,0.1730482215675446,0.22168297473857718,,0.6596107370216063,-0.03830953210634702,0.48652003730293314,-0.3877315595797062,-1.0518413076916684,0.0,1.6246576906327697
2020-02-10,0.0,1.0,0.0,Neutral,0.37646499869381783,0.06829609027080703,,0.6421954852921464,-0.039985070198951145,0.3987710906282047,1.5680369793045095,-1.539402711444476,0.0,2.0928170963750685
2020-02-17,0.0,1.0,0.0,Neutral,0.09296611865506786,0.008113434169871975,,0.6407525205872819,-0.04017061003428668,0.4017710670076415,4.384885910085287,-1.5242466333295397,0.0,1.62459554447738
2020-02-24,0.0,1.0,0.0,Neutral,0.06027594223808402,-0.2153845430048905,,0.6595817657308367,-0.016861845315609303,0.08270795617436572,-0.20123465694768025,-1.4717265909223707,0.0,1.5741456950234392
2020-03-02,0.0,1.0,0.0,Neutral,0.1318993220891926,-0.0630765853499142,,0.665418028906895,0.005807291885288723,-0.20205160391412566,-0.7242167573488109,-0.7880512940333118,0.0,0.18069659629847806
2020-03-09,0.0,1.0,0.0,Neutral,0.10564098766726016,-0.36156012824192857,,0.6651462370685576,0.02295075177641115,-0.6319078224268613,0.4476573658775079,-0.1332639408642097,0.0,-1.0506010193347224
2020-03-16,0.0,1.0,0.0,Neutral,0.10408346575530883,0.025652907240833477,,0.6857016085280542,0.04494908794077224,-0.6143683493558998,0.012250349794148345,0.36193725815975675,0.0,-2.6811915003279267
2020-03-23,0.0,1.0,0.0,Neutral,0.048566417893971224,0.018389142535410213,,0.6791162765811474,0.01953451085031066,-0.38059466381559903,-0.01370265303284524,0.9879252435564992,0.0,-2.4208997245170303
2020-03-30,0.0,1.0,0.0,Neutral,0.045691126886776956,0.13266323059216426,,0.6842136462836191,0.018795617376724083,-0.18485484787352058,-0.9356609801479385,0.2373213025253774,0.0,-1.4669067325117207
2020-04-06,0.0,1.0,0.0,Neutral,0.11194691455743551,0.07543486135570733,,0.6696879872611935,0.004541750192635918,0.25214014172411525,-0.9477597789633102,0.213087096180322,0.0,-0.7071969741799409
2020-04-13,0.0,1.0,0.0,Neutral,0.06465955658430157,0.051760743277294886,,0.6649107949739586,-0.020790813554095622,0.2782479777605767,0.15035210128196339,-0.21276872715452497,0.0,0.9637238557828202
2020-04-20,0.0,1.0,0.0,Neutral,0.08988644538586116,0.11340012458821125,,0.663282985707805,-0.015833290873342398,0.3732589598133777,-0.6385579132448597,-0.962384344858346,0.0,1.048645284835103
2020-04-27,0.0,1.0,0.0,Neutral,0.07632229936211386,0.05556433553189087,,0.6789626142654684,-0.005251032018150692,0.29616006475310436,-0.21181724759383452,-0.7991024891755749,0.0,1.3636739036668792
2020-05-04,0.0,1.0,0.0,Neutral,0.057380888458505024,-0.07540655316143928,,0.6966248977329023,0.026936910471708764,0.14531865023595775,-0.4439357279703908,-0.447129574928524,0.0,1.035978161445535
2020-05-11,0.0,1.0,0.0,Neutral,0.0649643981466848,0.07694925503881679,,0.7067351313619384,0.04182433638797989,0.17050716199747962,-0.7402197662332907,0.6242003454767265,0.0,0.46263402036098755
2020-05-18,0.0,1.0,0.0,Neutral,0.03175195715466884,-0.028078874518376255,,0.692944799544404,0.02966181383659905,0.029028162890892127,-0.5843747458599513,1.106803481525874,0.0,0.5701498234731087
2020-05-25,0.0,1.0,0.0,Neutral,0.1051833854935606,0.13330749268168857,,0.6870019943070447,0.008039380041576227,0.10677132004068982,-1.1179705883228468,0.7060086069162328,0.0,0.07038039751923283
2020-06-01,0.0,1.0,0.0,Neutral,0.06968019867671899,0.0656591137617147,,0.683735315014712,-0.012889582718190296,0.24783698696384376,0.12668609305775053,-0.008119874089950173,0.0,0.4078696821511497
2020-06-08,0.0,1.0,0.0,Neutral,0.06887777819658078,-0.04117876054432915,,0.6882596286339554,-0.01847550272798304,0.12970897138069784,-0.4706123355982938,-0.7157150768893471,0.0,0.9799837998168007
2020-06-15,0.0,1.0,0.0,Neutral,0.05767306069334779,0.00435247441064274,,0.6904281463082188,-0.002516653236185218,0.16214032030971684,-0.46364975837682126,-0.8754142254657062,0.0,0.5124596697589788
2020-06-22,0.0,1.0,0.0,Neutral,0.05983886760550633,-0.04357722114809367,,0.692646228067412,0.005644233760367379,-0.014744393520065388,-0.6402682604848566,-0.3571563921852992,0.0,0.6486449880653788
2020-06-29,0.0,1.0,0.0,Neutral,0.1477406726956403,0.059848397725517276,,0.6853273950862762,0.0015920800715641947,-0.02055510955626281,-0.5838632230219961,-0.0700068044378727,0.0,-0.05130837209066426
2020-07-06,0.0,1.0,0.0,Neutral,0.17738510488371417,0.22018918159930087,,0.655702143635192,-0.03255748499876343,0.24081283258736721,0.9863907844163624,-0.17834967769235377,0.0,-0.061395768181467476
2020-07-13,0.0,1.0,0.0,Neutral,0.11140974283142663,0.017255368929401393,,0.6500470064051106,-0.04038113990310821,0.2537157271061259,1.4549418350010344,-1.3139193049415143,0.0,0.9497795667749295
2020-07-20,0.9999262488927849,7.375110721530221e-05,0.0,RiskOff,0.10969814039233834,0.050723600249489985,,0.6430650876703887,-0.04958114039702333,0.3480165485037095,0.27320693669853935,-1.5969642768866514,0.0,0.9637000106719046
2020-07-27,0.9998852630675351,0.00011473693246501678,0.0,RiskOff,0.12266130676190651,0.09623290605828087,,0.6338297715132002,-0.05149762357307597,0.38440105683647313,0.2234390798280373,-1.8572913079402926,0.0,1.29127358688327
2020-08-03,0.9999086074631044,9.139253689558637e-05,0.0,RiskOff,0.18151980108401344,0.1538363574886085,,0.6247450975294493,-0.03095704610574268,0.31804823272578076,0.44173789101028466,-1.8629413293558088,0.0,1.3799231726146168
2020-08-10,0.9999998662704769,1.3372952310841893e-07,0.0,RiskOff,0.17685904860140797,0.14057239480696118,,0.5979544243088938,-0.05209258209621681,0.4413652586033405,1.427642725423856,-1.0586762587076866,0.0,1.0750622389645792
2020-08-17,0.999999579607536,4.203924638122845e-07,0.0,RiskOff,0.11704167480640298,-0.06474349730372539,,0.6088794715145905,-0.03418561615579818,0.32589816105012515,1.291121827203079,-1.763913325850286,0.0,1.4933166196786845
2020-08-24,0.9959385142885252,0.004061485711474574,0.0,RiskOff,0.1455166061307783,0.026251702482747757,,0.59943124312948,-0.03439852838372015,0.25591695747459203,0.24453300940947864,-1.0689814319955948,0.0,1.0043616967156073
2020-08-31,0.9998878102298839,0.00011218977011613737,0.0,RiskOff,0.10623862865683051,-0.2079444605224362,,0.6160167197305124,-0.00872837779893687,-0.10586386053645269,0.7117362847255612,-1.040089663203618,0.0,0.7023750340422539
2020-09-07,0.9976163882946061,0.0023836117053939597,0.0,RiskOff,0.08213721869164997,0.03222853775919774,,0.6117443533417429,0.013789929032849146,-0.21420771758421614,0.01684524482463226,-0.03510532486176646,0.0,-0.731908065417908
2020-09-14,0.9390125459941253,0.06098745400587479,0.0,RiskOff,0.07981705382759684,-0.0514288030313052,,0.6231783122042054,0.014298840689614845,-0.20089302331179593,-0.3941155404734533,0.8598873034919201,0.0,-1.1473456363501358
2020-09-21,0.9481101677859513,0.05188983221404883,0.0,RiskOff,0.07321436477138932,-0.022795797025113234,,0.6208351612483183,0.02140391811883824,-0.24994052281965692,-0.4268039413933513,0.8637565309210764,0.0,-1.0778130308576115
2020-09-28,0.9452411439010173,0.054758856098982525,0.0,RiskOff,0.08857832768907252,-0.036892910006343566,,0.6240297682086721,0.008013048478159646,-0.07888897230356429,-0.5459528469594648,1.0982109386326153,0.0,-1.2550023535796075
2020-10-05,0.9751387204308488,0.02486127956915126,0.0,RiskOff,0.06644523155345054,0.04139905609872667,,0.6272398048191081,0.015495451477365196,-0.06971845396403535,-0.28074644255251585,0.5514394037211984,0.0,-0.6036398420260074
2020-10-12,0.9902431651927447,0.00975683480725525,0.0,RiskOff,0.048633507997124514,-0.025448485821589092,,0.6107630488755027,-0.012415263328702686,-0.04373813675431926,-0.6639959972270618,0.8144254960782783,0.0,-0.5690589617775789
2020-10-19,0.9999999999995721,8.969934711826929e-33,4.279176990731682e-13,RiskOff,0.09245421893207628,0.01787724734517372,,0.6262482051631245,0.005413043914806237,-0.003065092384032301,-0.953593612179709,-0.3229252104617018,0.0,-0.468412529345641
2020-10-26,1.0,2.1282771829173483e-30,1.7115544128716548e-22,RiskOff,0.0684136732515115,-0.07979390822184346,,0.6527142654637949,0.028684497255122787,-0.04596609059953219,-0.1615174729727189,0.39678811806952385,0.0,-0.2934706662958367
2020-11-02,1.0,1.8378542045496172e-79,5.710560770762539e-40,RiskOff,0.161969860254598,0.08761796971455814,,0.6611909360440366,0.03395113122492843,0.0002528230162992806,-0.5767652021740508,1.3019551620996377,0.0,-0.44119240693285167
2020-11-09,1.0,8.03654197711251e-17,3.2296534182741604e-45,RiskOff,0.09826075540429965,0.027864687381590605,,0.6684357235641799,0.057672674688677206,0.05356599621947898,1.1024180757839293,1.4583040118330073,0.0,-0.24589746340966154
2020-11-16,1.0,1.3004081841133122e-113,6.245947737894857e-68,RiskOff,0.15319379556871368,0.17565402513174525,,0.6425849628238844,0.016336757660759926,0.2113427740060505,-0.04693529877491317,2.226894346370206,0.0,-0.029891078238373794
2020-11-23,1.0,2.264901164870667e-22,2.124329303787801e-27,RiskOff,0.18258064333099838,0.05411618181013109,,0.6092114431337532,-0.04350282233004166,0.3452528640380251,0.9086148554415854,0.6697474482148579,0.0,0.5653917816715879
2020-11-30,0.841554599443693,0.1584441783739526,1.2221823530915121e-06,RiskOff,0.09468008916052204,0.03305479008600292,,0.6202545534211447,-0.0409363826228919,0.29068968440946985,1.4093921531113691,-1.4952399965929524,0.0,1.0531086019938734
2020-12-07,0.9140128904862314,6.712817217648255e-14,0.08598710951370211,RiskOff,0.08096372535916058,-0.03523367674219924,,0.6341127367081308,-0.034322986856049065,0.22759132028568,-0.17113090911823373,-1.3520078210556514,0.0,0.8070943992428842
2020-12-14,0.9999999949771095,1.9093977138657678e-20,5.022891637297079e-09,RiskOff,0.12101540990340491,0.09325869070570393,,0.6634732734347448,0.020888310610860383,0.14519598585963867,-0.41271372823009167,-1.0809237090997401,0.0,0.5326001379994069
2020-12-21,1.0,2.901654110398737e-41,3.2619666001689946e-31,RiskOff,0.18127562255812135,-0.03024561131368871,,0.7170560176545991,0.10784457452084595,0.06083419273581889,0.2996468956459949,0.8609957020453436,0.0,0.19651357466332667
2020-12-28,1.0,2.61273455412877e-77,2.8363097255467574e-117,RiskOff,0.31900059283501697,0.2301712811809015,,0.7203392755751373,0.10008472215399267,0.25795068383071745,1.3236133409005462,3.4229299452346877,0.0,-0.15255399422255583
2021-01-04,0.00021688764851939153,0.9997831123514812,2.6946468695220304e-95,Neutral,0.2849610078587578,0.2718945818298324,,0.6957098246618801,0.0615970879537493,0.5650789424027491,3.2665084877791064,2.882657117463329,0.0,0.6077778026426138
2021-01-11,1.0,2.2577168976064232e-20,3.843759945414896e-41,RiskOff,0.2939797170681443,0.15861534721469975,,0.6700660632475515,0.006592789812806643,0.6304355989117449,2.5031147762030885,1.717394938739678,0.0,1.743268696199362
2021-01-18,0.0,4.014855881476309e-76,1.0,RiskOn,0.16143201128016907,0.02379450489006355,,0.6332588120025535,-0.08379720565204563,0.6844757151154972,2.454876753446069,0.16837865112483996,0.0,1.8972470700046014
2021-01-25,1.7404239510961438e-20,2.347852533198049e-66,1.0,RiskOn,0.6269308789967509,0.152044699354174,,0.6251221297250411,-0.09521714585009622,0.6063491332887696,0.5884140667400272,-2.2131227694117563,0.0,1.9898049749617248
2021-02-01,0.0,7.046602252436028e-186,1.0,RiskOn,0.3110399468588406,0.32165516783017456,,0.6179602891633742,-0.07774953549850594,0.6561097192891118,4.9644826851225945,-2.3447338937479847,0.0,1.6547697296458483
2021-02-08,4.4623933213145927e-190,1.3459290436407177e-82,1.0,RiskOn,0.294932200417355,0.45478339318412786,,0.6117585079237905,-0.05830755532376097,0.9522777652585399,1.731949047377676,-1.8360418200793844,0.0,1.7871546350114809
2021-02-15,0.0,6.4864054953363835e-78,1.0,RiskOn,0.2664603577048233,0.1507118408720047,,0.6246645720736819,-0.00859423992887165,1.079195101240481,1.64208523033732,-1.336995742777659,0.0,2.6031461706848606
2021-02-22,0.0,6.87076671597196e-61,1.0,RiskOn,0.15147276540332696,-0.19888480433922603,,0.626173068176183,0.0010509384511419029,0.728265597547081,1.3028035111516332,-0.14479640150191206,0.0,2.7564898423280564
2021-03-01,4.3034445865609677e-190,2.2783736214623758e-40,1.0,RiskOn,0.2848190619664578,0.21656599679812485,,0.6238744048429142,0.005914115679540033,0.6231764265150312,0.15291639768440968,0.08310554159742048,0.0,1.6185650900574031
2021-03-08,0.0,3.3505120368673416e-53,1.0,RiskOn,0.7828170169855534,0.269872299018663,,0.6451310191904646,0.033372511266674065,0.43826533234956644,1.4156384783440779,0.20230530821787293,0.0,1.2590306417290174
2021-03-15,0.0,2.791783634233122e-119,1.0,RiskOn,0.16556814992561866,0.05915959827697807,,0.6303655933453813,0.005701021271699469,0.3467130897545398,4.632016215864208,0.8674699486633403,0.0,0.6966278328259873
2021-03-22,3.224349377899525e-58,7.890983787297832e-36,1.0,RiskOn,0.17349062320276576,0.016380228025577943,,0.6258810413923682,-0.00029202678381479164,0.5619781221193437,0.09104451964683956,0.21262716045432764,0.0,0.38137911570938615
2021-03-29,7.159126144799984e-109,2.031418384933327e-38,1.0,RiskOn,0.2452377484114079,0.1794310452358852,,0.5930900080423184,-0.03078439680059586,0.5248431705571042,0.1323868373772259,0.07396767477316246,0.0,1.0682859750694387
2021-04-05,3.649596994400161e-64,2.2475733357452834e-46,1.0,RiskOn,0.2755667436325606,0.18213420452133727,,0.5560445176234934,-0.08908650156697118,0.43710507605977844,0.6361482541738668,-0.6584155458415943,0.0,0.90739186661092
2021-04-12,2.054079682288514e-37,5.1881130783199675e-62,1.0,RiskOn,0.6429997452474588,0.18261068094904784,,0.5266441511350565,-0.10372144221032487,0.5605561587318482,0.8328571033711356,-1.977889063076627,0.0,0.5883851021436776
2021-04-19,0.0002734805969121684,8.004102034040131e-08,0.9997264393620661,RiskOn,0.1856997221157257,-0.14432090897396385,,0.5205326634737794,-0.10534837791858886,0.3998550217323064,3.120476369420587,-2.1797082238320447,0.0,0.9869949287486713
2021-04-26,0.4441898226148696,0.5558101744602937,2.9248370204241348e-09,Neutral,0.14515094151252242,0.29533517261911674,,0.49054837559530057,-0.1025416324470178,0.515759149115538,0.06779835853577237,-2.0818116708604637,0.0,0.4343572416285418
2021-05-03,0.9449243197090084,0.014219874513136554,0.040855805777858176,RiskOff,0.3349866364302429,0.1647626297784888,,0.4559135499935931,-0.10013096762990026,0.49838757437268943,-0.2123068583325105,-1.9071663933781267,0.0,0.8113831135347879
2021-05-10,0.9140630802452071,0.08296876771194212,0.002968152042850484,RiskOff,0.1461893195550903,-0.09081119984255694,,0.3949700511045524,-0.13167410003050406,0.22496569358108465,1.0189328343807196,-1.7601796702668426,0.0,0.7268047479908708
2021-05-17,0.865859532998686,0.1325705390720101,0.00156992792930544,RiskOff,0.08002200822414399,-0.4769233896340436,,0.4717891397565771,-0.04874352371720225,-0.1076367870789951,-0.25192817351649316,-2.2426325277421353,0.0,-0.20390999161579598
2021-05-24,0.9983710105298172,0.001611680324985504,1.7309145194546127e-05,RiskOff,0.15024230204171554,0.15307471678592177,,0.4514111813105054,-0.039137194284795174,-0.24989724291219007,-0.7057164699513284,-0.5942807072777111,0.0,-1.310768467002301
2021-05-31,0.9980638507258439,0.0019360575806540636,9.169349893042361e-08,RiskOff,0.11183285150165508,0.09687052805963703,,0.42752896606467056,-0.02838458392892257,-0.3177893446310418,-0.23864029014281105,-0.38815698398117354,0.0,-1.7188332280564769
2021-06-07,0.9987705758562868,0.0012293757819850561,4.83617295311243e-08,RiskOff,0.08330342716439598,-0.10023094862839489,,0.4751246649984648,0.08015461389391237,-0.32720909341687976,-0.5055188710978517,-0.17072181234957293,0.0,-1.839882285829926
2021-06-14,0.9992860830003384,0.0007131452529545215,7.717467055120636e-07,RiskOff,0.0637931768970211,-0.08586391004604513,,0.48090287642798385,0.009113736671406747,0.06385038617111873,-0.7019149458127302,1.8593549409431112,0.0,-1.7854676805586154
2021-06-21,0.9999317094797056,6.705412516358186e-05,1.2363951316395638e-06,RiskOff,0.07401120470250683,-0.1457740912041579,,0.5085270300288197,0.05711584871831432,-0.23499842181896097,-0.8358193410018324,0.5058833880983081,0.0,-0.580771131802273
2021-06-28,0.999739762567274,0.00026020310753011386,3.432519247419016e-08,RiskOff,0.10693069805934625,0.12214316744243348,,0.4867760150839281,0.059247049019257536,-0.20972578243616452,-0.7694042817660298,1.3727403991322837,0.0,-1.458596508699687
2021-07-05,0.9991914313391892,0.0008083141213254084,2.545394818423831e-07,RiskOff,0.1333767321122315,-0.020886316566007306,,0.49580687512652666,0.020682210128061873,-0.13038115037377693,-0.5387733612610179,1.3671009049961578,0.0,-1.3551854074923957
2021-07-12,0.9988681322076697,0.0011313509187586954,5.16873572317408e-07,RiskOff,0.05796928062174696,-0.1350792035811722,,0.5079125954352459,0.027009719007262067,-0.179596443908904,-0.3529561107540126,0.6408911281816082,0.0,-1.0850892707028879
2021-07-19,0.9999256595090369,7.408088586764127e-05,2.5960509552231686e-07,RiskOff,0.0997255808165082,0.09879352336215194,,0.5082900301937326,-0.00023699983508707057,0.06497117065740585,-0.8534720588883818,0.7303584912021404,0.0,-1.1880816655092683
2021-07-26,0.9997482000021548,0.00025156865621014354,2.313416366193875e-07,RiskOff,0.11909310378806956,0.10476761521284102,,0.5057300755764514,0.01895406049252335,0.04759561842781339,-0.5698360836209414,0.21865947176100728,0.0,-0.46360502983448665
2021-08-02,0.9995824244014189,0.0004165906713966275,9.849271853656897e-07,RiskOff,0.09057254830296069,0.10169735646752133,,0.4979801868461425,0.0021733117196158225,0.17017929146134203,-0.43860854525507187,0.545357560988421,0.0,-0.49497130326171307
2021-08-09,0.9998697742473817,0.00012641723235787126,3.8085202575702854e-06,RiskOff,0.14667747495050457,0.2394263574486492,,0.46366157271384273,-0.04425102272140319,0.5446848524911634,-0.6168469878742097,0.22697830527906337,0.0,-0.13231041453429662
2021-08-16,0.9993376450429517,0.0006531288507720694,9.226106275755246e-06,RiskOff,0.27056320216227125,0.10179270352116258,,0.46854461094369126,-0.03974541925004138,0.5476840326501741,-0.23578593851143387,-0.626812799083185,0.0,0.941347216923375
2021-08-23,0.9299219182766243,0.0698786633241059,0.00019941839926793353,RiskOff,0.10206391042703601,-0.0003971796838704137,,0.4671826504623637,-0.03854742511408776,0.44251923775346264,0.5756385129721338,-0.5416814361468536,0.0,0.9304511364936902
2021-08-30,0.9966353934435006,0.00015349022852056952,0.0032111163279779586,RiskOff,0.15455177969589573,0.18826555810567197,,0.4391401958772266,-0.0588399909689159,0.5290874393916133,-0.5475953190473768,-0.5178974447836445,0.0,0.6173013397377302
2021-09-06,0.9986549809158637,0.0013365138946346356,8.505189498250744e-06,RiskOff,0.2517140925704447,-0.030453388377860956,,0.4370122285845472,-0.026649344129295538,0.25920769356510315,-0.20306079662383236,-0.8652651130974776,0.0,0.8307400960776171
2021-09-13,0.9669493183373941,0.03298957196340896,6.110969919880117e-05,RiskOff,0.09374198637424408,-0.018710781965151264,,0.45346635991323403,-0.015078251030457235,0.13870420807878928,0.4279644016041781,-0.26651022239608263,0.0,0.035271345031243864
2021-09-20,0.9996584162942102,0.00021155920269769104,0.00013002450309149033,RiskOff,0.07442936758421545,-0.1341229795067258,,0.45974023455675267,-0.007442415905611011,0.004978408255933903,-0.637226052276207,-0.04577197556020052,0.0,-0.338782893416851
2021-09-27,0.9998475919496409,0.00015218779252448473,2.2025783308770345e-07,RiskOff,0.07019450124003677,0.11128773406435968,,0.45734928362355803,0.018209087746331454,-0.07199941578537838,-0.7675467332519526,0.10400179473976424,0.0,-0.7602107778834694
2021-10-04,0.9999024676860621,9.744017567596057e-05,9.213826304627496e-08,RiskOff,0.3755482396271128,0.055123234216685975,,0.4902868878819902,0.05327465929744302,0.013577206809168546,-0.7922815665565226,0.5690207497348083,0.0,-0.9918484939934749
2021-10-11,0.1312423988060956,0.8686475089956716,0.00011009219823025803,Neutral,0.0689671622934227,0.046230227409561814,,0.5023672089862113,0.048900849072977315,0.07851821618388162,1.2109645818680386,1.182909557304524,0.0,-0.7430729388099976
2021-10-18,0.9564101569203092,2.663827021660188e-05,0.04356320480947458,RiskOff,0.09056781576801427,0.05491363997461766,,0.48659116007954595,0.02685092552279328,0.2675548356652251,-0.8383001792000102,1.0701228799224893,0.0,-0.5574737429357896
2021-10-25,0.9952392327876901,0.004689750987111304,7.101622519852235e-05,RiskOff,0.16395061031291858,0.03981622908139441,,0.47763183065918974,0.020282547035631704,0.1960833306822598,-0.6935342217103008,0.6665790545683079,0.0,-0.0006759842557030739
2021-11-01,0.9129075069914636,0.08704933498732807,4.3158021208153075e-05,RiskOff,0.10874186144677858,0.05970170990715359,,0.4641169626677799,-0.0261699252142103,0.2006618063727274,-0.21675541905103474,0.5535912123188964,0.0,-0.23478720587269944
2021-11-08,0.8760841817316863,0.12357557179693923,0.00034024647137419087,RiskOff,0.1009573249144101,0.04113438615614653,,0.47198727691603526,-0.030379932070176086,0.19556596511931212,-0.5797056787482601,-0.2553694204016346,0.0,-0.2340769886992506
2021-11-15,0.8749378745322123,0.12461030942106889,0.0004518160467198868,RiskOff,0.10807764259230068,-0.08850881582150949,,0.46716254258022016,-0.019428617499325784,0.052143509323184956,-0.6324292883580419,-0.304998633233489,0.0,-0.2593639593753451
2021-11-22,0.9730666641505722,0.02687839888797117,5.49369614569649e-05,RiskOff,0.06086585781713116,-0.07683740386146656,,0.47347545692786397,-0.004156373731325769,-0.06451012361967601,-0.5773473644686923,-0.09345375009125573,0.0,-0.69257012168499
2021-11-29,0.9982989890096818,0.0016984143900535696,2.596600266265033e-06,RiskOff,0.096534371279074,-0.15324164436083898,,0.4607064765771732,-0.0034104860906067347,-0.2774534778876686,-0.8710913060395478,0.1719117868559778,0.0,-1.0188957674403063
2021-12-06,0.9992167914841588,0.000783199180093852,9.33574813583652e-09,RiskOff,0.09805407178344511,0.004660476753006025,,0.4663444380988143,-0.005642838817220941,-0.31392738729080905,-0.6344600120841365,0.17273793219106615,0.0,-1.595639178386666
2021-12-13,0.9991022914353211,0.0008977047541370542,3.8105406949234745e-09,RiskOff,0.09779847219242403,-0.059432739450382945,,0.46072929056432443,-0.00643325201589573,-0.2848513109196825,-0.6274999792527668,0.1218568232932181,0.0,-1.6285772650958736
2021-12-20,0.9987725759828201,0.001227415888073582,8.129106080860899e-09,RiskOff,0.15986991632935466,0.15621773858006704,,0.46008925977030063,-0.01338619715756334,-0.05179616847814894,-0.6251880274676661,0.11741039922920508,0.0,-1.4873933354534679
2021-12-27,0.9287668642319613,0.07123224333648279,8.924315546624367e-07,RiskOff,0.04581756523503537,-0.0375588982086277,,0.4559606006394717,-0.0047458759377014825,0.06388657767406233,-0.20999024178883366,0.033954884891394,0.0,-0.8154562232991381
2022-01-03,0.9962061030600186,0.0037338945367818258,6.000240319876807e-05,RiskOff,0.11612695508488056,-0.10912751308854367,,0.4653758746136032,-0.0009685634852111269,-0.04990141216748734,-0.9311100066616619,0.2537120489309737,0.0,-0.47638490602894895
2022-01-10,0.9937094298123347,0.006289582912455521,9.872752095468282e-07,RiskOff,0.11100660134443122,0.06491457634997862,,0.45528257289548113,-0.005446717668843304,0.07444590363287422,-0.444394505556714,0.3646819885985508,0.0,-0.766627686564685
2022-01-17,0.978784253832906,0.021207232261352266,8.513905742297481e-06,RiskOff,0.06422132680724063,-0.27637282542948427,,0.48628330669768466,0.02619404692738403,-0.3581446603766771,-0.45658081328735034,0.27615181368755204,0.0,-0.3888001675701834
2022-01-24,0.46024215601501545,0.5392358000370536,0.0005220439479287191,Neutral,0.05939635059806834,-0.03719919242278003,,0.5000040521008271,0.04404345146135541,-0.35778495459082943,-0.7519425440028563,0.9064950894207459,0.0,-1.5619937482065371
2022-01-31,0.4085128199736186,0.5905416803070959,0.000945499719288736,Neutral,0.10306257119303286,0.1824174812183471,,0.490655356360061,0.025279481746457833,-0.06623996028393864,-0.7798236816831076,1.2449900331402426,0.0,-1.495233477015161
2022-02-07,0.4933218287925193,0.5027629719546688,0.003915199252811837,Neutral,0.08564173473818315,-0.07050281260222345,,0.5025108877993991,0.04722831490391799,-0.2016573492361407,-0.4373844235489321,0.8086556307778695,0.0,-0.6418379730492229
2022-02-14,0.3426285287348346,0.6544746775826149,0.0028967936825499007,Neutral,0.04107593014806865,-0.07712106269596818,,0.49838233084026223,0.012099024142577575,-0.002405586502624596,-0.5391890765137785,1.236561256359839,0.0,-1.010544258663282
2022-02-21,0.6421693864855468,0.35204243108811983,0.005788182426333652,RiskOff,0.051141395608179784,-0.055142161706093665,,0.5019270456608568,0.0019229935600296733,-0.02034855578593823,-0.8357094469174108,0.464961140424213,0.0,-0.3821633192544559
2022-02-28,0.3545905171822689,0.6427190011005565,0.0026904817171736995,Neutral,0.07955657705882893,0.0017556903166376075,,0.5096252505684172,0.01896989420835621,-0.20101034668764772,-0.7430649329833877,0.24433218512802413,0.0,-0.4099023955313747
2022-03-07,0.5929603380958915,0.4053912693478477,0.001648392556261047,RiskOff,0.09439356516139633,-0.009333863063815206,,0.510698181651407,0.008187293852007893,-0.13984139714923946,-0.5090942192622832,0.6062466817027545,0.0,-0.9927174140071544
2022-03-14,0.3559520645894495,0.6424952060554866,0.0015527293550626341,Neutral,0.09403908012211175,0.11814871835272112,,0.5048739848483131,0.006491654008050907,0.05542838389944982,-0.40216630926859764,0.386643381285896,0.0,-0.7484963303722555
2022-03-21,0.5974990957513712,0.39408588950435336,0.008415014744276972,RiskOff,0.10057228288450126,0.20052553022161365,,0.5001191574734963,-0.0018078881873604402,0.31109607582715715,-0.3918545391208437,0.34941492496787774,0.0,-0.043192980001353465
2022-03-28,0.4180991452582142,0.5544272316923956,0.02747362304938919,Neutral,0.11015779671050803,0.06430812116463965,,0.48276576331103077,-0.02685948725738646,0.3736485066751592,-0.3138912377375893,0.16968400123016406,0.0,0.9014683998953342
2022-04-04,0.5519637798028352,0.38925962971240946,0.05877659048475439,RiskOff,0.06265431003441961,-0.14303869830736626,,0.48826323594155047,-0.022434945709856546,0.2399436714316081,-0.19623326501064006,-0.3767651889473837,0.0,1.1567820017260446
2022-04-11,0.4491305468968403,0.5214151949762439,0.02945425812691582,Neutral,0.039271965854462715,-0.06283944500798129,,0.48806374997459906,-0.01681023487371408,0.0589555080709057,-0.6401574183341946,-0.317748192112971,0.0,0.688049190210447
2022-04-18,0.5977305629195891,0.3560243383667864,0.04624509871362306,RiskOff,0.05438828790774726,-0.015865847397631125,,0.494132470577174,-0.005986686896322313,-0.1574358695483391,-1.1190156734172183,-0.2402742274791997,0.0,0.04860232969264974
2022-04-25,0.9998078163868526,0.00019205685703028007,1.2675611697132378e-07,RiskOff,0.07264032553672665,-0.12052724046372817,,0.506162034466799,0.0233962711557682,-0.3422712311767069,-0.8588628046477361,-0.032637127713721695,0.0,-0.7601517966883334
2022-05-02,0.9996468132297271,0.0003530374721032923,1.4929816991732125e-07,RiskOff,0.09464209928126704,-0.08418570501093822,,0.5008662287784391,0.012602992836888649,-0.28341823788027887,-0.5636051735923265,0.676486399453924,0.0,-1.4451084764396604
2022-05-09,0.9981051340916459,0.001894019503177768,8.464051764417842e-07,RiskOff,0.07940614455832365,-0.20870662256754455,,0.5282312031388495,0.040167453164250466,-0.4292854154398421,-0.18677272714382018,0.35897486564787884,0.0,-1.1776997828284408
2022-05-16,0.9993445298350219,0.0006542413412843457,1.2288236932307928e-06,RiskOff,0.05074466808961091,-0.0548727407278895,,0.5338731359299382,0.039740665352764215,-0.4682923087701005,-0.42604162992064837,1.211326135066668,0.0,-1.6875464836975214
2022-05-23,0.9999167929576244,8.291880992232069e-05,2.8823245314497534e-07,RiskOff,0.06091176535370918,-0.07621618707062378,,0.5511941236614315,0.04503208919463253,-0.4239812553769961,-0.9009639019896925,1.1602442373273771,0.0,-1.7616807878602379
2022-05-30,0.9998303858396619,0.00016954386301918175,7.029731818955826e-08,RiskOff,0.06532214068817963,0.005574374797630797,,0.5561790021204283,0.05531277334198914,-0.33422117556842706,-0.6998782522741054,1.2892205425054593,0.0,-1.5509124673475887
2022-06-06,0.999721507772282,0.0002777165490462639,7.756786719711375e-07,RiskOff,0.06081675376027654,-0.19481947305022335,,0.5791668663852669,0.050935663246417406,-0.32033402605110584,-0.6074918065159919,1.5621431116911666,0.0,-1.2044873419341375
2022-06-13,0.9998347724646439,0.00016400117171905525,1.2263636367862757e-06,RiskOff,0.11142648820642016,-0.08824017394603388,,0.5500429525533327,0.01616981662339445,-0.35370145926925023,-0.6741240241294078,1.490837776017785,0.0,-1.1526212145559207
2022-06-20,0.9913374095248185,0.008661418277327127,1.172197854854531e-06,RiskOff,0.09289337440921873,0.09237149283383245,,0.535549919753017,-0.015644203908414478,-0.185113779364794,0.16644369030250813,0.2902561208662426,0.0,-1.231634196706329
2022-06-27,0.9854632577864598,0.01424888474615318,0.0002878574673864503,RiskOff,0.04020500942111765,-0.08704955664266502,,0.5392734714991754,-0.016905530621252884,-0.2777377108050898,-0.15441940209550026,-0.7729949952326641,0.0,-0.6014356697713326
2022-07-04,0.9948846171058774,0.004212334571388247,0.0009030483227349474,RiskOff,0.10158155425935578,0.07847551596192977,,0.542380396044801,-0.03678647034046589,-0.004442721792936713,-1.017555288988294,-0.7889052469882262,0.0,-0.9425678610398819
2022-07-11,0.8724327030417852,0.1258181605913205,0.0017491363668951435,RiskOff,0.07702926968061008,0.04431229616471808,,0.5217099681706312,-0.028332984382701487,0.12810974831781524,0.025275502580002232,-1.443284998151366,0.0,0.07678245818103745
2022-07-18,0.9808271775170266,0.003274136695438854,0.015898685787535186,RiskOff,0.07864690966459495,0.08133931621917519,,0.5134397735821957,-0.0221101461708213,0.117077571703158,-0.39656043994850704,-1.0985933821506442,0.0,0.5541591113135818
2022-07-25,0.9996245993681893,0.0003653480801567771,1.0052551655345294e-05,RiskOff,0.14503986229135696,0.09291146528404703,,0.5062614668698334,-0.03301200462934195,0.29703859362987006,-0.3618331716889702,-0.8570640180982743,0.0,0.5079897456424424
2022-08-01,0.8016758830100127,0.1980222063927977,0.0003019105971895384,RiskOff,0.07689418247398276,0.059526660835084365,,0.4966956432012586,-0.04568475284354245,0.27808973850302465,0.7489677571622888,-1.1920489646935493,0.0,1.1523273481118153
2022-08-08,0.9758500141281863,0.0007939417695595641,0.023356044102254996,RiskOff,0.10080822077483252,0.05401040399518503,,0.48798121211739404,-0.03372875605323716,0.2877878463334916,-0.393147763746648,-1.561226443890567,0.0,1.0668770883207892
2022-08-15,0.9969210459036569,0.0030103355964872626,6.861849985428134e-05,RiskOff,0.05883388695019875,-0.14266203030007796,,0.49693131462639417,-0.016508458955801553,0.06378649981423845,0.023842925087240816,-1.1736478783884035,0.0,1.1554707973973335
2022-08-22,0.999897514512954,5.0460912309509745e-05,5.20245747352016e-05,RiskOff,0.07795557023628524,-0.07594883065756841,,0.5004488208570457,-0.005812646012787748,-0.105073796127377,-0.6734442493257023,-0.6088623995891703,0.0,0.35506162224641685
2022-08-29,0.9995820962308916,0.00041774261252445507,1.6115658414420222e-07,RiskOff,0.07303782922586478,0.066248244279201,,0.48658465433699966,-0.01011098886425893,-0.09835221268326037,-0.3117601898668438,-0.26363854045610563,0.0,-0.28606275645503726
2022-09-05,0.9996130888420373,0.00038568636061493027,1.2247973469829322e-06,RiskOff,0.05976382280874598,0.062391437178576516,,0.4855482992297396,-0.0024329128876544592,-0.08997117949986888,-0.377601310543355,-0.4702252449792341,0.0,-0.2207269569587339
2022-09-12,0.9999329578304432,6.562633957629475e-05,1.4158299821825532e-06,RiskOff,0.08003451158891768,-0.13040850106902688,,0.5029423120448457,0.006010997418451569,-0.0777176502688178,-0.6098471272683994,-0.20502782654867102,0.0,-0.15754825139188008
2022-09-19,0.9994966503575902,0.0005028412889309525,5.083534780223208e-07,RiskOff,0.10287739639570982,0.031234051178555114,,0.4861027528308175,-0.014346068026228176,0.029465231567305725,-0.19013440982679727,0.09702009118784116,0.0,-0.08508838615502809
2022-09-26,0.9893408788428142,0.010637229978529276,2.189117865366065e-05,RiskOff,0.1313278788900391,-0.0031095982100277394,,0.4940302982733726,0.007445643936372925,-0.039892610921923005,0.2654503140123275,-0.6634567848046874,0.0,0.3932556304877498
2022-10-03,0.5863924021239428,0.40618773482599796,0.007419863050057399,RiskOff,0.05378402127269556,0.0348061366588516,,0.4879309169710711,0.0023826177413315275,-0.06747791144164791,0.8186227395297083,0.16392417299811723,0.0,0.07962521133025463
2022-10-10,0.9901755107061885,2.3999545231954992e-06,0.009822089339288619,RiskOff,0.07354293817305554,-0.050422601247758665,,0.4974443706683323,-0.005497941376513438,0.012507988379620298,-1.0854078038195327,0.010331828579124716,0.0,-0.03705976160865096
2022-10-17,0.9998641845511348,0.0001355875695284132,2.2787933414831276e-07,RiskOff,0.04586994776429513,0.005801726205997208,,0.49527343936661894,0.009170686535801442,-0.012924336592937607,-0.39929329170422234,-0.2659257296904532,0.0,0.3283856213849427
2022-10-24,0.9999969991075993,1.0650637751802095e-07,2.894386020405439e-06,RiskOff,0.16563988359907234,0.08011810936927365,,0.47876256944851553,-0.015267728824857052,0.07030337098636377,-1.3139819375570934,0.3448959517602265,0.0,0.24345543422197757
2022-10-31,0.09916465399770821,0.20463634356496488,0.6961990024373276,RiskOn,0.0639266510137062,0.017631786891622307,,0.47983630914987974,-0.008094607821191369,0.053129021219134494,2.7922060643015505,-0.6275744190386833,0.0,0.6439553158104218
2022-11-07,0.9945326826188143,0.00040409845895092054,0.0050632189222348314,RiskOff,0.08725137834610397,-0.2592353677111959,,0.48656560252902636,-0.010878768139305939,-0.15568374524430273,-0.6646455417809595,-0.35155591264913916,0.0,0.5845655453415408
2022-11-14,0.9978252644752638,0.002173695583900141,1.039940834194248e-06,RiskOff,0.05250684696930014,-0.0326523195463642,,0.49626802860723385,0.000994589240614907,-0.19413779099666412,0.14616999099515032,-0.4892079707235321,0.0,-0.37133170966046836
2022-11-21,0.9999865016919117,1.195945424940535e-05,1.5388538391601184e-06,RiskOff,0.07708643246318737,0.07072230155633097,,0.47939167386457093,0.0006291044160554038,-0.2035335988096068,-1.011849278587145,-0.0071703512612175035,0.0,-0.5328230848172325
2022-11-28,0.9994769278811011,0.0005230514771678018,2.0641734471309436e-08,RiskOff,0.049697391978762724,0.03783452390974905,,0.481846668506766,0.00201035935688626,-0.1833308617914801,-0.17853154731183665,-0.026535006013576785,0.0,-0.5631919232511562
2022-12-05,0.9999927747218365,6.73323323331898e-06,4.920449305889288e-07,RiskOff,0.12168417376079355,-0.019936812434519394,,0.4888194374682171,0.0022538349391907353,0.055967693485196396,-1.0833246584548788,0.027516010689394226,0.0,-0.478514114924188
2022-12-12,0.5933167210779492,0.40661193892239705,7.133999965252401e-05,RiskOff,0.05512955248822246,-0.10567661325734048,,0.5061935400665835,0.009925511459349612,-0.017056600225779886,1.3441406960645053,0.03142183578911432,0.0,0.6395560040606467
2022-12-19,0.991943031104818,2.9572630804878033e-06,0.008054011632101784,RiskOff,0.045231922311561444,-0.01309162243816182,,0.5072015579107048,0.027809884046133826,-0.10087052422027268,-0.8675612203625536,0.34313428522849104,0.0,0.2642935756493853
2022-12-26,0.999999444336458,3.057074056304387e-07,2.499561388709026e-07,RiskOff,0.04730587722429217,-0.02206945955211167,,0.508330677736089,0.02648400922932298,-0.1607745076821334,-1.1963722016574168,1.0596762976513683,0.0,-0.14000279064642254
2023-01-02,0.9999989792054317,9.721498140737957e-07,4.864475246011061e-08,RiskOff,0.11041130117666852,0.11570699315377204,,0.4952461447010245,0.006426707232807416,-0.02513070209384194,-1.1247853791641254,0.9703155331876424,0.0,-0.41227837589520644
2023-01-09,0.8554890926877673,0.1444990236850554,1.1883627178144752e-05,RiskOff,0.18583818879958514,0.2289977226353102,,0.5021163032365201,-0.0040772368300633355,0.3095436337988087,1.1376868318880424,0.12784734751279003,0.0,0.24879823210303623
2023-01-16,3.3270863211381477e-09,5.825830590437504e-05,0.9999417383670078,RiskOn,0.1205414262383989,0.07173003100983995,,0.511645314432893,0.0044437565221882025,0.39436528724681047,3.3775222799530957,-0.31153277793482304,0.0,1.8107809868235354
2023-01-23,4.3256167748037595e-05,5.5806987003828365e-14,0.9999567438321966,RiskOn,0.06931533461477833,0.062133036135517086,,0.5145184488155761,0.006187771079487092,0.47856778293443925,1.2401257428561245,0.06206513785823481,0.0,2.088542510055872
2023-01-30,0.008656739648301309,2.0000286809344768e-09,0.9913432583516674,RiskOn,0.11122320611954689,0.0035232186685940454,,0.5076760760428205,0.012429931341795986,0.3663840084492612,-0.38288419754830777,0.17131856711698223,0.0,2.3164213477615974
2023-02-06,0.00022601098253386654,1.3055666857531724e-06,0.9997726834507796,RiskOn,0.06430162665053919,-0.05089728834798601,,0.5116130668193557,0.009496763582835577,0.08648899746596501,0.9345028822220987,0.4567113023245367,0.0,1.7255638793798016
2023-02-13,0.9304929806170703,1.9819801608728334e-06,0.06950503740277214,RiskOff,0.22007468035013708,0.14017608043163382,,0.5179182167086348,0.006272902275741843,0.1549350468877589,-0.5299378825393417,0.37456196835100614,0.0,0.4925890338252616
2023-02-20,7.164107276606564e-18,5.912966260626063e-07,0.9999994087033713,RiskOn,0.06461831397775414,-0.04089181226158524,,0.5184243831037044,0.0039059342881283543,0.05191019849065656,3.6912709029126005,0.2333361100857571,0.0,0.7717954623178843
2023-02-27,0.9856918766025551,1.4464971959359887e-09,0.014308121950945937,RiskOff,0.03776970717564969,-0.08885035103253697,,0.5220296059157129,0.014353529872892401,-0.04046337121047445,-0.5545377477834988,0.12361835704076991,0.0,0.321229327924784
2023-03-06,0.9999873564697179,1.2238761118180014e-06,1.1419654171955455e-05,RiskOff,0.050274609773158854,-0.04579273136966694,,0.5191552718246274,0.007542205005271696,-0.03535881423215538,-1.2483270923998273,0.6059027688990191,0.0,-0.09050298066043032
2023-03-13,0.9999987753261163,1.2221278467855296e-06,2.5460364536734166e-09,RiskOff,0.08752216503639514,0.09533790633825069,,0.5533228117369153,0.03540459502828053,-0.0801969883255385,-0.8819663652601675,0.2949806176291328,0.0,-0.07729711275615836
2023-03-20,0.6852133105126328,0.31478668430296003,5.184408790366029e-09,RiskOff,0.06827668654412292,-0.02820448850576414,,0.5510957037749873,0.032671320671282866,-0.0675096645697174,0.11889649952005649,1.5095054700589299,0.0,-0.2608458701044289
2023-03-27,0.9745393869124466,0.025198177974176894,0.0002624351133737419,RiskOff,0.06341193453744819,0.009234055014819153,,0.5466544877419204,0.02462488182620748,0.030574741477638723,-0.38046696261697405,1.3335857338596875,0.0,-0.17773404237172916
2023-04-03,0.9892507659897215,0.010657498472133096,9.173553814422858e-05,RiskOff,0.040700973016659064,0.004643867508317593,,0.5446922041281409,0.025536932303513504,0.08101134035562325,-0.48835604524649506,0.9438707345594933,0.0,0.2960525180935023
2023-04-10,0.996215414884852,0.003539137413289694,0.0002454477018590728,RiskOff,0.08204419829746101,0.09771565098463522,,0.5340995553084477,-0.019223256428467672,0.08338908500200778,-1.0780441788883823,0.9472796827509291,0.0,0.5481715209902015
2023-04-17,0.9999611750886981,3.662537356205795e-05,2.1995377421864258e-06,RiskOff,0.048670948655708944,-0.1257397360847034,,0.5413986936344253,-0.009697010140562012,-0.014146162576931479,0.002122719998272781,-1.0380963107491294,0.0,0.5564055460644501
2023-04-24,0.999879002230187,3.4540630258273514e-08,0.00012096322918368013,RiskOff,0.052124795924423956,0.009911735939038041,,0.5530344312638837,0.0063799435219633605,-0.013468481652712588,-0.8935982720373501,-0.6113179914866607,0.0,0.0917773182316646
2023-05-01,0.9998905419020243,3.3504674495742295e-08,0.00010942459330357965,RiskOff,0.04956617662056415,-0.05897565487719903,,0.5508319734998243,0.006139769371683368,-0.07708800403822921,-0.7855644627627196,0.11592703626973838,0.0,0.06691389011591396
2023-05-08,0.9999636026904941,2.522487347024371e-08,3.6372084635296964e-05,RiskOff,0.06156672017884641,-0.06449534004837978,,0.547156753906086,0.01305719859763832,-0.23929899507124422,-0.8262072446831425,0.11091660774642702,0.0,-0.25766751612278893
2023-05-15,0.9999964421357301,9.488779843876586e-07,2.6089862872281253e-06,RiskOff,0.04041699837341219,-0.009752194862695473,,0.544893311856443,0.003494618222017687,-0.1233114538492363,-0.49630325377785867,0.4545116060456431,0.0,-1.0863312255280382
2023-05-22,0.9999851363576268,2.8087214173543653e-09,1.4860833654271776e-05,RiskOff,0.040177665743968055,0.025521498920718748,,0.5456197676538362,-0.0074146636100475005,-0.10770169086755557,-1.0476521927603166,0.049814274623675506,0.0,-0.5719141715080474
2023-05-29,0.9999819688353765,9.091553944858555e-09,1.8022073067118485e-05,RiskOff,0.06581984295103123,-0.006281793018436374,,0.536373874075571,-0.014458099424253246,-0.055007829008792926,-1.0348595029080911,-0.4341055535361731,0.0,-0.546309581097777
2023-06-05,0.9999556453816381,1.0386995705133255e-05,3.396762265970564e-05,RiskOff,0.08217096144652933,-0.19653602688245544,,0.5565520829106493,0.009395329004563302,-0.18704851584286858,-0.3629403731657399,-0.7652972577273939,0.0,-0.2983270120293814
2023-06-12,0.9997533196693938,0.00023131487412138277,1.5365456482139848e-05,RiskOff,0.047769213326854,0.015204393039114333,,0.5638861799062513,0.018992868049808376,-0.16209192794105878,0.0551079501163825,0.5725154754001254,0.0,-1.0764545712258589
2023-06-19,0.9999940435061894,1.8273789002015602e-08,5.938220024866957e-06,RiskOff,0.15819763158985742,0.16801337054032134,,0.5782165320413442,0.032596764387507915,-0.019600056321456172,-0.8169171315231045,1.1095366440687797,0.0,-0.9867645577468581
2023-06-26,7.183562738975534e-07,0.7976325740539468,0.20236670758977943,Neutral,0.10772102615354431,0.03654041490480266,,0.5720614717389209,0.035687597663349835,0.02322215160178285,1.9736936681916784,1.7793807486373805,0.0,-0.163108841188559
2023-07-03,0.00929313677467617,0.2871336298843752,0.703573233340949,RiskOn,0.05484320044395319,-0.04371934839103827,,0.5784279446603394,0.02187586174969014,0.1760388300932,0.6689865905194088,1.8448372508257747,0.0,0.06096885896358665
2023-07-10,0.7922625005027308,1.1436269763276755e-06,0.20773635587029232,RiskOff,0.11294732940506814,0.06451437979351367,,0.5534160054056446,-0.010470174500606722,0.22534881684759936,-0.651284447069822,1.0774197112934472,0.0,0.9754397107976377
2023-07-17,0.5657384105823302,0.4122571336720939,0.022004455745577918,RiskOff,0.0538677964913712,0.012378969937215076,,0.5527333540230345,-0.025483178018309682,0.0697144162444931,0.8007045788586044,-0.7498690372676379,0.0,1.2519418339751995
2023-07-24,0.07923928745224555,0.9207607125477479,0.0,Neutral,0.04340120209775594,-0.021590699033721718,,0.5495787058232233,-0.022482765915697533,0.011583302305968723,-0.6740921429944543,-1.5885608225526346,0.0,0.31536054490060883
2023-07-31,0.10563778447808582,0.8943622155219154,0.0,Neutral,0.04999062080496549,-0.039845528976136704,,0.5583740337194071,-0.02005391094093234,0.015457121720870284,-0.9043775435253856,-1.4603671870428232,0.0,-0.0045196289689956376
2023-08-07,0.19065040265982086,0.8093495973401795,0.0,Neutral,0.04689319325734914,0.007541594794007798,,0.5589774895610365,0.005561484155391927,-0.041515663278635574,-0.7189047124859514,-1.4378851036863227,0.0,0.0527962720543189
2023-08-14,0.9329572236575325,0.06704277634247352,0.0,RiskOff,0.05568765078975831,-0.11192535148516419,,0.5573082178231477,0.0045748638001131825,-0.16581998470101483,-0.7692909734194282,0.09209296552750493,0.0,-0.28231000185323984
2023-08-21,0.9978612396745457,0.0021387603254588725,0.0,RiskOff,0.04703426950253272,-0.02537785166196821,,0.5612616613626934,0.011682955539470075,-0.16960713732926136,-0.5441706945238097,0.0019339333852295636,0.0,-1.0693036995086314
2023-08-28,0.9991563546278263,0.0008436453721802359,0.0,RiskOff,0.058599184079064455,-0.03552269711203411,,0.5655217051426212,0.0071476714232141525,-0.16528430546515874,-0.7443414577111105,0.44994087007508476,0.0,-1.0782171828299556
2023-09-04,0.998717583079493,0.0012824169205130056,0.0,RiskOff,0.038337239764082306,-0.022554238787114957,,0.5671583372078547,0.008180847646818146,-0.1953801390462815,-0.44489832704516674,0.12919075530835591,0.0,-1.0342158277214688
2023-09-11,0.9987158680974166,0.0012841319025851759,0.0,RiskOff,0.05746807373051721,0.007086466606625461,,0.5735993821679998,0.016291164344852116,-0.07636832095449184,-0.9377178616266826,0.18499894055205313,0.0,-1.2023564109585487
2023-09-18,0.9968158194925507,0.0031841805074429323,0.0,RiskOff,0.05677035495363595,0.010673170622853325,,0.5745836731644702,0.013322011801776834,-0.04031729866967031,-0.44800436598041055,0.7112149206469828,0.0,-0.43869875149463977
2023-09-25,0.995473473855307,0.004526526144694769,0.0,RiskOff,0.054649994079839344,0.09043911883254885,,0.5699468255314896,0.004425120388868331,0.08564451727491265,-0.4445021594236284,0.48549041815564636,0.0,-0.1987167058585651
2023-10-02,0.9840289611903031,0.015971038809700806,0.0,RiskOff,0.03581707861734086,-0.05319778965216812,,0.5812203488810684,0.014062011673213748,0.05500096640985949,-0.4691909383639648,-0.11263921553218678,0.0,0.5925958256983379
2023-10-09,0.9866115368619899,0.013388463138014835,0.0,RiskOff,0.021813313726274937,-0.040010721317751796,,0.5849881378788429,0.01138875571084308,0.007903778485482231,-0.9341025039951893,0.5231656389683886,0.0,0.38142428198505357
2023-10-16,0.9846696274252618,0.015330372574739242,0.0,RiskOff,0.0859403726495428,0.08263349271140415,,0.5911952437089865,0.01661157054451623,0.07986410057403305,-1.2436645197022151,0.32244865584301186,0.0,0.08056532769749601
2023-10-23,0.9794745038205392,0.009500517844017436,0.011024978335444541,RiskOff,0.11465855514540836,0.12019054468113835,,0.6069417258961256,0.03699490036463604,0.10961552642262255,0.3358582475766049,0.6645454051296942,0.0,0.5282628695866967
2023-10-30,0.00038363597297889223,0.8351758484472069,0.16444051557981157,Neutral,0.14975949894189472,0.09498446592254119,,0.5909629569611842,0.009742608080115733,0.25779778199733183,1.1270479349900189,1.9423747332870303,0.0,0.7112727348283284
2023-11-06,2.2942755095972787e-06,0.1442402948256801,0.8557574108988142,RiskOn,0.12244611698148126,0.12590175065536108,,0.5837411539367015,-0.0012469839421413997,0.4237102539704447,1.9261110371279389,0.10843062801686484,0.0,1.5895894882984052
2023-11-13,0.0023707480653375316,0.9384598966832391,0.05916935525141782,Neutral,0.08166502997238063,-0.006946829297276362,,0.5896539788511763,-0.0015412648578101429,0.3341299319617642,1.2058068669761668,-0.6510508909438038,0.0,2.4198835187548258
2023-11-20,0.40850993187970497,0.002386691307828916,0.5891033768124615,RiskOn,0.07059709683422985,0.011548083012267946,,0.5889984902926653,-0.01794323560346034,0.22548747029289382,0.18049069719834265,-0.6664522898259868,0.0,1.7990098713368396
2023-11-27,0.9944141200799262,0.004475770897905295,0.0011101090221614534,RiskOff,0.1548610326894905,0.054529104617215635,,0.5941603878240549,0.0031974308628707204,0.18503210898756822,-0.09169991032596096,-1.7092354133991832,0.0,1.1280779545150554
2023-12-04,0.0009005199393534556,0.5998671624791938,0.39923231758145206,Neutral,0.14053353044582284,0.15370322058058983,,0.5913089765529081,0.007567822616206699,0.21283357891279697,1.8898830548663896,-0.3132148967204454,0.0,0.8590082549352461
2023-12-11,0.0004388410412363306,0.5289423561008999,0.4706188028578668,Neutral,0.19026551118605683,-0.01545577392399661,,0.5901053944209359,0.0004514155697595834,0.20432463428607672,1.5188245694030236,-0.030916647702199176,0.0,0.9943619274005113
2023-12-18,5.5385649792645936e-08,0.008344695823858318,0.9916552487904929,RiskOn,0.16448225760441468,0.09735516516008631,,0.5807006255905107,-0.008297864702154545,0.29013171643389507,2.4788047422704165,-0.48916177639235897,0.0,0.9136359838663771
2023-12-25,0.000420233128056745,0.9840224106197878,0.015557356252155293,Neutral,0.11082502357766677,0.013680481454617945,,0.5744210643989994,-0.019739323425055466,0.2492830932712974,1.8011722170143847,-1.0287343097684698,0.0,1.349147888724118
2024-01-01,0.3885404970567383,0.01580806871337658,0.5956514342298854,RiskOn,0.08354458207456847,-0.10814727684161624,,0.6010724553336739,0.009763478780765777,-0.012567404150908637,0.6102422831672211,-1.7083412647996599,0.0,1.075242932224291
2024-01-08,0.998538204539624,0.0013224806480229693,0.0001393148123534868,RiskOff,0.11448560746664992,0.0758053139250986,,0.5702772065533045,-0.01982818786763141,0.07869368369818656,0.02793182802757777,0.22519979668171883,0.0,-0.4226324595207301
2024-01-15,0.9095170401723437,0.08444516996568345,0.006037789861970729,RiskOff,0.06353372316036063,-0.04065339489507706,,0.5725940353624164,-0.008106590228094346,-0.059314876356976805,0.7697284021371174,-1.658084465881067,0.0,0.1271212574544224
2024-01-22,0.999586519382842,8.590096985649284e-07,0.00041262160745341554,RiskOff,0.06345338493632598,-0.013723532821097204,,0.5866480432525456,0.012226978853546178,-0.08671889063269195,-0.37524430413650267,-0.8841052888597968,0.0,-0.6503728251265606
2024-01-29,0.9999825436623786,1.7063131543218432e-05,3.9320607434655147e-07,RiskOff,0.0660858125882839,-0.016586800255438724,,0.5878283581726448,-0.013244097161029145,0.00484158595348556,-0.37419124823962746,0.4015829673113122,0.0,-0.8018828070243748
2024-02-05,0.9999882906244174,1.1490700281763318e-05,2.1867529633630006e-07,RiskOff,0.06528334534892972,0.08686104764044687,,0.5977708573619451,0.027493650808640635,0.015897319668833843,-0.29479872555838404,-1.1707113473144457,0.0,-0.17294746900322852
2024-02-12,0.9850815339877482,0.014917523455506395,9.425567414218787e-07,RiskOff,0.222358370632833,0.1428952760400268,,0.5911448984001467,0.018550863037730347,0.1994459906039377,-0.3138638387771635,1.3402053388686936,0.0,-0.08894399439538754
2024-02-19,3.31673756954843e-18,0.0016290304175379123,0.9983709695824687,RiskOn,0.13342918701069376,0.048625526394683365,,0.5785178312983785,-0.008130211954167077,0.26179504981971824,3.3116758043312737,0.7696636649837657,0.0,1.1440932384774092
2024-02-26,7.131249715502082e-05,6.149045395180258e-11,0.9999286874413537,RiskOn,0.5531713887209936,0.3353815793758737,,0.5895286124097571,0.0017002542371122864,0.6137634294510307,1.2116858255302128,-0.8455234052008934,0.0,1.502719273548553
2024-03-04,3.424322490688485e-52,1.0656436929027458e-26,1.0,RiskOn,0.1493912987678545,0.10503974121530345,,0.5872380785953865,-0.01053277876655867,0.6319421230258873,5.890129493521656,-0.2329172397036714,0.0,3.312801638851084
2024-03-11,0.0004886484659594593,9.497842761504344e-16,0.9995113515340396,RiskOn,0.18454722110044064,0.002700660835457913,,0.5849787908121938,-0.006166107587952885,0.4917475078213183,0.7277624278920963,-0.9493629412635147,0.0,3.0287788258264823
2024-03-18,3.487808146547712e-05,3.238087937232274e-08,0.9999650895376548,RiskOn,0.1001839312899318,0.004396606432650008,,0.5890150887453834,0.010497257447004915,0.447518587859285,1.1351784931558375,-0.6566059914574837,0.0,2.1365909132676966
2024-03-25,0.006676258104021855,7.2463872448217925e-09,0.9933237346495898,RiskOn,0.09563567985654073,0.08486459678082826,,0.5873024723820562,-0.002226140027700829,0.19700160526423957,0.07124323695465122,0.4208113230841547,0.0,1.8090493587039171
2024-04-01,0.4161207525257417,6.980878620134953e-05,0.5838094386880593,RiskOn,0.051214280924521016,-0.0850390345125557,,0.5968961883527263,0.009658109757339828,0.006922829536380418,0.006481427760202328,-0.369285996380164,0.0,0.5580313937502135
2024-04-08,0.9940100254696007,7.454366952027828e-05,0.005915430860879748,RiskOff,0.08667557030015055,-0.19201416096238244,,0.6140561945768163,0.029077403764622423,-0.18779199226145993,-0.5545405125949406,0.4350646699290921,0.0,-0.3682830047432018
2024-04-15,0.9994832650497696,0.0005070181870489046,9.716763180036225e-06,RiskOff,0.07519419985502251,0.036683710059940554,,0.6089445374395701,0.01992944869418667,-0.15550488863416936,-0.10983866967504978,1.6568617061650535,0.0,-1.2766685698924152
2024-04-22,0.9985923997809424,0.0,0.0014076002190559372,RiskOff,0.08516715126242883,-0.03334657610807473,,0.6017872984036031,0.014484826021546882,-0.2737160615230724,-0.2613514106172241,1.0114644134379127,0.0,-1.096466753942521
2024-04-29,0.9993429084506141,0.0,0.0006570915493893882,RiskOff,0.06396866879183442,0.0280787329598661,,0.6068002528814741,0.009904064528747814,-0.16059829405065057,-0.14401925276016528,0.6388623695922533,0.0,-1.5976565355060852
2024-05-06,0.999072276547918,0.0,0.0009277234520857799,RiskOff,0.05122857865779242,-0.05759932227052003,,0.6100498543789717,-0.004006340197844516,-0.026183455358788167,-0.4163398146004856,0.33226891930849606,0.0,-1.055917745206145
2024-05-13,0.9936881775414272,2.3484385301697497e-258,0.006311822458573103,RiskOff,0.07399144272372615,0.02542119261553207,,0.6169318174267829,0.007987279987212825,-0.037445972803196656,-0.5744647452164606,-0.5606181856959942,0.0,-0.46093639721904467
2024-05-20,0.9972844908141472,0.0,0.00271550918585875,RiskOff,0.15271196922393387,0.08995602725633171,,0.5946721864557379,-0.0071151119478651825,0.08585663056120979,-0.29588365034099673,0.22198622186962091,0.0,-0.5248567912166622
2024-05-27,0.4322788615539931,0.0,0.5677211384460082,RiskOn,0.0483483988981493,-0.031244200286557982,,0.5964110999181179,-0.010389152963356185,0.02653369731478571,0.6772409935060915,-0.7709140268826905,0.0,0.04272430149306163
2024-06-03,0.7706325279828959,4.0379580133409685e-70,0.22936747201709867,RiskOff,0.07152231427052498,-0.03503945277784066,,0.6057257652179678,-0.004324089161003908,0.04909356680746508,-0.6438478826114801,-0.9971255460059789,0.0,-0.24911365355692336
2024-06-10,0.9689580186286404,0.0,0.031041981371360515,RiskOff,0.06614193738296169,-0.0716575753499579,,0.606043317012977,-0.010888500413805957,-0.04798520115802489,-0.3470483389665868,-0.5773223842522917,0.0,-0.1653688308446515
2024-06-17,0.9791414391089232,0.0,0.020858560891080364,RiskOff,0.06264045746247947,-0.1250401498281928,,0.6128783618810262,0.01820617542528824,-0.2629813782425494,-0.42074894818866543,-0.9721700170266929,0.0,-0.6557996655179049
2024-06-24,0.9996199030910512,0.0,0.0003800969089496876,RiskOff,0.06151652306700712,0.03939313205453964,,0.6053342097412495,0.008923109823131603,-0.1923440459014518,-0.4435131853529419,0.9913876657444752,0.0,-1.6490120042754506
2024-07-01,0.9993636312972768,0.0,0.000636368702721817,RiskOff,0.06038262709508136,-0.1572991753608938,,0.6148922688171032,0.0091665035991354,-0.3146037684845049,-0.4457043066950475,0.41667877288562905,0.0,-1.270021899059245
2024-07-08,0.9996622410853088,0.0,0.00033775891469358716,RiskOff,0.10404081267346418,0.16368917477383818,,0.6062333268775834,0.00019000986460637748,-0.07925701836070886,-0.4618109705853073,0.4586911123934111,0.0,-1.7509631416611342
2024-07-15,0.9907320054986148,0.0,0.009267994501390328,RiskOff,0.11014957849775603,0.11780227126110299,,0.6076529531367898,-0.005225408744236382,0.16358540272858696,0.09652625674176492,-0.20655439084890284,0.0,-0.6448249912186685
2024-07-22,0.9819983481914247,0.0,0.018001651808580127,RiskOff,0.05111684035483348,-0.06717329730383707,,0.620834630908668,0.015500421167418454,0.05701897337021024,0.16100835991847537,-0.6559837721368004,0.0,0.4615544520818593
2024-07-29,0.994342199796881,0.0,0.005657800203115029,RiskOff,0.06886964433483816,-0.19699106287120788,,0.6309185134828327,0.01602624466572944,0.017327085859896174,-0.5958789295384241,0.8906891336163224,0.0,-0.03101297536402781
2024-08-05,0.9962501522542593,0.0,0.003749847745748719,RiskOff,0.11367964034838314,0.01753988056692962,,0.6322070453216212,0.02597371844403784,-0.1288222083470124,-0.3742894494389318,0.9034532778388514,0.0,-0.21324888512220996
2024-08-12,0.9809153634792259,0.0,0.019084636520776417,RiskOff,0.05048247401648901,0.012915699482068919,,0.6261691170797886,0.01851616394299882,-0.23370878012604648,0.1845569563833619,1.6299323259863323,0.0,-0.8713084571241051
2024-08-19,0.9998374223832781,0.0,0.00016257761672865064,RiskOff,0.12586916340942667,0.155178254672564,,0.6292967102185676,0.008462079309899617,-0.011357228149645432,-0.6272504753479239,1.0123893311187842,0.0,-1.3343016848861098
2024-08-26,0.9908893553162821,0.0,0.009110644683718918,RiskOff,0.05977011974506091,-0.16303047568214662,,0.6345435168340618,0.0036250033512291724,0.02260335903941582,0.3241264321408585,0.23574673622485914,0.0,-0.3441760968312687
2024-09-02,0.9985304411213802,0.0,0.0014695588786093566,RiskOff,0.05771313893699116,0.0065586018726499435,,0.630133353680651,-0.0020736916409701545,0.011622080345136145,-0.5294908661770035,-0.13580248556758306,0.0,-0.20754568733697626
2024-09-09,0.9984897865991836,0.0,0.0015102134008179453,RiskOff,0.057336555592922084,0.04844579041350112,,0.6382199788419318,0.012050861762143206,0.047152171276568344,-0.5627482844507299,-0.562867923343261,0.0,-0.2806883782092486
2024-09-16,0.9978052908065659,0.0,0.0021947091934229495,RiskOff,0.11195142938305033,0.10250011488001108,,0.6352284657238271,0.005931755505259484,-0.005525968515984567,-0.5675830740840159,0.5433269927787422,0.0,-0.12577520435490053
2024-09-23,0.9967456952074739,0.0,0.003254304792520301,RiskOff,0.10515533263444278,0.1110807627437543,,0.6288262811333115,-0.005717235700750334,0.2685852699099163,0.1265424764470662,0.07714593600978871,0.0,-0.3777069850902659
2024-09-30,0.9703533318017158,0.0,0.029646668198296828,RiskOff,0.06005591959397293,-0.07551948897419469,,0.6383367196682359,0.008203365987584865,0.18650717906307168,0.025705537673004444,-0.8150251076268711,0.0,0.892069529184342
2024-10-07,0.9880228556897752,0.0,0.011977144310224778,RiskOff,0.07880903994718545,0.009593250703796305,,0.6365479279471729,-0.0016720508947589696,0.1476546393533669,-0.5712482927545661,0.2786779923493242,0.0,0.49482726281882994
2024-10-14,0.9948200711383738,0.0,0.005179928861615871,RiskOff,0.0689171862228223,0.07224550233251072,,0.6384816131562262,0.0032531474323991283,0.11740002680586653,-0.34344840720927905,-0.4741791089598741,0.0,0.3008874876205731
2024-10-21,0.9995862103041568,2.905055709551919e-06,0.0004108846401282885,RiskOff,0.05749870920501715,-0.07811113455825959,,0.6485612734669038,0.019734992333592327,-0.07179187049614735,-0.4693481533282216,-0.0693626440651701,0.0,0.1561377335048164
2024-10-28,0.9997831074478816,4.628010562219914e-07,0.00021642975106361597,RiskOff,0.05401174647236698,-0.06678009549974119,,0.6600148296687849,0.021678110000548978,-0.06305247702169385,-0.6036703721797775,1.3285466835897253,0.0,-0.7077308987782863
2024-11-04,0.9996730319317794,5.00613192885475e-07,0.00032646745502849686,RiskOff,0.1615212478923667,0.30381229512404145,,0.637952993595498,0.001405065648325099,0.2311665673985513,-0.6252461429992753,1.443964249306173,0.0,-0.6401748057966246
2024-11-11,0.8423166267620371,0.11721366580103566,0.040469707436932685,RiskOff,0.25337487569920825,0.13725208659773436,,0.6418440837601498,0.003362470603923584,0.29617315166377495,0.7768531355916041,-0.21917105434414755,0.0,0.7644268693977804
2024-11-18,0.00018203474156387134,0.3431105445566294,0.6567074207018083,RiskOn,0.2872059485074189,0.237358934699804,,0.6234692166208923,-0.025092056846011568,0.6116432209218385,1.8695460301006943,-0.06666666755290884,0.0,1.081881233209829
2024-11-25,1.3193020552935573e-05,0.3098101072452908,0.6901766997341526,RiskOn,0.14785324644795947,0.13408280288992255,,0.5935305387487301,-0.06648429092005481,0.8125061193115022,2.1433101273166733,-2.3356223119111714,0.0,2.4145056827088536
2024-12-02,0.0009605071829307565,0.9624314868390155,0.036608005978051646,Neutral,0.14893184415095545,0.18003416948732978,,0.577396976443407,-0.06055601715209091,0.6887279936747907,0.46271609063777797,-4.364838678779651,0.0,2.972123044129538
2024-12-09,0.03590833343297047,0.17680577160932437,0.7872858949577053,RiskOn,0.10401152987920288,-0.08926327000959162,,0.5987653634028872,-0.04307872035726257,0.4622126370674646,0.47339944759005,-3.4231133395755795,0.0,2.299859976428269
2024-12-16,0.8793417241214212,0.05462863472018408,0.06602964115839721,RiskOff,0.0906568649219652,-0.1991431725951119,,0.6192442234741556,-0.004224993146736633,0.0257105297725487,-0.04942556498256202,-2.282108938630281,0.0,1.3735875428123339
2024-12-23,0.9995235797437882,2.497552420067973e-05,0.0004514447320108936,RiskOff,0.06235896206582426,0.010658757782834894,,0.6139846867527948,0.020454148004064754,-0.09771351533453895,-0.19576400931667617,-0.2542357364063076,0.0,-0.27953307572870084
2024-12-30,0.9998721575434021,6.209617146835034e-07,0.00012722149488721992,RiskOff,0.08798768470852078,0.14560687064680983,,0.5986134449420386,0.02121646849863157,-0.1321408141750589,-0.5293352538379725,0.9995409313715511,0.0,-0.7271158305198374
2025-01-06,0.9998330673906437,9.523096021311587e-06,0.00015740951332819244,RiskOff,0.057487747691495464,-0.12450931269742033,,0.6075783831695594,0.008813019766672148,-0.16738685686288762,-0.21752881331125695,1.019210655746464,0.0,-0.8456854253532416
2025-01-13,0.9999611002453016,1.9658330288930907e-07,3.870317139176289e-05,RiskOff,0.10407824987496576,0.004280878275711308,,0.6077668858545562,-0.01147733761959946,0.03603719400793561,-0.5747764007773845,0.349369199330216,0.0,-0.9533859313240215
2025-01-20,0.0754256304538159,0.9226911698719582,0.0018831996742309392,Neutral,0.08066132360280108,-0.029511845136896017,,0.6140031780539315,1.8491301136625005e-05,-0.004133408911795297,-0.017149011460296827,-0.7131128520125615,0.0,-0.19145238405943307
2025-01-27,0.8955896373458101,0.09971696514532288,0.004693397508862181,RiskOff,0.08056186332545896,-0.1859853000590872,,0.6387927664075115,0.04017932146547287,-0.33572557961769234,-0.3074868933336342,-0.09759115815032271,0.0,-0.35088631175843077
2025-02-03,0.08048640449417101,0.9191649816466502,0.00034861385918063533,Neutral,0.0657238598525799,-0.06949492655705707,,0.6505844499221763,0.04300606675261698,-0.2807111934773291,-0.31253880515122545,1.9020863600843911,0.0,-1.5502194736641042
2025-02-10,0.8625662466234063,0.1319350256985955,0.0054987276780005725,RiskOff,0.09918632712607908,0.04685444639867439,,0.6378989835555046,0.03013209770094838,-0.238137625354366,-0.4943092934388612,1.981205170608763,0.0,-1.3027609604534514
2025-02-17,0.12814519636800048,0.870880397954618,0.0009744056773769064,Neutral,0.060486549818568575,-0.01960209058217594,,0.6411637674403907,0.027160589386459266,-0.22822787079964593,-0.05681627461451151,1.3139408789198577,0.0,-1.105013107250781
2025-02-24,0.8498575025489586,0.14854297089520682,0.0015995265558376474,RiskOff,0.10026700723140901,0.016362491333756602,,0.6338847528068174,-0.004908013600694039,-0.02588007940680212,-0.5222284470930842,1.1236107882055206,0.0,-1.0291780064530702
2025-03-03,0.07166008916582883,0.9260171440747487,0.002322766759425246,Neutral,0.09422789340398227,-0.2360533458908816,,0.6585628977157679,0.007978447793591581,-0.19243849874062663,0.1369057758737475,-0.43193983016879894,0.0,-0.26817495526788276
2025-03-10,0.8887574794803014,0.10685695803779946,0.004385562481894038,RiskOff,0.08182346408793804,0.012281340500281008,,0.6620443123224515,0.024145328766946972,-0.22701160463902004,0.0348308180082662,0.1783643186824722,0.0,-0.8692577739731432
2025-03-17,0.10267479958373757,0.8969556264065622,0.00036957400969339665,Neutral,0.0823082515575117,0.05987338483366365,,0.6590707165696613,0.0179069491292706,-0.14753612922318046,-0.1899294599700566,0.9341363868818431,0.0,-0.9736283179650776
2025-03-24,0.87959056900814,0.11605215284972371,0.004357278142138731,RiskOff,0.0644605702789008,-0.06364581627596516,,0.6689381003187113,0.03505334751189382,-0.2275444368329022,-0.17198961251343214,0.6222729108289617,0.0,-0.6260191790059959
2025-03-31,0.09041815586362997,0.9091417457565604,0.00044009837980432844,Neutral,0.06894107426959971,-0.13832484822036567,,0.685301983989892,0.026739086274124024,-0.12981593916238632,-0.5444460334644334,1.3917063284568383,0.0,-0.9195978350769249
2025-04-07,0.8857760909270183,0.10897439319856167,0.005249515874422146,RiskOff,0.09809334443087832,0.10280168914150113,,0.68236981251867,0.020325500196218482,-0.0392955905211662,-0.45715284934580325,0.9719682149933305,0.0,-0.506268206317311
2025-04-14,0.10744855031032227,0.8834989387778776,0.009052510911803157,Neutral,0.06256880821552273,0.026052046159499357,,0.685528716531109,0.02645799996144771,-0.07311692919533049,0.17143921710327703,0.6827384878959004,0.0,-0.14805154827645853
2025-04-21,7.219370193600681e-23,0.9983009749196212,0.001699025080386563,Neutral,0.27292189708401454,0.18229286065259417,,0.6852904055204148,0.0163523052017035,0.17282174773322884,-0.5934893869955972,0.9628930407214836,0.0,-0.2947252216826507
2025-04-28,1.6172811875343855e-239,8.262844001139675e-18,1.0,RiskOn,0.1101328217678898,-0.03609015019155769,,0.6928353556973083,0.007533371707416303,0.27505644576203686,3.4062572101697435,0.48386865947808905,0.0,0.6909774646539059
2025-05-05,1.8462400350155126e-48,0.05470771453506787,0.9452922854649448,RiskOn,0.1222280562627928,0.23631013351766111,,0.6706696605960265,-0.011700151922643509,0.40856489013819686,0.2983998808090153,0.07012566812184541,0.0,1.0743672872231897
2025-05-12,1.2574118636379242e-54,0.016314508798919106,0.9836854912010807,RiskOn,0.043029592123263204,-0.04790446249269091,,0.6776834266467241,-0.007845289884384932,0.3346083814860066,0.5047915021346822,-0.8263938472591214,0.0,1.5533983723497142
2025-05-19,2.65295663768575e-31,0.14611902180096856,0.8538809781990386,RiskOn,0.06681722043183623,0.0044790191479073625,,0.6827395442987878,-0.0025508612216269544,0.15679453998131976,-0.9897299662659403,-0.6286474052447597,0.0,1.208812371461183
2025-05-26,1.4478213955603972e-26,0.8127821852760674,0.18721781472391855,Neutral,0.06747990914453539,-0.07411557697402679,,0.6875984137701115,-0.005236941927196703,0.11876911319885067,-0.5121485377068098,-0.3858961799251804,0.0,0.4950743652914246
2025-06-02,1.1874129469885555e-25,0.9844890484670508,0.015510951532948437,Neutral,0.06117825996629203,-0.024319321211685282,,0.6876342375723965,0.016964576976369994,-0.14186034153049573,-0.5090201247905728,-0.5180006804649273,0.0,0.3366875181942934
2025-06-09,5.884051595422942e-22,0.9995768195645761,0.00042318043542570585,Neutral,0.050280409595531046,-0.0358416316844314,,0.6914462135898649,0.013762786943140815,-0.12979751072223622,-0.6251196472862403,0.5063590367398588,0.0,-0.6791754752506873
2025-06-16,2.4346503300770845e-22,0.9995519218284655,0.0004480781715442696,Neutral,0.05157236448857308,-0.1286993350660361,,0.7029530108535131,0.020213466554725334,-0.26297586493617964,-0.825118236986401,0.3353907894243684,0.0,-0.6235068110749782
2025-06-23,8.90066183570273e-22,0.9998739975967983,0.0001260024032030924,Neutral,0.101779526108509,0.15157162657488893,,0.6977958137066711,0.010197399936559548,-0.03728866138726397,-0.794070238597688,0.6376669051564887,0.0,-1.1476714550027023
2025-06-30,2.828357708972491e-31,0.9967541374268339,0.0032458625731644247,Neutral,0.07744024380592772,-0.006707453342969988,,0.6958808699185434,0.008246632346146865,-0.019676793518548664,0.14881520141216914,0.16373443402457322,0.0,-0.27301663267633736
2025-07-07,1.0725653095121622e-24,0.9988935234958832,0.0011064765041302392,Neutral,0.17294275937701356,0.17566141991143353,,0.6786430169584168,-0.012803196631448133,0.19182625807731626,-0.3240610079604896,0.07251502614326141,0.0,-0.22994728149138066
2025-07-14,5.1024367422201946e-89,0.006646056072109128,0.9933539439278871,RiskOn,0.09167923371141341,0.13218081230745124,,0.6361925486340192,-0.06676046221949394,0.45270640545080365,1.4520110713058736,-0.9025694867295724,0.0,0.6021040274615643
2025-07-21,0.0038552766944012743,0.0,0.996144723305603,RiskOn,0.09657850631893156,0.004381303566262683,,0.6415146596720044,-0.056281154034666714,0.3055160824421773,-0.06803243851981848,-3.0535873308902293,0.0,1.5933675260472313
2025-07-28,0.04127466921118818,0.0,0.9587253307888102,RiskOn,0.05861018487949333,-0.13411326428537454,2.0467484067910946,0.6556919968770267,-0.04018887304151664,0.1781102714997728,0.007689834098343074,-2.403555544419727,0.0,0.985288488770954
2025-08-04,0.34349816220629903,0.0,0.6565018377937066,RiskOn,0.06964611873363014,0.11668290924249093,2.172390523111615,0.6340946393701009,-0.04454837758831587,0.1191317608308302,-0.7056995288282059,-1.672826231428724,0.0,0.47546241921053134
2025-08-11,0.7341895435872694,0.0,0.2658104564127408,RiskOff,0.0648378903755399,-0.01211207350935067,2.0434764931480904,0.6250043967111205,-0.011188151922898681,-0.02516112498597171,-0.4806980872243293,-1.7483469842219925,0.0,0.22847897371155879
2025-08-18,0.9949604155864292,0.0,0.005039584413580601,RiskOff,0.04792555710668452,-0.0035788705956221107,2.154048495773221,0.609129294671671,-0.0323853650003334,-0.033121299147856505,-0.5787933750100234,-0.45987339247708686,0.0,-0.3555874773937852
2025-08-25,0.9951847320375966,0.0,0.004815267962394412,RiskOff,0.05293386886265696,-0.06733073293672298,1.931399772154755,0.6162556649130806,-0.039436331963946136,0.03366123220079506,-0.866978338210139,-1.2196520805040765,0.0,-0.3852077391010765
2025-09-01,0.9908452723390206,0.0,0.009154727660974466,RiskOff,0.05118611942662036,0.02138066742217165,2.1533257254434157,0.6213471103495909,-0.012747529020510018,-0.06164100961952422,-0.7686924520299976,-1.4237659080338634,0.0,-0.12194766215483381
2025-09-08,0.9989507188278622,0.0,0.0010492811721358867,RiskOff,0.08570746956640224,0.06666308421387197,2.1720851382988906,0.6097906054238708,-0.015213791287249756,0.017134148103698427,-0.7978072113994293,-0.4338040795124011,0.0,-0.49234747483580255
2025-09-15,0.9978998775729354,0.0,0.0021001224270771088,RiskOff,0.10998751372562564,-0.009791199923023668,2.1645974963476253,0.6128917280016417,0.003762433329970727,0.010921818776296867,-0.16015551541812953,-0.5049539815160328,0.0,-0.1790546989145053
2025-09-22,0.9905440182806307,0.0,0.009455981719381572,RiskOff,0.05069688114781767,-0.0724257720925565,2.156094588367471,0.6245145168782964,0.008258851965215808,0.005826779620463338,0.29883468451570094,0.19309385297919562,0.0,-0.20488084897241723
2025-09-29,0.9984447274712602,0.0,0.0015552725287454753,RiskOff,0.244213730021962,0.08719946900404664,2.180178539753027,0.6278171065253019,0.006469996175710979,0.07164558120233833,-0.7958349880962411,0.3479707554952961,0.0,-0.20632460004344688
2025-10-06,2.1216815673738656e-10,0.0,0.9999999997878319,RiskOn,0.17279513050416087,-0.1350634995038683,2.0057636991981207,0.6410675365129754,0.031276931089104676,-0.13008100251540194,2.5870074857916645,0.2836919059120306,0.0,0.0640577995778308
2025-10-13,0.0007598705681311011,0.0,0.999240129431871,RiskOn,0.06857721405354295,-0.06415143680741074,2.1602694994675824,0.6359127544975801,0.0230210264959384,-0.18444123939978901,1.2828804560736429,1.1549710166224167,0.0,-0.7153139041616561
2025-10-20,0.0,0.0,1.0,RiskOn,0.13372771671161968,0.07169540515557506,2.226458010860176,0.6361758958466872,0.011661378968390812,-0.040320062151657454,-0.5155234356331861,0.8365921480236237,0.5871445649153022,-0.9011896864435414
2025-10-27,1.0,0.0,0.0,RiskOff,0.1483551496079498,-0.020446172954272424,2.1582610447561947,0.6391247266002191,0.011307620074917257,-0.1479657041099765,0.5843815784506308,0.43518465228138453,1.2410203092173244,-0.3363767674962353
2025-11-03,0.0,0.0,1.0,RiskOn,0.1842379855089322,0.005836721539220118,2.151991551412064,0.6440345749830058,0.0029670384700303254,-0.007065483066888074,0.8056844722899767,0.4315628320219071,0.4240670828433248,-0.7513328860014317
2025-11-10,0.0,0.0,1.0,RiskOn,0.10038291701757837,-0.11645615600210425,2.1773181530671284,0.6434915914415869,0.007578836944006739,-0.05937020226158159,1.4050187581294822,0.12823681034654733,0.33578758878908327,-0.18103719033739674
2025-11-17,0.0,0.0,1.0,RiskOn,0.07979507755510322,-0.11339525345362442,2.2797717655001457,0.6472918528994684,0.011115957052781233,-0.24446086087078106,0.021278543826199276,0.2921999157511088,0.6243480931812432,-0.3637748513705016
2025-11-24,0.0,0.0,1.0,RiskOn,0.08538689198255228,0.018896447243098757,2.3758893820519487,0.6450769450552977,0.0059522184550785395,-0.2051182406734099,-0.3253267359050613,0.39760028260104074,1.6904284940401944,-1.0824664517135754
2025-12-01,0.0,0.0,1.0,RiskOn,0.13205943257744088,-0.027400122797604887,2.1385541777979595,0.6468363762013668,0.002801801218361044,-0.2383550850102349,-0.18443416539121307,0.1689081752430457,2.270686152212722,-0.9396056829692151
2025-12-08,0.0,8.832036625676508e-45,1.0,RiskOn,0.05462127796258822,-0.04083147887541769,2.2639629855232206,0.6436648612649299,0.00017326982334309182,-0.1627304078835483,0.8234944292885896,-0.0006049063034117434,-0.11788540960953174,-1.123403510783119
2025-12-15,0.0,0.0,1.0,RiskOn,0.07892441883465211,-0.04831333032635765,2.1562532050964407,0.6522939208643566,0.005002067964888113,-0.09764848475628155,-0.8140071069403061,-0.14879335621450962,1.1133412626954144,-0.7115712353678694
2025-12-22,0.0,0.9208842971788149,0.07911570281822601,Neutral,0.05007514819808944,0.016854009400931635,2.1861328941372116,0.6530265466876561,0.007949601632358472,-0.09969092259844868,-0.29027045855985345,0.05042777260038752,0.006265429442476682,-0.3389448367730138
2025-12-29,0.0,6.81247963489538e-303,1.0,RiskOn,0.13715355286678976,0.13467728314337976,2.253178860382894,0.645204783307541,-0.0016315928938257507,0.062386483342535964,-0.8968842449535827,0.18797705496821127,0.3135122470625487,-0.349990287181355
2026-01-05,0.0,0.0,1.0,RiskOn,0.09434647861808149,-0.009894295187510744,2.1484682071459376,0.6445146515071472,0.0008497902422172077,0.09332366703044291,0.924701135072122,-0.206873441465,0.9904662688540701,0.5245364707054354
2026-01-12,0.0,1.691890992953185e-57,1.0,RiskOn,0.16906315645443346,-0.010060278346538377,2.296587336915042,0.6473985781906408,-0.004895342673715719,0.1315767190102622,0.008302632101845144,-0.09284010829141516,-0.13457378252731128,0.6684461932301565
2026-01-19,0.0,0.0,1.0,RiskOn,0.056894895331352065,-0.10068622593295835,2.265346686986138,0.6545132136897548,0.0014866670020986517,0.01403648367637221,1.528113851970318,-0.3481803010098625,1.4030135786376905,0.8643499666400757
2026-01-26,0.0,1.0,0.0,Neutral,0.0627234130967001,-0.12890920832141983,2.14349614710372,0.6658154358016919,0.02061065249415084,-0.2495500077884274,-0.7790878229440877,-0.0721608066229309,1.0240588359811362,0.21651330746942726
2026-02-02,0.0,1.0,4.480461432540472e-201,Neutral,0.07420972365405952,-0.06921171774743341,2.1621562757892883,0.669579942684589,0.02506529117744183,-0.30886743034835007,-0.6498580402625292,0.790984627998174,-0.27836514464865775,-1.2577465904985459
2026-02-09,9.43875939938979e-89,1.0,1.4882218690414817e-57,Neutral,0.06352812259644089,0.03694794136893266,2.2759903375603834,0.6653926866746074,0.017994108483966542,-0.261859210632879,-0.41830836850658903,1.0263586551830026,-0.07311673775136371,-1.5778005550419314
2026-02-16,0.0,1.0,0.0,Neutral,0.06677381513011317,-0.037628530884294915,2.2726210125722615,0.6676911289067405,0.013177915216985747,-0.19880151558421558,-0.6213482432781742,0.7241116051454419,1.1457288618942332,-1.3104461794893472
2026-02-23,0.0,1.0,0.0,Neutral,0.08443293587438735,0.001295045197073382,2.2772432341039597,0.6655006168876919,-0.0003148189139999813,-0.06859726206572236,-0.5582573820985642,0.5211913190513854,1.068056335125447,-0.9683424220498029
2026-03-02,0.0,1.0,0.0,Neutral,0.05302599310071246,-0.015972805482022685,2.1683190775597776,0.6686047100139052,-0.0009752326706837788,-0.01535834980031164,-0.18991969673834622,-0.10786097369546051,1.079123868900224,-0.2417173168362571
2026-03-09,8.946654193860484e-131,1.0,3.990281928355575e-73,Neutral,0.10958604116849172,0.10305468596035845,2.0640662828592644,0.6702914828231314,0.004898796148524065,0.05074839479111415,-0.8120691898592872,-0.13056907776735588,-0.11591801855787774,0.034727803757679025
2026-03-16,0.0,1.0,0.0,Neutral,0.07792892779939657,-0.05989197755849696,2.152467662770489,0.6646813167668133,-0.003009812139927237,0.028484948116912094,0.3286041520964812,0.1607218221375809,-1.230064144242016,0.37887169374526525
2026-03-23,0.0,1.0,1.370392354003828e-168,Neutral,0.06040022036453927,-0.018660980195784098,2.0613721916549386,0.6647398466986717,-0.0007607701890202101,0.00852892272405462,-0.3137997216905022,-0.19219018764578416,-0.24797881470704694,0.23495760104648766
2026-03-30,0.0,1.0,0.0,Neutral,0.085838660574728,0.02901074014697879,2.1458125177824265,0.669660948492002,0.0010562384780967715,0.05351246835305609,-0.6680969786849108,-0.05514900703692666,-1.224171075575833,0.09714793702898201
2026-04-06,0.0,1.0,3.8088189167972624e-202,Neutral,0.10915265416897875,0.013708188347104557,2.3839328547706184,0.6702839553407455,-7.527482385971673e-06,-0.0358340292601978,-0.158110617704592,0.05762255820445396,-0.2798431089592602,0.3376831495884139
2026-04-13,0.0,1.0,0.0,Neutral,0.09412120394370387,0.024659675109738936,2.0699560697894612,0.6728242330608832,0.008142916294069935,0.0487176234080381,0.3120898553065606,0.024777225418467445,2.204253580935926,-0.18029868129422089
2026-04-20,0.0,1.0,0.0,Neutral,0.08615251872789566,0.05579070352860784,2.1562716053551574,0.6802167397965815,0.015476893097909783,0.12316930713243004,-0.006137657109376053,0.4546834877880904,-1.0968800441817337,0.29617608144415397
2026-04-27,1.0075566197652084e-226,1.0,2.340785563987335e-107,Neutral,0.0883269013743922,-0.016140008884267427,2.163088883842476,0.6840173916146111,0.014356443122609086,0.07801855810118381,-0.11151816359448057,0.8266085033961933,-0.18081914778340918,0.7369878505351208
2026-05-04,1.737835178798411e-219,1.0,2.361071316798104e-152,Neutral,0.14733554797976353,0.1604499116373121,2.268549621317681,0.6808932356427164,0.010609280301970947,0.22476028139139137,-0.049782806259889976,0.7602866348067563,-0.10638365650210846,0.5082677037044242
2026-05-11,0.0,1.0,0.0,Neutral,0.07944156205159475,-0.11831246266959068,,0.683476834377287,0.010652601316403776,0.08178814361206176,1.3320997214070578,0.5500293527813865,1.0130347715296677,1.4682087572880018
2026-05-18,1.5384227463564031e-161,1.0,3.842251172615684e-130,Neutral,0.11257359457260788,0.029993508799669253,,0.6847363551676349,0.004519615371053387,0.05599094888312316,-0.2902877718795275,0.5335443595196281,0.0,0.6345139271989986
2026-05-25,3.673113819164312e-130,1.0,4.38109439630526e-129,Neutral,0.08704213808092534,-0.04692938038693828,,0.7048556471482234,0.020838255533612293,0.02520157738045231,0.4807244288701839,0.21828215702186618,0.0,0.48394869172082805
