week,pnl_gross,turnover,cost,pnl_net,gross_exposure,long_gross,short_gross,net_exposure,n_assets
2019-04-01,-0.026087488371289498,0.43,0.00043,-0.026517488371289498,0.86,0.6450000000000001,0.215,0.43000000000000016,10
2019-04-08,0.07020830255343943,0.44999999999999996,0.00045,0.06975830255343943,0.8599997862764317,0.6449998931382158,0.21499989313821583,0.43,13
2019-04-15,-0.0950796737729119,0.2753450436861441,0.00027534504368614414,-0.09535501881659805,0.86,0.645,0.215,0.43000000000000005,10
2019-04-22,0.0364549102171336,0.2683128634191726,0.0002683128634191726,0.036186597353714434,0.8599999999999999,0.645,0.215,0.43000000000000005,10
2019-04-29,0.032205958870105855,0.44999999999999996,0.00045,0.031755958870105856,0.7931730202518347,0.6115865101259174,0.18158651012591737,0.43,14
2019-05-06,0.10711061592557183,0.3629965704911743,0.00036299657049117424,0.10674761935508066,0.8599999999999999,0.645,0.215,0.43000000000000005,10
2019-05-13,0.029279260006170406,0.44999999999999996,0.00045,0.028829260006170407,0.8571138556763589,0.6435569278381795,0.21355692783817942,0.4300000000000001,13
2019-05-20,0.10450109651408762,0.45,0.00045,0.10405109651408762,0.8556629042288536,0.6428314521144268,0.2128314521144268,0.43000000000000005,15
2019-05-27,-0.059206379345040236,0.13443786529804638,0.00013443786529804638,-0.059340817210338286,0.8599999999999999,0.645,0.215,0.43000000000000005,10
2019-06-03,0.08417152956087343,0.3184050157649997,0.0003184050157649997,0.08385312454510843,0.8600000000000001,0.645,0.215,0.43000000000000005,10
2019-06-10,-0.010768424835410927,0.45000000000000007,0.0004500000000000001,-0.011218424835410927,0.7927762618694694,0.6113881309347347,0.18138813093473463,0.43000000000000005,13
2019-06-17,-0.09460844298695821,0.45,0.00045,-0.09505844298695822,0.7952943222679525,0.6126471611339761,0.18264716113397617,0.42999999999999994,14
2019-06-24,-0.010865942435616711,0.45,0.00045,-0.011315942435616712,0.8571782858601203,0.6435891429300602,0.21358914293006015,0.43000000000000005,14
2019-07-01,-0.12848919931777122,0.3607829133057321,0.00036078291330573207,-0.12884998223107696,0.86,0.645,0.215,0.43000000000000005,10
2019-07-08,0.01229059927706411,0.2508929778426121,0.0002508929778426121,0.012039706299221499,0.8600000000000001,0.645,0.215,0.43000000000000005,12
2019-07-15,-0.04168471182717021,0.39860491050517555,0.00039860491050517554,-0.04208331673767538,0.8600000000000001,0.645,0.215,0.43000000000000005,12
2019-07-22,-0.05466027246526598,0.45,0.00045,-0.05511027246526598,0.86,0.6450000000000001,0.21500000000000002,0.4300000000000001,15
2019-07-29,-0.02831389582415396,0.4084037395553765,0.0004084037395553765,-0.028722299563709336,0.8599999999999999,0.645,0.21499999999999997,0.43000000000000005,12
2019-08-05,-0.035498893120794135,0.31718879702265,0.00031718879702265,-0.03581608191781679,0.86,0.645,0.215,0.43000000000000005,12
2019-08-12,0.044641455452429396,0.3658550818407613,0.0003658550818407613,0.044275600370588634,0.8600000000000001,0.645,0.215,0.43000000000000005,12
2019-08-19,-0.050885803748976555,0.2542939819692363,0.0002542939819692363,-0.05114009773094579,0.8600000000000001,0.645,0.21499999999999997,0.43000000000000005,12
2019-08-26,0.043267414426584036,0.2924162302278346,0.00029241623022783456,0.0429749981963562,0.8599999999999999,0.645,0.215,0.43000000000000005,12
2019-09-02,0.03656981922499067,0.44999999999999996,0.00045,0.03611981922499067,0.7662460616612432,0.5981230308306216,0.16812303083062155,0.43000000000000005,14
2019-09-09,-0.036250043274304755,0.4155121609876571,0.0004155121609876571,-0.036665555435292416,0.8599999999999999,0.645,0.215,0.43000000000000005,12
2019-09-16,-0.085092191997416,0.29733455287083044,0.00029733455287083045,-0.08538952655028682,0.8600000000000001,0.645,0.21500000000000002,0.43,12
2019-09-23,0.06528209121614602,0.28176816996398774,0.00028176816996398777,0.06500032304618203,0.86,0.645,0.215,0.43000000000000005,12
2019-09-30,0.06486884855319068,0.2823524705399095,0.0002823524705399095,0.06458649608265077,0.8600000000000001,0.6450000000000001,0.21499999999999997,0.43000000000000016,12
2019-10-07,0.00655035717671461,0.1288290983536437,0.0001288290983536437,0.006421528078360966,0.8599999999999999,0.645,0.215,0.43000000000000005,12
2019-10-14,-0.027084902737545425,0.28645200765726997,0.00028645200765727,-0.027371354745202695,0.8600000000000001,0.645,0.215,0.43000000000000005,12
2019-10-21,-0.024273635875781765,0.44999999999999996,0.00045,-0.024723635875781764,0.8599999990773203,0.6449999995386602,0.2149999995386601,0.43000000000000005,17
2019-10-28,0.08761686068099354,0.41963334303150707,0.0004196333430315071,0.08719722733796204,0.8599999999999999,0.645,0.215,0.43000000000000005,12
2019-11-04,0.0018321960963358509,0.10635927205179821,0.0001063592720517982,0.0017258368242840526,0.8600000000000001,0.645,0.215,0.43000000000000005,12
2019-11-11,-0.10067861174285032,0.45,0.00045,-0.10112861174285033,0.8343684663070702,0.6321842331535351,0.20218423315353515,0.42999999999999994,16
2019-11-18,0.14183740228166367,0.28930142521239516,0.00028930142521239513,0.14154810085645128,0.8600000000000001,0.6450000000000001,0.215,0.43000000000000016,12
2019-11-25,-0.006484178736641006,0.4500000000000002,0.0004500000000000002,-0.006934178736641006,0.847547394686618,0.638773697343309,0.20877369734330897,0.43000000000000005,17
2019-12-02,0.003431280321312631,0.44999999999999996,0.00045,0.0029812803213126312,0.7736774277755536,0.6018387138877768,0.17183871388777672,0.43000000000000005,18
2019-12-09,-0.00420048052419103,0.3279781464773019,0.0003279781464773019,-0.0045284586706683325,0.8600000000000001,0.645,0.215,0.43000000000000005,14
2019-12-16,-0.019965854625907314,0.4500000000000002,0.0004500000000000002,-0.020415854625907313,0.8599999194086378,0.6449999597043189,0.2149999597043189,0.43,18
2019-12-23,0.015788542796956666,0.45,0.00045,0.015338542796956666,0.7965145448033257,0.613257272401663,0.1832572724016629,0.43000000000000005,19
2019-12-30,0.051401718382409575,0.44988018202489366,0.00044988018202489363,0.05095183820038468,0.8599999999999999,0.645,0.21499999999999997,0.43000000000000005,14
2020-01-06,0.10649349724419,0.45000000000000007,0.0004500000000000001,0.10604349724418999,0.8187738024972387,0.6243869012486194,0.19438690124861935,0.43000000000000005,18
2020-01-13,-0.010201116643116794,0.42884345049275513,0.0004288434504927551,-0.01062996009360955,0.8600000000000001,0.645,0.215,0.43000000000000005,14
2020-01-20,0.032164644208159614,0.45,0.00045,0.031714644208159615,0.8599999013385599,0.64499995066928,0.21499995066927988,0.43000000000000005,18
2020-01-27,0.15743617967445692,0.34315209474647296,0.000343152094746473,0.15709302757971044,0.8600000000000001,0.645,0.215,0.43000000000000005,14
2020-02-03,0.10336838157473527,0.45000000000000007,0.0004500000000000001,0.10291838157473526,0.8600000000000001,0.645,0.215,0.43000000000000005,18
2020-02-10,-0.018130780197189295,0.44289046601376114,0.00044289046601376115,-0.018573670663203055,0.86,0.645,0.215,0.43000000000000005,14
2020-02-17,-0.09986890045950754,0.4499999999999999,0.00044999999999999993,-0.10031890045950755,0.8594845949678518,0.6447422974839259,0.21474229748392587,0.43,18
2020-02-24,-0.04410663867598607,0.32657983342300634,0.00032657983342300635,-0.044433218509409074,0.86,0.645,0.21500000000000002,0.43,14
2020-03-02,-0.2498664188330173,0.37277252146650236,0.00037277252146650236,-0.2502391913544838,0.86,0.645,0.215,0.43000000000000005,14
2020-03-09,0.01993499793742463,0.1724349898662898,0.0001724349898662898,0.01976256294755834,0.86,0.645,0.215,0.43000000000000005,14
2020-03-16,0.030962779092292714,0.250421979098207,0.000250421979098207,0.03071235711319451,0.8600000000000002,0.6450000000000001,0.215,0.43000000000000016,14
2020-03-23,0.06328762650538355,0.2524084131254755,0.00025240841312547553,0.06303521809225808,0.8599999999999999,0.6449999999999999,0.21500000000000002,0.4299999999999999,14
2020-03-30,0.010038513327260808,0.45,0.00045,0.009588513327260807,0.838121532524167,0.6340607662620834,0.2040607662620834,0.43000000000000005,18
2020-04-06,0.021175526528280236,0.44999999999999996,0.00045,0.020725526528280237,0.8129748997380929,0.6214874498690465,0.1914874498690465,0.42999999999999994,19
2020-04-13,0.06262567589987925,0.4499999999999999,0.00044999999999999993,0.06217567589987925,0.8359360833718034,0.6329680416859018,0.20296804168590168,0.43000000000000016,20
2020-04-20,0.0083581926929355,0.37170643794409824,0.0003717064379440982,0.0079864862549914,0.86,0.6450000000000001,0.21500000000000002,0.4300000000000001,14
2020-04-27,-0.02657802418982963,0.45,0.00045,-0.02702802418982963,0.8556535826399227,0.6428267913199613,0.21282679131996124,0.4300000000000001,19
2020-05-04,0.027480037972609245,0.4499999999999999,0.00044999999999999993,0.027030037972609246,0.83466206261545,0.632331031307725,0.2023310313077249,0.43000000000000005,20
2020-05-11,-0.010736507332045802,0.30783889251189744,0.00030783889251189745,-0.011044346224557699,0.8600000000000001,0.645,0.21499999999999997,0.43000000000000005,14
2020-05-18,0.1107402113883782,0.45,0.00045,0.11029021138837819,0.8156820486451598,0.6228410243225799,0.19284102432257988,0.43000000000000005,18
2020-05-25,0.019499224172088513,0.38755056211942385,0.0003875505621194239,0.01911167360996909,0.86,0.645,0.215,0.43000000000000005,14
2020-06-01,-0.02745539863487997,0.45000000000000007,0.0004500000000000001,-0.02790539863487997,0.8571823384539311,0.6435911692269656,0.21359116922696553,0.43000000000000005,16
2020-06-08,0.016452022769599287,0.45,0.00045,0.016002022769599288,0.8593473893809782,0.6446736946904892,0.21467369469048908,0.4300000000000001,17
2020-06-15,-0.07355897072068839,0.24981094812979246,0.00024981094812979245,-0.07380878166881817,0.8599999999999999,0.6449999999999999,0.215,0.42999999999999994,14
2020-06-22,-0.027949540433412946,0.45,0.00045,-0.028399540433412945,0.821802746626285,0.6259013733131426,0.19590137331314253,0.43000000000000005,17
2020-06-29,0.12298996932568354,0.44999999999999996,0.00045,0.12253996932568353,0.8389305665492786,0.6344652832746392,0.2044652832746393,0.42999999999999994,20
2020-07-06,-0.014648397022590898,0.42760396293326797,0.00042760396293326793,-0.015076000985524167,0.8600000000000001,0.645,0.215,0.43000000000000005,14
2020-07-13,0.002979043947184044,0.45000000000000007,0.0004500000000000001,0.002529043947184044,0.8538322299201044,0.6419161149600521,0.21191611496005214,0.42999999999999994,19
2020-07-20,0.03883704224783694,0.45000000000000007,0.0004500000000000001,0.03838704224783694,0.63021156973599,0.45944250312415685,0.1707690666118331,0.28867343651232374,19
2020-07-27,-0.013799251249041942,0.30119272427740695,0.0003011927242774069,-0.01410044397331935,0.600029831602441,0.4200243244008221,0.18000550720161895,0.24001881719920315,14
2020-08-03,0.05882435781078228,0.2248741697923837,0.00022487416979238367,0.0585994836409899,0.600023762059593,0.42001937532640565,0.18000438673318722,0.24001498859321843,14
2020-08-10,-0.015060748773108285,0.35557611905494957,0.00035557611905494957,-0.015416324892163234,0.6000000347696759,0.4200000283506591,0.18000000641901687,0.24000002193164222,14
2020-08-17,-0.031429997018210296,0.39591700785417444,0.0003959170078541745,-0.03182591402606447,0.6000001093020404,0.4200000891232045,0.18000002017883607,0.24000006894436846,14
2020-08-24,-0.004633658540967856,0.45000000000000007,0.0004500000000000001,-0.005083658540967856,0.5990970953767638,0.419853277527247,0.1792438178495167,0.2406094596777303,18
2020-08-31,0.067226033536983,0.2656823178221352,0.0002656823178221352,0.06696035121916087,0.6000291693402302,0.42002378439488974,0.18000538494534046,0.24001839944954928,16
2020-09-07,-0.0009464981207429213,0.4300968978971978,0.0004300968978971978,-0.0013765950186401192,0.6006197390434024,0.42050539954240546,0.180114339500997,0.24039106004140845,16
2020-09-14,-0.013219055609756484,0.403522019682945,0.00040352201968294496,-0.013622577629439428,0.6158567380415274,0.432977693353345,0.18287904468818245,0.25009864866516257,16
2020-09-21,-0.01367365866522963,0.21866107441781224,0.00021866107441781226,-0.013892319739647442,0.6134913563756528,0.4310356476403121,0.1824557087353407,0.2485799389049714,16
2020-09-28,0.02324423814224931,0.44052265706694654,0.00044052265706694653,0.022803715485182362,0.6142373025857353,0.43164785841316056,0.18258944417257472,0.24905841424058583,16
2020-10-05,-0.014053480555490739,0.2975271711332319,0.0002975271711332319,-0.01435100772662397,0.6064639326879793,0.42527862635054364,0.18118530633743563,0.24409332001310802,16
2020-10-12,0.02044045035087566,0.3692919491377454,0.0003692919491377454,0.020071158401737916,0.6025367770498863,0.42206968652486887,0.18046709052501736,0.2416025959998515,16
2020-10-19,-0.009873392752105576,0.2452790885888344,0.00024527908858883445,-0.010118671840694411,0.6000000000001712,0.4200000000001712,0.18,0.2400000000001712,18
2020-10-26,0.013677422825429721,0.3377966376490834,0.0003377966376490834,0.013339626187780637,0.6,0.41999999999999993,0.18,0.23999999999999994,18
2020-11-02,-0.0052533045337525034,0.2543899180472231,0.0002543899180472231,-0.005507694451799727,0.5999999999999999,0.42,0.18,0.24,18
2020-11-09,0.08319168955405741,0.38594523548735044,0.00038594523548735044,0.08280574431857006,0.6000000000000001,0.42000000000000015,0.18,0.24000000000000016,18
2020-11-16,-0.001651266410106783,0.36574582352756135,0.0003657458235275613,-0.0020170122336343444,0.5999999999999999,0.41999999999999993,0.18,0.23999999999999994,18
2020-11-23,-0.0028688755512344473,0.40590496738834636,0.00040590496738834636,-0.0032747805186227937,0.6,0.41999999999999993,0.17999999999999997,0.23999999999999996,18
2020-11-30,-0.003423037263663552,0.34313732874629305,0.0003431373287462931,-0.003766174592409845,0.6411959752501682,0.4539170278805582,0.18727894736960995,0.2666380805109483,18
2020-12-07,0.02342387310219082,0.2458712461218407,0.00024587124612184067,0.02317800185606898,0.6343948438054987,0.4549863464456978,0.17940849735980097,0.27557784908589683,18
2020-12-14,0.044798173967734695,0.45000000000000007,0.0004500000000000001,0.044348173967734696,0.593600900750831,0.41777288531758167,0.17582801543324933,0.24194486988433234,22
2020-12-21,0.16635818860791782,0.35372541937211593,0.00035372541937211596,0.1660044631885457,0.6000000000000001,0.42,0.18000000000000005,0.23999999999999994,18
2020-12-28,0.07086130742467474,0.45000000000000007,0.0004500000000000001,0.07041130742467473,0.5957166058747827,0.41785830293739135,0.17785830293739135,0.24,25
2021-01-04,0.15135692030695097,0.24810266362964306,0.00024810266362964304,0.15110881764332132,0.8599436092113855,0.6449483813511764,0.21499522786020908,0.4299531534909673,18
2021-01-11,0.013404549835448785,0.2374426450157211,0.00023744264501572107,0.013167107190433064,0.6,0.42000000000000004,0.18000000000000005,0.24,18
2021-01-18,-0.03078326645096273,0.45,0.00045,-0.031233266450962728,0.8861003895636407,0.7637212477827852,0.12237914178085547,0.6413421060019296,25
2021-01-25,0.2212339051502557,0.36134988627515924,0.00036134988627515923,0.22087255526398056,0.9999999999999999,0.9000000000000001,0.09999999999999998,0.8000000000000002,18
2021-02-01,0.25187747181268,0.230996680680641,0.000230996680680641,0.25164647513199934,1.0,0.9000000000000001,0.09999999999999999,0.8000000000000002,18
2021-02-08,0.23273323170483176,0.3110988630686051,0.00031109886306860513,0.23242213284176316,0.9999999999999999,0.8999999999999999,0.09999999999999998,0.7999999999999999,18
2021-02-15,-0.06416414127098882,0.2784180121908746,0.00027841801219087456,-0.0644425592831797,1.0,0.9,0.09999999999999999,0.8,18
2021-02-22,0.42653958574553447,0.2518328902645071,0.0002518328902645071,0.42628775285527,1.0,0.9000000000000001,0.09999999999999998,0.8000000000000002,18
2021-03-01,0.2018027769194946,0.45000000000000007,0.0004500000000000001,0.2013527769194946,0.9999999999999999,0.9,0.09999999999999998,0.8,23
2021-03-08,0.04961979598395124,0.45000000000000007,0.0004500000000000001,0.04916979598395124,0.9986360612510734,0.8993180306255368,0.0993180306255368,0.8,26
2021-03-15,0.04700602344744395,0.4499999999999999,0.00044999999999999993,0.04655602344744395,0.9974310782072153,0.8987155391036077,0.09871553910360771,0.7999999999999999,28
2021-03-22,0.2181331515031815,0.44999999999999996,0.00045,0.2176831515031815,0.99860632406896,0.8993031620344799,0.09930316203447993,0.7999999999999999,28
2021-03-29,0.13631606257469775,0.45,0.00045,0.13586606257469774,0.9997037330641257,0.899851866532063,0.09985186653206288,0.8,28
2021-04-05,0.685765739986391,0.3830570702830829,0.00038305707028308286,0.6853826829161079,1.0,0.8999999999999999,0.09999999999999999,0.7999999999999999,18
2021-04-12,-0.09116610283172265,0.45,0.00045,-0.09161610283172265,0.9960905549740764,0.8980452774870381,0.0980452774870382,0.7999999999999999,23
2021-04-19,0.1944465180939124,0.44999999999999996,0.00045,0.19399651809391238,0.9958775444478657,0.8978466664097513,0.09803087803811429,0.799815788371637,27
2021-04-26,0.02691119617257907,0.45,0.00045,0.026461196172579072,0.742898937421269,0.5673207268536127,0.17557821056765635,0.39174251628595635,29
2021-05-03,-0.04455484198587098,0.40194625106642473,0.0004019462510664248,-0.044956788236937405,0.6200394896845606,0.4395349295590499,0.1805045601255107,0.2590303694335392,18
2021-05-10,-0.1356630544690409,0.44999999999999996,0.00045,-0.1361130544690409,0.6214652040728965,0.43869575346108175,0.18276945061181485,0.2559263028492669,25
2021-05-17,0.0042766400016584945,0.3488673644369793,0.0003488673644369793,0.0039277726372215155,0.6350963113304459,0.44897658203649016,0.18611972929395565,0.2628568527425345,20
2021-05-24,0.025209017280285514,0.44999999999999996,0.00045,0.024759017280285515,0.5664159092370447,0.4042570297935346,0.16215887944350996,0.24209815035002466,30
2021-05-31,-0.010508349417924173,0.45,0.00045,-0.010958349417924174,0.5244231558335459,0.38254962421313476,0.14187353162041125,0.24067609259272352,30
2021-06-07,-0.014728867969015591,0.356784915375866,0.000356784915375866,-0.015085652884391457,0.6003196570480089,0.4202606666624973,0.1800589903855115,0.24020167627698577,20
2021-06-14,-0.02611121727533424,0.3928425358411325,0.0003928425358411325,-0.026504059811175373,0.6001857264644495,0.4201515021434713,0.18003422432097813,0.24011727782249317,20
2021-06-21,0.0009733353482010224,0.34279344564558717,0.0003427934456455872,0.0006305419025554352,0.6000179286305958,0.42001471009713087,0.18000321853346488,0.240011491563666,20
2021-06-28,-0.024904455792592536,0.3428543783689311,0.0003428543783689311,-0.025247310170961466,0.6000676665380328,0.4200551776696873,0.18001248886834556,0.24004268880134175,20
2021-07-05,-0.009359859473404104,0.43736949186937485,0.0004373694918693748,-0.009797228965273479,0.6002102634873352,0.42017147291816215,0.1800387905691731,0.24013268234898905,20
2021-07-12,-0.02397042327154772,0.2405425085732284,0.0002405425085732284,-0.024210965780120948,0.6002943579883064,0.42024006982574447,0.1800542881625621,0.24018578166318236,20
2021-07-19,0.008606818458682318,0.37351020400001783,0.0003735102040000178,0.008233308254682301,0.6000193648723638,0.42001580906257596,0.18000355580978783,0.24001225325278813,20
2021-07-26,0.011522097965880194,0.36311636063068864,0.00036311636063068864,0.011158981605249505,0.6000655003872704,0.4200534259186954,0.18001207446857492,0.24004135145012045,20
2021-08-02,0.07771931900080717,0.24970164414795382,0.0002497016441479538,0.07746961735665922,0.6001087075454379,0.4200887134789522,0.18001999406648564,0.24006871941246657,22
2021-08-09,0.005725943215241994,0.45,0.00045,0.005275943215241994,0.595129811946102,0.41757843052452115,0.17755138142158083,0.24002704910294032,29
2021-08-16,0.01410569008093658,0.45000000000000007,0.0004500000000000001,0.013655690080936578,0.5932209149140206,0.41666255889588627,0.1765583560181344,0.24010420287775186,31
2021-08-23,0.05850742397508137,0.21332427765182488,0.00021332427765182488,0.05829409969742955,0.6182482198239736,0.4349585298510404,0.18328968997293307,0.2516688398781073,22
2021-08-30,-0.005286495525212056,0.26463447155733455,0.00026463447155733455,-0.00555112999676939,0.601324353990606,0.42131784715435133,0.18000650683625477,0.24131134031809656,22
2021-09-06,-0.04553814639707425,0.40203863726325556,0.0004020386372632555,-0.045940185034337506,0.6003508956884022,0.420286767067194,0.18006412862120824,0.24022263844598574,22
2021-09-13,-0.007772530134029351,0.45000000000000007,0.0004500000000000001,-0.00822253013402935,0.5788209836460786,0.4119366896562523,0.16688429398982627,0.24505239566642603,27
2021-09-20,0.003387504674348635,0.2511156674217079,0.0002511156674217079,0.003136389006926927,0.6001070151939376,0.42009686426713,0.1800101509268077,0.2400867133403223,22
2021-09-27,0.007118076785601676,0.31455275183083464,0.00031455275183083463,0.006803524033770841,0.6000396569291886,0.420032352218659,0.18000730471052961,0.24002504750812936,22
2021-10-04,0.009526495996364182,0.45,0.00045,0.00907649599636418,0.5918667804965005,0.4159415949574416,0.17592518553905892,0.24001640941838268,29
2021-10-11,0.0565153982453956,0.3700235562552613,0.0003700235562552613,0.05614537468914034,0.8258923892181652,0.6140133256440823,0.21187906357408276,0.4021342620699995,22
2021-10-18,-0.019852792756990263,0.39960500266268073,0.0003996050026626807,-0.020252397759652943,0.6174322078740463,0.4375828330236488,0.17984937485039745,0.25773345817325133,22
2021-10-25,0.006118007788157746,0.44999999999999996,0.00045,0.005668007788157746,0.5978542289695914,0.41959879825070123,0.17825543071889005,0.24134336753181118,29
2021-11-01,0.056446002228214526,0.2665640140171588,0.0002665640140171588,0.056179438214197366,0.6226500903051885,0.43857050149733573,0.18407958880785283,0.2544909126894829,22
2021-11-08,-0.01610658205932067,0.3201101877027648,0.00032011018770276476,-0.016426692247023436,0.6322657472557536,0.44653567837915975,0.18573006887659385,0.2608056095025659,22
2021-11-15,-0.02644983212173757,0.45000000000000007,0.0004500000000000001,-0.02689983212173757,0.6214388985523551,0.44122177990078426,0.1802171186515708,0.26100466124921345,29
2021-11-22,-0.008756023025610099,0.3751849533545068,0.0003751849533545068,-0.009131207978964606,0.6070103584954554,0.42572969373499125,0.18128066476046423,0.24444902897452703,22
2021-11-29,-0.031053335672729443,0.3061658485740488,0.0003061658485740488,-0.03135950152130349,0.6004426263815213,0.4203611403088148,0.1800814860727066,0.24027965423610817,22
2021-12-06,-0.040066870625985206,0.4197889791288566,0.00041978897912885665,-0.040486659605114064,0.6002036355211241,0.4201660499352186,0.18003758558590544,0.24012846434931318,22
2021-12-13,0.002122872709953324,0.4500000000000001,0.0004500000000000001,0.001672872709953324,0.5962583961922592,0.41820184828321794,0.1780565479090412,0.24014530037417672,28
2021-12-20,-0.010547677646559863,0.42283572939340475,0.00042283572939340476,-0.010970513375953268,0.6003191313825413,0.4202602350057791,0.18005889637676228,0.2402013386290168,22
2021-12-27,-0.030443675407492647,0.36004521868761735,0.00036004521868761736,-0.030803720626180264,0.6185207402401065,0.4351675595594314,0.18335318068067513,0.2518143788787563,22
2022-01-03,-0.07832777913842258,0.45,0.00045,-0.07877777913842259,0.6012913942957282,0.4210586721200145,0.18023272217571373,0.2408259499443008,28
2022-01-10,-0.05262764810946052,0.4271513291082826,0.0004271513291082826,-0.053054799438568806,0.6016356864673222,0.42133430119978155,0.1803013852675407,0.24103291593224085,22
2022-01-17,0.009218304139587935,0.4321399030136552,0.0004321399030136551,0.00878616423657428,0.6055172859502488,0.4245051985146645,0.18101208743558425,0.24349311107908025,22
2022-01-24,0.11786631320648594,0.45,0.00045,0.11741631320648593,0.7341160700999426,0.5333425682909068,0.20077350180903586,0.3325690664818709,30
2022-01-31,0.0026273513554676275,0.362869595085102,0.000362869595085102,0.0022644817603825257,0.7539190367675623,0.5501469225242324,0.20377211424332986,0.3463748082809025,22
2022-02-07,-0.027027008314292215,0.45,0.00045,-0.027477008314292214,0.7341520150844796,0.5338128785401183,0.20033913654436133,0.33347374199575697,30
2022-02-14,-0.03316191603968799,0.44999999999999996,0.00045,-0.03361191603968799,0.7632628638301604,0.55965258192393,0.2036102819062304,0.35604230001769954,32
2022-02-21,-0.045523057310024984,0.45,0.00045,-0.04597305731002498,0.6927401128779079,0.5007408574123039,0.1919992554656041,0.3087416019466998,32
2022-02-28,0.05549630097539722,0.45000000000000007,0.0004500000000000001,0.05504630097539722,0.7136738490637322,0.5275975004972501,0.18607634856648225,0.3415211519307678,34
2022-03-07,0.020472152321885373,0.4500000000000002,0.0004500000000000002,0.020022152321885374,0.6628021894897869,0.4888570184312786,0.17394517105850826,0.31491184737277034,34
2022-03-14,0.06870904240173101,0.3284027433264851,0.0003284027433264851,0.06838063965840452,0.7676698453164508,0.5622684981947376,0.20540134712171326,0.3568671510730243,22
2022-03-21,0.029587712475260056,0.45000000000000007,0.0004500000000000001,0.029137712475260057,0.7073563088239933,0.5106626061855494,0.1966937026384439,0.3139689035471055,27
2022-03-28,-0.024821842395571957,0.3585221762644575,0.00035852217626445746,-0.025180364571836415,0.755140529459778,0.5536811835373385,0.20145934592243941,0.3522218376148991,22
2022-04-04,-0.010524435591026898,0.3581376555366404,0.0003581376555366404,-0.010882573246563538,0.7247181399191276,0.529927165948308,0.19479097397081957,0.33513619197748845,22
2022-04-11,-0.025275001905718218,0.45,0.00045,-0.025725001905718217,0.745907886541804,0.5459995147024437,0.19990837183936025,0.3460911428630834,29
2022-04-18,-0.02611965853330306,0.44999999999999996,0.00045,-0.026569658533303057,0.6437382010466564,0.48651243041779924,0.15722577062885712,0.3292866597889421,32
2022-04-25,-0.024830915082976236,0.45,0.00045,-0.025280915082976235,0.5613883323034946,0.41108014848681534,0.15030818381667937,0.26077196467013597,33
2022-05-02,-0.07073482301825358,0.44999999999999996,0.00045,-0.07118482301825359,0.5893306816057955,0.41512706368043767,0.1742036179253577,0.24092344575507996,34
2022-05-09,-0.021949973798255133,0.4006727294641289,0.0004006727294641289,-0.022350646527719262,0.6004927836328969,0.42040191744725386,0.18009086618564302,0.24031105126161084,22
2022-05-16,-0.04278889590694305,0.45000000000000007,0.0004500000000000001,-0.04323889590694305,0.5975262408664933,0.418820488893147,0.17870575197334612,0.24011473691980087,29
2022-05-23,-0.011399923814168674,0.37097181981334226,0.00037097181981334226,-0.011770895633982016,0.600021674183561,0.420017694171794,0.18000398001176696,0.24001371416002706,22
2022-05-30,-0.03758395465908612,0.45,0.00045,-0.03803395465908612,0.5978938392884178,0.4189603241568234,0.17893351513159442,0.24002680902522897,29
2022-06-06,-0.06763138170491105,0.39513097804855085,0.00039513097804855083,-0.0680265126829596,0.6000725165742209,0.42005918719806934,0.18001332937615158,0.24004585782191776,22
2022-06-13,0.07135592367087511,0.45000000000000007,0.0004500000000000001,0.0709059236708751,0.6000436205895132,0.420035677530459,0.18000794305905418,0.24002773447140482,30
2022-06-20,-0.015763598470520168,0.38547085609757387,0.00038547085609757386,-0.016149069326617742,0.6022524376312473,0.4218376655472196,0.1804147720840277,0.24142289346319187,22
2022-06-27,-0.015252255250306638,0.3624257958144139,0.0003624257958144139,-0.015614681046121051,0.603819853020954,0.4231388479000539,0.18068100512090007,0.24245784277915383,22
2022-07-04,0.0017610112234937112,0.4393526473374779,0.0004393526473374779,0.0013216585761562333,0.6014564263176552,0.42125480405064386,0.18020162226701136,0.2410531817836325,22
2022-07-11,0.011794350820730388,0.2901070127857444,0.0002901070127857444,0.011504243807944644,0.6334123763005018,0.4475949873389727,0.18581738896152908,0.26177759837744363,22
2022-07-18,0.01005895267615588,0.4313115230364043,0.0004313115230364043,0.009627641153119476,0.6072107498558287,0.42707770003273304,0.18013304982309558,0.24694465020963746,22
2022-07-25,0.031445752016940665,0.4480905760149813,0.0004480905760149813,0.030997661440925684,0.6000990115215037,0.4200814768214036,0.18001753470010007,0.24006394212130355,22
2022-08-01,-0.011014815579838962,0.24897142781471954,0.00024897142781471953,-0.011263787007653682,0.6516065379010031,0.4626155501312566,0.1889909877697465,0.2736245623615101,22
2022-08-08,-0.037704995013505084,0.39158890042799294,0.0003915889004279929,-0.03809658391393308,0.609548842500988,0.42955571699461065,0.17999312550637725,0.2495625914882334,22
2022-08-15,0.027050891755554907,0.44999999999999996,0.00045,0.02660089175555491,0.5976753428281943,0.4193549126323519,0.17832043019584243,0.2410344824365095,30
2022-08-22,0.013494433573078696,0.3404509737905323,0.0003404509737905323,0.013153982599288164,0.6000339296670938,0.42003150798194405,0.18000242168514974,0.24002908629679431,22
2022-08-29,0.0254667618325326,0.38019381584511835,0.0003801938158451184,0.02508656801668748,0.6001086775418901,0.42008862816995385,0.18002004937193633,0.24006857879801752,22
2022-09-05,-0.015184851978505637,0.3246972906894135,0.0003246972906894135,-0.015509549269195051,0.6001007683726981,0.4200822573953219,0.18001851097737614,0.24006374641794576,22
2022-09-12,0.088266180795978,0.3935621336757981,0.00039356213367579816,0.08787261866230221,0.6000176291802837,0.42001447917882334,0.18000315000146036,0.24001132917736298,22
2022-09-19,-0.013231862402478024,0.29488072421142236,0.00029488072421142235,-0.013526743126689446,0.6001309420765126,0.4201068090001108,0.18002413307640192,0.2400826759237089,22
2022-09-26,0.032670593451427185,0.4163060428274667,0.0004163060428274667,0.032254287408599716,0.6027744362658775,0.4222653369898743,0.18050909927600317,0.2417562377138711,22
2022-10-03,0.044058203125958185,0.28567670068713297,0.000285676700687133,0.043772526425271054,0.7085767562747813,0.511445997269829,0.19713075900495233,0.3143152382648766,22
2022-10-10,-0.002282850763758835,0.2879244831378209,0.0002879244831378209,-0.002570775246896656,0.6039294597238917,0.4239370640984934,0.17999239562539826,0.24394466847309515,22
2022-10-17,0.025049171379432862,0.3962342120988872,0.0003962342120988872,0.024652937167333976,0.6000353439198093,0.42002883595769197,0.1800065079621174,0.24002232799557457,22
2022-10-24,0.0028606574176379984,0.3641788116613524,0.00036417881166135244,0.002496478605976646,0.6000011854460646,0.4200011803344504,0.18000000511161426,0.24000117522283612,24
2022-10-31,-0.14586922641231942,0.45,0.00045,-0.14631922641231943,0.7993187613820817,0.6731180354415744,0.12620072594050727,0.5469173095010672,32
2022-11-07,0.001156962215288014,0.45,0.00045,0.0007069622152880141,0.6478193454015414,0.4825439543793686,0.16527539102217273,0.3172685633571959,35
2022-11-14,0.012394461528102006,0.44999999999999996,0.00045,0.011944461528102005,0.5916291064400281,0.4184334351770565,0.1731956712629716,0.2452377639140849,36
2022-11-21,0.0024837090673390538,0.3300588071665252,0.0003300588071665252,0.0021536502601725285,0.6000037249996406,0.4200031509492107,0.18000057405042996,0.24000257689878074,24
2022-11-28,-0.011910395597596365,0.45,0.00045,-0.012360395597596366,0.600133725277272,0.4201090621506052,0.1800246631266669,0.24008439902393827,34
2022-12-05,-0.018192738115904668,0.45,0.00045,-0.018642738115904667,0.5799547273015725,0.40998148140145774,0.1699732459001146,0.24000823550134315,37
2022-12-12,-0.008167500259587396,0.45,0.00045,-0.008617500259587397,0.7007749756223334,0.5047897632813655,0.19598521234096772,0.30880455094039777,37
2022-12-19,0.007063823729051935,0.33841618883736596,0.00033841618883736596,0.0067254075402145685,0.6032223735412419,0.4232274226758811,0.17999495086536066,0.24323247181052043,24
2022-12-26,-0.0159821719706519,0.24611989889106764,0.00024611989889106764,-0.016228291869542968,0.6000001794663826,0.4200001647924394,0.18000001467394317,0.24000015011849624,24
2023-01-02,-0.010697063550114709,0.28299240708830015,0.0002829924070883001,-0.010980055957203009,0.6000002722168515,0.420000225553676,0.1800000466631756,0.2400001788905004,24
2023-01-09,-0.02836184548320804,0.44999999999999996,0.00045,-0.02881184548320804,0.6286717777343381,0.4450814084408166,0.18359036929352165,0.261491039147295,32
2023-01-16,0.025579806169393707,0.45,0.00045,0.02512980616939371,0.9369967073546878,0.8325637801313142,0.10443292722337358,0.7281308529079406,33
2023-01-23,0.004643375817142469,0.44999999999999996,0.00045,0.004193375817142469,0.9893384350993198,0.8897224772728947,0.09961595782642511,0.7901065194464696,34
2023-01-30,-0.029615793730221638,0.4468702116316711,0.00044687021163167115,-0.03006266394185331,0.9965373038606727,0.8951582203777694,0.10137908348290348,0.7937791368948659,24
2023-02-06,0.24796160213671217,0.45000000000000007,0.0004500000000000001,0.24751160213671217,0.9988078781277787,0.8987050134154921,0.10010286471228651,0.7986021487032057,30
2023-02-13,0.0038794953784035083,0.44999999999999996,0.00045,0.0034294953784035085,0.6156649236005505,0.4715049691295092,0.14415995447104113,0.32734501465846805,33
2023-02-20,-0.07809252156315288,0.4499999999999999,0.00044999999999999993,-0.07854252156315289,0.9315519944543553,0.828060808606059,0.10349118584829611,0.7245696227577629,36
2023-02-27,-0.03678726320884334,0.45,0.00045,-0.03723726320884334,0.6621425288457514,0.5198828270277549,0.14225970181799652,0.3776231252097584,37
2023-03-06,-0.0008334363824744549,0.45000000000000007,0.0004500000000000001,-0.001283436382474455,0.5813817291952663,0.4182979393560996,0.16308378983916666,0.25521414951693294,37
2023-03-13,0.03200143013140071,0.28005444700206794,0.00028005444700206797,0.03172137568439864,0.6000003187716544,0.4200002601095373,0.18000005866211716,0.24000020144742013,24
2023-03-20,0.056375237319514424,0.3940679300308928,0.0003940679300308928,0.05598116938948353,0.681844539992534,0.4880229577994831,0.19382158219305098,0.2942013756064321,24
2023-03-27,0.0038388511160402823,0.2578822027483837,0.0002578822027483837,0.0035809689132918986,0.6066565003186338,0.4254557237397416,0.18120077657889233,0.24425494716084928,24
2023-04-03,0.027364625373190975,0.2622019498029912,0.00026220194980299124,0.027102423423387985,0.6028076438180114,0.42229763152647715,0.1805100122915343,0.24178761923494285,24
2023-04-10,-0.03083909330541662,0.2530727154466888,0.0002530727154466888,-0.03109216602086331,0.6010183548081993,0.4208487064078112,0.18016964840038815,0.24067905800742304,24
2023-04-17,-0.0037062951177729846,0.45000000000000007,0.0004500000000000001,-0.004156295117772985,0.5936008809053637,0.4168398549995441,0.17676102590581974,0.24007882909372438,31
2023-04-24,0.016692020122094035,0.29811333529998807,0.00029811333529998805,0.016393906786794046,0.600048394272238,0.42004839378515696,0.18000000048708095,0.240048393298076,24
2023-05-01,-0.008132789872678878,0.19036086549728062,0.00019036086549728063,-0.008323150738176159,0.6000437785485382,0.42004377789847763,0.1800000006500605,0.24004377724841713,24
2023-05-08,0.017004073683902603,0.31506292318636253,0.00031506292318636255,0.01668901076071624,0.6000145553923228,0.42001455428742995,0.18000000110489284,0.24001455318253712,24
2023-05-15,0.003043081815016407,0.251322775543935,0.000251322775543935,0.0027917590394724717,0.6000012903027918,0.42000124475738343,0.18000004554540835,0.24000119921197507,24
2023-05-22,-0.006237404289822979,0.3821288789604145,0.00038212887896041446,-0.006619533168783394,0.600005945063731,0.4200059449465833,0.18000000011714756,0.2400059448294357,24
2023-05-29,-0.009835111446932493,0.3506847490191963,0.00035068474901919625,-0.01018579619595169,0.6000072111930295,0.42000721078262965,0.18000000041039976,0.24000721037222988,24
2023-06-05,-0.021933319357552952,0.4294662677627774,0.00042946626776277743,-0.02236278562531573,0.6000162876679489,0.42001578921126537,0.1800004984566835,0.24001529075458186,24
2023-06-12,0.1254335541816698,0.4282304094987406,0.0004282304094987406,0.12500532377217105,0.6000662880498628,0.4200551859062842,0.18001110214357863,0.24004408376270558,24
2023-06-19,-0.010553559330952113,0.33578821497644784,0.00033578821497644783,-0.010889347545928562,0.600002380039197,0.4200023791648848,0.1800000008743123,0.2400023782905725,24
2023-06-26,-0.013857344248064944,0.44999999999999996,0.00045,-0.014307344248064945,0.7138119889082704,0.5705215264444347,0.14329046246383567,0.42723106398059896,34
2023-07-03,0.04055345348536816,0.45,0.00045,0.04010345348536816,0.8662059434189578,0.7330335920606053,0.13317235135835262,0.5998612407022527,38
2023-07-10,-0.002044545486735258,0.3864810409967171,0.0003864810409967171,-0.002431026527731975,0.6830948396911306,0.5065471533863228,0.17654768630480772,0.3299994670815151,24
2023-07-17,-0.018392538925411067,0.2896737003718154,0.00028967370037181534,-0.018682212625782884,0.7159886370529767,0.5191016051554209,0.19688703189755574,0.3222145732578652,24
2023-07-24,0.014072796626320501,0.44999999999999996,0.00045,0.0136227966263205,0.7826635524102564,0.5871028831318581,0.19556066927839827,0.39154221385345983,31
2023-07-31,0.014090284193757432,0.44999999999999984,0.0004499999999999998,0.013640284193757433,0.8246591635189151,0.6156149206094592,0.20904424290945578,0.40657067770000344,39
2023-08-07,-0.05007932988645213,0.45000000000000007,0.0004500000000000001,-0.05052932988645213,0.8070805747921255,0.6014829686090102,0.2055976061831153,0.3958853624258949,40
2023-08-14,0.0013970411251608933,0.45000000000000007,0.0004500000000000001,0.0009470411251608932,0.5814108279538421,0.42742153590990983,0.15398929204393225,0.2734322438659776,40
2023-08-21,0.0024085300007371645,0.3205348446903353,0.0003205348446903353,0.002087995156046829,0.6005560776846219,0.4204534766548455,0.18010260102977646,0.24035087562506904,26
2023-08-28,0.010209176740606354,0.2122701553371489,0.00021227015533714893,0.009996906585269206,0.6002193477967708,0.4201788620714954,0.1800404857252754,0.24013837634622,26
2023-09-04,0.01656598699215279,0.27171774147368655,0.0002717177414736866,0.016294269250679103,0.6003334283993369,0.4202718937668648,0.18006153463247215,0.24021035913439265,26
2023-09-11,0.008200657981934131,0.44999999999999996,0.00045,0.0077506579819341314,0.5977841253096284,0.41899737657483155,0.17878674873479686,0.2402106278400347,36
2023-09-18,0.01791063164473064,0.24888383315777055,0.00024888383315777057,0.01766174781157287,0.6008278869319315,0.4206751780746442,0.18015270885728726,0.24052246921735695,26
2023-09-25,-0.007912836186422734,0.2594471695456481,0.00025944716954564814,-0.008172283355968382,0.6011768967976218,0.4209598899053829,0.1802170068922388,0.24074288301314412,26
2023-10-02,-0.00971533169918518,0.45,0.00045,-0.01016533169918518,0.6037239262407578,0.42315833243640294,0.1805655938043549,0.24259273863204803,35
2023-10-09,0.031302508683834926,0.403371469838308,0.000403371469838308,0.03089913721399662,0.6034810004158868,0.4228406844475507,0.18064031596833602,0.24220036847921467,26
2023-10-16,0.0027296277396097928,0.38516533388727586,0.0003851653338872759,0.002344462405722517,0.6039858968694328,0.4232530942500482,0.18073280261938462,0.24252029163066358,26
2023-10-23,0.0153971257993958,0.328473858195912,0.000328473858195912,0.01506865194119989,0.6068801259736231,0.42644254000305043,0.18043758597057263,0.2460049540324778,26
2023-10-30,0.05789737657615762,0.44999999999999996,0.00045,0.05744737657615762,0.8277099676010222,0.6361671814859742,0.19154278611504794,0.44462439537092624,34
2023-11-06,-0.009627591559676565,0.45,0.00045,-0.010077591559676566,0.9130929769852082,0.7935668290923391,0.119526147892869,0.6740406811994701,36
2023-11-13,0.01495785691905482,0.4500000000000001,0.0004500000000000001,0.01450785691905482,0.8346352444122714,0.6709174681651292,0.16371777624714223,0.507199691917987,37
2023-11-20,0.024958730528146657,0.45,0.00045,0.024508730528146658,0.8188353506377823,0.6730226925596963,0.14581265807808622,0.5272100344816101,40
2023-11-27,0.01852221675420667,0.45000000000000007,0.0004500000000000001,0.01807221675420667,0.5876437803928224,0.44997081416554974,0.1376729662272727,0.31229784793827703,40
2023-12-04,-0.045362935282974255,0.43555631502135006,0.00043555631502135,-0.04579849159799561,0.9156583892771709,0.7415366266556225,0.17412176262154858,0.5674148640340739,26
2023-12-11,0.10117854011414354,0.4499999999999999,0.00044999999999999993,0.10072854011414353,0.8950982985024512,0.7408845055429589,0.15421379295949234,0.5866707125834666,35
2023-12-18,0.0869684134013969,0.356724599514439,0.000356724599514439,0.08661168880188246,0.9988317204304009,0.897698295290241,0.10113342514015985,0.7965648701500812,26
2023-12-25,-0.0384784036442759,0.45,0.00045,-0.0389284036442759,0.8742738696291376,0.6712050631699247,0.20306880645921285,0.4681362567107118,35
2024-01-01,0.05460243114274123,0.4500000000000001,0.0004500000000000001,0.05415243114274123,0.8494075427423722,0.6863514146841324,0.1630561280582397,0.5232952866258926,38
2024-01-08,-0.013495655694371746,0.45,0.00045,-0.013945655694371747,0.5923906246417776,0.42661966870635953,0.165770955935418,0.26084871277094157,40
2024-01-15,-0.02272800446389349,0.45000000000000007,0.0004500000000000001,-0.023178004463893488,0.6019764469173772,0.4295651370429018,0.17241130987447545,0.25715382716842633,42
2024-01-22,0.004573841758548238,0.44999999999999996,0.00045,0.004123841758548238,0.5797635691628014,0.4109165571763025,0.16884701198649904,0.24206954518980345,42
2024-01-29,0.02262863042463038,0.24657449669671272,0.00024657449669671273,0.022382055927933665,0.6000045936966287,0.420003774670594,0.18000081902603463,0.2400029556445594,26
2024-02-05,0.01982325355390331,0.36347833718214057,0.0003634783371821406,0.01945977521672117,0.6000030750521891,0.4200025235004756,0.1800005515517135,0.24000197194876213,26
2024-02-12,-0.007263908457908235,0.35375744542721727,0.00035375744542721725,-0.0076176659033354525,0.6038789331211258,0.4231657859302743,0.18071314719085152,0.2424526387394228,26
2024-02-19,0.3687198056607487,0.45,0.00045,0.3682698056607487,0.8355193264932194,0.7060608043515514,0.12945852214166798,0.5766022822098834,35
2024-02-26,0.16855311333013887,0.44999999999999996,0.00045,0.16810311333013886,0.9122824016989267,0.827553456491154,0.08472894520777283,0.7428245112833811,38
2024-03-04,0.10257312942275924,0.3554611010674748,0.0003554611010674748,0.10221766832169177,0.9999999999999999,0.9,0.09999999999999998,0.8,26
2024-03-11,-0.007119021025185992,0.38609128021076905,0.00038609128021076906,-0.007505112305396761,0.9998045406136159,0.8997263759612482,0.10007816465236773,0.7996482113088804,26
2024-03-18,0.07739669653917854,0.45000000000000007,0.0004500000000000001,0.07694669653917853,0.9997128309229808,0.8998140313484067,0.09989879957457413,0.7999152317738325,36
2024-03-25,-0.11632924463894323,0.44999999999999996,0.00045,-0.11677924463894324,0.991372988200442,0.8933580669588089,0.09801492124163302,0.7953431457171759,39
2024-04-01,-0.14630904432411476,0.44999999999999996,0.00045,-0.14675904432411477,0.8884304726160676,0.7595044597002389,0.12892601291582856,0.6305784467844104,41
2024-04-08,0.002360887795744075,0.45000000000000007,0.0004500000000000001,0.001910887795744075,0.6038747379195338,0.4765652056655138,0.1273095322540201,0.34925567341149366,43
2024-04-15,0.01569319271366674,0.44514439270185285,0.0004451443927018529,0.015248048320964885,0.6001357114339038,0.42011137826506856,0.1800243331688353,0.24008704509623327,28
2024-04-22,-0.009712932114559536,0.37021130177996125,0.0003702113017799613,-0.010083143416339497,0.6005630400876214,0.4205631985946912,0.17999984149293025,0.24056335710176097,28
2024-04-29,-0.001956244277632516,0.3972855320413305,0.00039728553204133047,-0.0023535298096738467,0.6002628366197579,0.42026287116130306,0.1799999654584548,0.24026290570284825,28
2024-05-06,-0.012604730040754642,0.3838843885349272,0.0003838843885349272,-0.01298861442928957,0.6003710893808366,0.42037115823450166,0.17999993114633484,0.24037122708816683,28
2024-05-13,0.03596547594778918,0.38020560285393823,0.0003802056028539382,0.03558527034493524,0.6025247289834296,0.42252791611164936,0.1799968128717801,0.24253110323986926,28
2024-05-20,-0.007087311620612969,0.2650826190510028,0.00026508261905100277,-0.007352394239663972,0.601086203674347,0.4210867935935594,0.17999941008078751,0.24108738351277187,28
2024-05-27,-0.016888896316299043,0.45000000000000007,0.0004500000000000001,-0.017338896316299042,0.7897867546486971,0.6349035768469921,0.154883177801705,0.48002039904528704,33
2024-06-03,-0.04559665168462141,0.3674967119719711,0.0003674967119719711,-0.04596414839659338,0.691746988806836,0.5159557437843956,0.1757912450224406,0.340164498761955,28
2024-06-10,-0.008012285615546212,0.38379502444035607,0.0003837950244403561,-0.008396080639986567,0.6124167925485449,0.43249388091714175,0.17992291163140306,0.2525709692857387,28
2024-06-17,0.014655521837804775,0.33935551618120635,0.00033935551618120635,0.014316166321623568,0.6083434243564343,0.42837823072143083,0.17996519363500343,0.2484130370864274,28
2024-06-24,-0.0032867274708738904,0.2781013693742814,0.0002781013693742814,-0.0035648288402481717,0.6001520387635805,0.4201520503214734,0.17999998844210693,0.24015206187936647,28
2024-07-01,0.028179098114599184,0.27449632383273403,0.00027449632383273406,0.02790460179076645,0.6002545474810879,0.4202545798782977,0.17999996760279025,0.24025461227550743,28
2024-07-08,-0.010895059476709112,0.2647897230615391,0.00026478972306153906,-0.011159849199770651,0.6001351035658788,0.42013511269236614,0.1799999908735127,0.24013512181885344,28
2024-07-15,-0.026239972108128708,0.4018228698436544,0.0004018228698436544,-0.026641794977972363,0.6037071978005594,0.4237140694583267,0.1799931283422326,0.24372094111609408,28
2024-07-22,-0.02957905971518839,0.42746111714975615,0.0004274611171497561,-0.030006520832338145,0.6072006607234349,0.4272265854808631,0.1799740752425718,0.2472525102382913,28
2024-07-29,-0.01624675615088322,0.29824427220500266,0.00029824427220500265,-0.01654500042308822,0.6022631200812435,0.42226568093749367,0.1799974391437499,0.24226824179374376,28
2024-08-05,0.009118850960234546,0.4450544324857861,0.000445054432485786,0.00867379652774876,0.6014999390983042,0.4215010640069554,0.1799988750913488,0.24150218891560662,28
2024-08-12,0.04111707358752941,0.44999999999999996,0.00045,0.04066707358752941,0.584525114090983,0.4159488530111879,0.168576261079795,0.24737259193139288,40
2024-08-19,-0.007928813069764387,0.28681393635820296,0.00028681393635820296,-0.00821562700612259,0.6000650310466954,0.4200650331612157,0.17999999788547988,0.2400650352757358,30
2024-08-26,-0.013852371577012239,0.36664665597563695,0.00036664665597563697,-0.014219018232987875,0.6036442578734882,0.42365089818121265,0.17999335969227553,0.24365753848893712,30
2024-09-02,-0.0035785745910922287,0.4500000000000001,0.0004500000000000001,-0.004028574591092229,0.6002956951197713,0.4205955420791348,0.17970015304063638,0.24089538903849841,40
2024-09-09,-0.0008403608248311208,0.3987942597715614,0.0003987942597715614,-0.001239155084602682,0.600604085360328,0.4206042678198897,0.1799998175404383,0.24060445027945138,30
2024-09-16,0.00041137716483812805,0.33854737128369317,0.0003385473712836932,7.282979355443484e-05,0.6008778836773625,0.42087826901723513,0.1799996146601272,0.24087865435710792,30
2024-09-23,-0.039772154907685,0.45,0.00045,-0.040222154907685,0.5796949455445748,0.4104763669455758,0.16921857859899905,0.24125778834657677,40
2024-09-30,0.036995309109168595,0.45000000000000007,0.0004500000000000001,0.036545309109168596,0.6067434615172993,0.428788570634425,0.1779548908828743,0.2508336797515507,45
2024-10-07,-0.014620313291353547,0.2903742322125509,0.0002903742322125509,-0.014910687523566097,0.60479085772409,0.4248023338829562,0.17998852384113379,0.2448138100418224,30
2024-10-14,-0.0005410364757451147,0.4379537152047321,0.00043795371520473207,-0.0009789901909498468,0.6020719715446399,0.4220741180776784,0.1799978534669616,0.24207626461071682,30
2024-10-21,-0.005825030504566869,0.4482902889011438,0.0004482902889011438,-0.006273320793468013,0.6001651091705325,0.4201649833200042,0.18000012585052835,0.24016485746947583,30
2024-10-28,0.001261960167298043,0.27444803508922716,0.00027444803508922715,0.0009875121322088158,0.6000866922287009,0.42008667376881215,0.18000001845988883,0.2400866553089233,30
2024-11-04,0.05478809663372055,0.37809819716106463,0.00037809819716106465,0.054409998436559484,0.6001307171414418,0.4201307016502591,0.1800000154911827,0.24013068615907643,30
2024-11-11,0.008600077090187827,0.3872411968583249,0.0003872411968583249,0.008212835893329502,0.6466634360830456,0.4616883508659623,0.1849750852170833,0.276713265648879,30
2024-11-18,0.13921769631819544,0.45000000000000007,0.0004500000000000001,0.13876769631819544,0.8509753026490121,0.7190534829187093,0.13192181973030287,0.5871316631884065,38
2024-11-25,0.17833578171745554,0.45000000000000007,0.0004500000000000001,0.17788578171745553,0.9441192851337167,0.8057830777633247,0.13833620737039212,0.6674468703929326,42
2024-12-02,-0.06035934247608809,0.45,0.00045,-0.06080934247608809,0.8831785004046621,0.7019472597199197,0.1812312406847423,0.5207160190351774,44
2024-12-09,-0.13616016571668374,0.44999999999999996,0.00045,-0.13661016571668375,0.9171736408760189,0.7753375194368977,0.14183612143912122,0.6335013979977764,46
2024-12-16,0.02269005815662264,0.45000000000000007,0.0004500000000000001,0.022240058156622642,0.6365508051597142,0.5129754941727172,0.12357531098699692,0.38940018318572023,47
2024-12-23,0.02287185933977513,0.3829086381968853,0.0003829086381968853,0.022488950701578244,0.6001870715290964,0.4201858898280365,0.18000118170106,0.2401847081269765,30
2024-12-30,0.0028128686499758106,0.3888714379849168,0.0003888714379849168,0.002423997211990894,0.6000510500480029,0.4200510215423593,0.18000002850564367,0.24005099303671562,30
2025-01-06,0.034091821921064754,0.3553417276741647,0.0003553417276741647,0.03373648019339059,0.6000654398102929,0.42006498479301135,0.18000045501728149,0.24006452977572987,30
2025-01-13,0.0187320401072726,0.3055032106552776,0.00030550321065527756,0.018426536896617322,0.6000155323802132,0.4200155230645969,0.1800000093156163,0.24001551374898059,30
2025-01-20,-0.03349986735122337,0.45,0.00045,-0.03394986735122337,0.8058781932868943,0.5999685353862859,0.20590965790060822,0.3940588774856777,37
2025-01-27,0.004847537645507981,0.45000000000000007,0.0004500000000000001,0.004397537645507981,0.630554318279071,0.45140049998780507,0.17915381829126592,0.27224668169653915,43
2025-02-03,0.12146168728684906,0.45,0.00045,0.12101168728684905,0.8204174060356295,0.6112068706446038,0.2092105353910257,0.4019963352535781,46
2025-02-10,-0.00016378315362036946,0.44999999999999996,0.00045,-0.0006137831536203695,0.6049477766961578,0.4446483045078699,0.1602994721882881,0.2843488323195818,49
2025-02-17,0.0016556047232897972,0.4500000000000001,0.0004500000000000001,0.001205604723289797,0.767745509711581,0.5789549994598862,0.1887905102516948,0.39016448920819136,49
2025-02-24,-0.06388016212804257,0.45,0.00045,-0.06433016212804257,0.642037717377947,0.4557431485999693,0.18629456877797765,0.26944857982199166,50
2025-03-03,-0.03814169271725423,0.44999999999999996,0.00045,-0.03859169271725423,0.7946688043325563,0.5879908604425943,0.206677943889962,0.38131291655263233,50
2025-03-10,-0.001119674888401911,0.45,0.00045,-0.0015696748884019111,0.624070594241232,0.45118779468531356,0.17288279955591843,0.2783049951293951,50
2025-03-17,-0.02563043110775902,0.45,0.00045,-0.026080431107759018,0.7369585847365983,0.5617290513472865,0.1752295333893118,0.38649951795797466,50
2025-03-24,-0.03353618360666653,0.44999999999999996,0.00045,-0.033986183606666526,0.6510491593977965,0.47136404918663255,0.17968511021116393,0.2916789389754686,50
2025-03-31,-0.007578181211719697,0.45,0.00045,-0.008028181211719698,0.8191005174746072,0.6105098443910417,0.20859067308356558,0.4019191713074761,50
2025-04-07,-0.015573350130466707,0.41232328525003237,0.00041232328525003234,-0.015985673415716738,0.6304331485813962,0.44540015126217203,0.18503299731922412,0.2603671539429479,30
2025-04-14,0.029254375450945128,0.45,0.00045,0.02880437545094513,0.7120263431580631,0.5446791776144438,0.1673471655436192,0.3773320120708247,43
2025-04-21,-0.029951950334281715,0.44999999999999996,0.00045,-0.030401950334281714,0.858670200197268,0.6444131126030218,0.21425708759424628,0.43015602500877553,47
2025-04-28,0.1416865496662306,0.45,0.00045,0.1412365496662306,0.9361326875347642,0.7940311716968926,0.14210151583787156,0.6519296558590211,50
2025-05-05,-0.03913946533974217,0.45000000000000007,0.0004500000000000001,-0.03958946533974217,0.9710942367864307,0.8645879711613355,0.10650626562509508,0.7580817055362403,52
2025-05-12,0.042353446301231036,0.45000000000000007,0.0004500000000000001,0.04190344630123104,0.9782875200295237,0.8793860783980816,0.09890144163144224,0.7804846367666394,52
2025-05-19,-0.03760413893302083,0.45000000000000007,0.0004500000000000001,-0.03805413893302083,0.9669759506655953,0.8563359034927558,0.11064004717283961,0.7456958563199162,52
2025-05-26,-0.02517123516342352,0.45000000000000007,0.0004500000000000001,-0.02562123516342352,0.9031805663459211,0.7409428788628737,0.1622376874830474,0.5787051913798262,52
2025-06-02,-0.006647900163256906,0.44999999999999984,0.0004499999999999998,-0.007097900163256906,0.7749356219714918,0.6210911401703242,0.1538444818011677,0.46724665836915646,52
2025-06-09,-0.06305820027045114,0.45,0.00045,-0.06350820027045115,0.85463191500484,0.6426994917530144,0.2119324232518256,0.43076706850118884,52
2025-06-16,0.15170479477344376,0.44999999999999996,0.00045,0.15125479477344375,0.8495423054248786,0.639885638327133,0.20965666709774555,0.4302289712293874,52
2025-06-23,0.008404479743090089,0.45000000000000007,0.0004500000000000001,0.007954479743090088,0.8221221440408076,0.6261014166253771,0.19602072741543053,0.4300806892099466,52
2025-06-30,0.09937149256359785,0.44999999999999984,0.0004499999999999998,0.09892149256359785,0.7769691185742199,0.6039058044473576,0.17306331412686224,0.4308424903204954,52
2025-07-07,0.02805480927426227,0.34570824670982553,0.00034570824670982555,0.027709101027552443,0.8601549067105897,0.645258941212079,0.21489596549851064,0.4303629757135684,32
2025-07-14,-0.012757407602896105,0.3052812489053568,0.0003052812489053568,-0.013062688851801462,0.9990695521499011,0.8981666160953787,0.10090293605452225,0.7972636800408565,32
2025-07-21,-0.10212558804613292,0.44999999999999996,0.00045,-0.10257558804613293,0.9846973741780317,0.8909691501528325,0.09372822402519924,0.7972409261276333,41
2025-07-28,0.0406112051206645,0.44999999999999996,0.00045,0.0401612051206645,0.9651634979825064,0.8713403496488166,0.0938231483336899,0.7775172013151267,43
2025-08-04,-0.014862329252347492,0.4500000000000001,0.0004500000000000001,-0.015312329252347493,0.8640469146820694,0.7473547153207567,0.11669219936131268,0.630662515959444,47
2025-08-11,-0.0076415345120152125,0.44999999999999996,0.00045,-0.008091534512015212,0.7072771935477811,0.5339267826728276,0.17335041087495331,0.3605763717978743,49
2025-08-18,-0.0072713078799818386,0.3043976598019137,0.0003043976598019137,-0.007575705539783753,0.6020158337654382,0.42201786555832554,0.1799979682071127,0.24201989735121285,32
2025-08-25,-0.018486653585345063,0.4117891462139987,0.00041178914621399867,-0.01889844273155906,0.6019261071849523,0.4219279621293941,0.17999814505555822,0.24192981707383587,32
2025-09-01,-0.002058459613348053,0.41103186335115705,0.0004110318633511571,-0.00246949147669921,0.6036618910643868,0.42366859578746935,0.1799932952769175,0.24367530051055186,32
2025-09-08,-0.006250147622079489,0.33806102156254836,0.00033806102156254837,-0.006588208643642037,0.6004197124688534,0.420419800548131,0.17999991192072218,0.24041988862740882,34
2025-09-15,-0.015049351539692366,0.24531000767297848,0.00024531000767297846,-0.015294661547365345,0.6008400489708383,0.42084040181197796,0.17999964715886033,0.24084075465311763,34
2025-09-22,0.20695383685836888,0.431406363305577,0.00043140636330557704,0.2065224304950633,0.6037823926877599,0.42378954593498497,0.17999284675277494,0.24379669918221003,34
2025-09-29,-0.022437435155615672,0.39110633355540847,0.00039110633355540845,-0.02282854148917108,0.6006221090115016,0.42062230252131405,0.17999980649018754,0.2406224960311265,34
2025-10-06,-0.03336162042484573,0.45000000000000007,0.0004500000000000001,-0.03381162042484573,0.8236429960555648,0.722941427231843,0.10070156882372193,0.622239858408121,49
2025-10-13,0.06335967600078964,0.45,0.00045,0.06290967600078963,0.9585864311343836,0.8657896379416348,0.09279679319274889,0.7729928447488859,52
2025-10-20,-0.01987100638329548,0.4412769406587904,0.0004412769406587904,-0.02031228332395427,0.9999999999999999,0.9000000000000001,0.09999999999999998,0.8000000000000002,36
2025-10-27,0.00455293578755982,0.45,0.00045,0.00410293578755982,0.616606328841665,0.45293513551130427,0.16367119333036076,0.28926394218094353,50
2025-11-03,-0.01103386472850555,0.45000000000000007,0.0004500000000000001,-0.011483864728505551,0.9841547117496996,0.8842773454939208,0.09987736625577863,0.7843999792381422,52
2025-11-10,-0.07573007442956277,0.3999314569018091,0.0003999314569018091,-0.07613000588646458,1.0,0.9,0.09999999999999998,0.8,36
2025-11-17,0.029830816088382228,0.44841039152194745,0.00044841039152194746,0.02938240569686028,0.9999999999999999,0.8999999999999999,0.09999999999999998,0.7999999999999999,36
2025-11-24,-0.04805380674246634,0.4031614687441499,0.00040316146874414986,-0.04845696821121049,0.9999999999999999,0.8999999999999998,0.09999999999999998,0.7999999999999998,36
2025-12-01,-0.04824301991508646,0.45,0.00045,-0.04869301991508646,0.9942440288341576,0.8971220144170788,0.09712201441707888,0.7999999999999999,47
2025-12-08,-0.06144819830149761,0.45000000000000007,0.0004500000000000001,-0.061898198301497606,0.9663796442299581,0.8831898221149791,0.08318982211497904,0.8,52
2025-12-15,0.010667898681712982,0.3832275646971142,0.0003832275646971142,0.010284671117015868,1.0,0.8999999999999999,0.09999999999999999,0.7999999999999999,36
2025-12-22,0.1430296970569648,0.45000000000000007,0.0004500000000000001,0.1425796970569648,0.8721872840130973,0.6661400163526086,0.2060472676604888,0.46009274869211975,47
2025-12-29,-0.004013841417600368,0.4499999999999999,0.00044999999999999993,-0.004463841417600368,0.9749435845492277,0.8660358635695797,0.10890772097964786,0.7571281425899319,52
2026-01-05,0.005257538256745813,0.45,0.00045,0.004807538256745813,0.9912327487373125,0.8937339170867376,0.09749883165057499,0.7962350854361626,54
2026-01-12,-0.08981952376681543,0.44999999999999996,0.00045,-0.09026952376681543,0.9834596062509601,0.8913763317082339,0.09208327454272618,0.7992930571655078,56
2026-01-19,-0.030080814266101378,0.45,0.00045,-0.030530814266101377,0.988803887817681,0.8942930001142305,0.09451088770345051,0.79978211241078,59
2026-01-26,-0.041738693657086365,0.45,0.00045,-0.042188693657086364,0.8775537641176137,0.6790160318560375,0.19853773226157623,0.4804782995944613,59
2026-02-02,0.026503548953399188,0.41984185360599546,0.00041984185360599547,0.026083707099793192,0.86,0.6449999999999999,0.21499999999999997,0.42999999999999994,36
2026-02-09,-0.0029827045780401835,0.44999999999999984,0.0004499999999999998,-0.0034327045780401834,0.8459248018626395,0.6379624009313198,0.20796240093131985,0.43,49
2026-02-16,0.04505998628241314,0.35784889882467946,0.0003578488988246795,0.044702137383588456,0.86,0.645,0.21499999999999997,0.43000000000000005,36
2026-02-23,0.00643982649687136,0.44999999999999996,0.00045,0.00598982649687136,0.8536102797540485,0.6418051398770243,0.21180513987702426,0.43,48
2026-03-02,0.06561382956036545,0.45000000000000007,0.0004500000000000001,0.06516382956036544,0.8592230933129629,0.6446115466564815,0.21461154665648144,0.43000000000000005,52
2026-03-09,0.07698400974741129,0.45000000000000007,0.0004500000000000001,0.07653400974741129,0.8519739184535556,0.6409869592267778,0.2109869592267779,0.42999999999999994,57
2026-03-16,-0.004354961410093713,0.3730083924106372,0.0003730083924106372,-0.004727969802504351,0.8600000000000002,0.6450000000000001,0.21499999999999997,0.43000000000000016,38
2026-03-23,-0.0003546544947687436,0.45000000000000007,0.0004500000000000001,-0.0008046544947687437,0.8599999999992987,0.6449999999996494,0.21499999999964942,0.43,50
2026-03-30,0.024756659748259836,0.45000000000000007,0.0004500000000000001,0.024306659748259837,0.8355856932658741,0.632792846632937,0.20279284663293695,0.43000000000000005,56
2026-04-06,0.01846911350424453,0.45,0.00045,0.01801911350424453,0.8368663853331596,0.6334331926665799,0.20343319266657972,0.4300000000000002,58
2026-04-13,0.06701531251185586,0.4044925775345003,0.0004044925775345003,0.06661081993432136,0.86,0.645,0.215,0.43000000000000005,38
2026-04-20,-0.00759776381518603,0.45000000000000007,0.0004500000000000001,-0.008047763815186031,0.8554060088195606,0.6427030044097803,0.21270300440978032,0.43000000000000005,48
2026-04-27,0.09113852160254839,0.44999999999999996,0.00045,0.09068852160254838,0.8512211825458396,0.6406105912729199,0.21061059127291976,0.4300000000000001,55
2026-05-04,-0.09028144320771161,0.44999999999999996,0.00045,-0.09073144320771162,0.8527953095235221,0.6413976547617611,0.21139765476176114,0.43,59
2026-05-11,0.016683594336184486,0.45000000000000007,0.0004500000000000001,0.016233594336184487,0.8084663565554631,0.6192331782777315,0.1892331782777315,0.43,60
2026-05-18,0.014602191248103807,0.3394988062097172,0.00033949880620971713,0.01426269244189409,0.86,0.645,0.21499999999999997,0.43000000000000005,38
2026-05-25,0.0,0.3734334512044683,0.0003734334512044683,-0.0003734334512044683,0.8600000000000001,0.6450000000000001,0.21499999999999997,0.43000000000000016,38
