week,BTC,SPX,DXY,UST10Y,VIX
2017-01-02,,,,,
2017-01-09,,-0.0010276770107775501,-0.0030511324509187032,-0.020000000000000018,-0.08999999999999986
2017-01-16,,-0.001463967924594578,0.002795190035630668,0.08000000000000007,0.3099999999999987
2017-01-23,,0.010293619100871343,-0.01051993691587605,0.010000000000000231,-0.9599999999999991
2017-01-30,,0.0011897031843082218,-0.012364881890436275,0.0,0.39000000000000057
2017-02-06,,0.008130859834074577,0.00451542431237284,-0.08000000000000007,-0.120000000000001
2017-02-13,,0.015137515651310274,0.002199779591555595,0.009999999999999787,0.6400000000000006
2017-02-20,,0.00688170945405675,-0.005061703471115453,-0.10999999999999988,-0.019999999999999574
2017-02-27,,0.006665709192595903,0.007162327968135207,0.18000000000000016,-0.5099999999999998
2017-03-06,,-0.0044143811474034456,-0.00023833242744153438,0.08999999999999986,0.6999999999999993
2017-03-13,,0.002381353789092211,-0.011470981683473935,-0.08000000000000007,-0.3800000000000008
2017-03-20,,-0.014409755072006702,-0.005561324204121587,-0.10000000000000009,1.6800000000000015
2017-03-27,,0.007994948762361398,0.0013660487171702762,0.0,-0.5900000000000016
2017-04-03,,-0.00303887045439144,0.002272770829086612,-0.020000000000000018,0.5
2017-04-10,,-0.011288282092428936,-0.004501337190049526,-0.13999999999999968,3.0900000000000016
2017-04-17,,0.008475922626076215,0.002409705876190049,0.0,-1.33
2017-04-24,,0.015119066373169732,-0.00021861673959688854,0.04999999999999982,-3.8100000000000005
2017-05-01,,0.006329167016190018,-0.00013241836886712655,0.06999999999999984,-0.25
2017-05-08,,-0.0034968678233977535,-0.0002143370580931503,-0.029999999999999805,-0.16999999999999993
2017-05-15,,-0.003835375799908003,-0.009131321793252822,-0.10000000000000009,1.6399999999999988
2017-05-22,,0.01431312533326623,-0.0019014934903311964,0.020000000000000018,-2.2299999999999986
2017-05-29,,0.009624061395302697,-0.002582745217603599,-0.10000000000000009,-0.0600000000000005
2017-06-05,,-0.0029929440319467204,-0.0020726066076041105,0.06000000000000005,0.9499999999999993
2017-06-12,,0.0005674878791992466,-0.003016213364118059,-0.04999999999999982,-0.3199999999999985
2017-06-19,,0.0021165978258637086,0.002228822852982093,-0.010000000000000231,-0.3600000000000012
2017-06-26,,-0.006106713693967203,-0.007769355831889979,0.16000000000000014,1.1600000000000001
2017-07-03,,0.0007303757927878962,0.002894018730310588,0.08000000000000007,0.009999999999999787
2017-07-10,,0.014056688575693421,-0.012520289154395181,-0.06000000000000005,-1.6799999999999997
2017-07-17,,0.005395910168464635,-0.0064603385704302685,-0.08999999999999986,-0.15000000000000036
2017-07-24,,-0.00017795465391867715,-0.0024593660099282433,0.05999999999999961,0.9299999999999997
2017-07-31,,0.0019133530196997484,0.0032823871906841884,-0.029999999999999805,-0.2599999999999998
2017-08-07,,-0.014336874149618595,-0.00216356791027994,-0.08000000000000007,5.48
2017-08-14,,-0.006459620205462646,-1.090490739008576e-05,0.0,-1.25
2017-08-21,0.05474892873486725,0.007214858485704356,-0.006356721585590863,-0.020000000000000018,-2.9800000000000004
2017-08-28,0.04618782787046882,0.01371236773705009,-0.002662301139091716,-0.009999999999999787,-1.1499999999999986
2017-09-04,-0.08398830803622914,-0.006105267408289872,-0.011392897229171028,-0.10000000000000009,1.9899999999999984
2017-09-11,-0.10419889743533872,0.015763194565760585,0.004700022261798775,0.14000000000000012,-1.9499999999999993
2017-09-18,-0.010802731899275386,0.0007959267747366106,0.0040576209877329905,0.05999999999999961,-0.5800000000000001
2017-09-25,0.1962994737733672,0.006849917273461292,0.012252400367066318,0.07000000000000028,-0.08000000000000007
2017-10-02,0.059728490252325184,0.011895878318302966,0.006335006862772774,0.040000000000000036,0.14000000000000057
2017-10-09,0.23060129310344823,0.0015062781201335973,-0.004668539980015041,-0.0900000000000003,-0.040000000000000924
2017-10-16,0.04203685120289191,0.008632405989417169,0.006988497908257063,0.11000000000000032,0.3600000000000012
2017-10-23,0.03696794296489747,0.0022755425771101567,0.010014634695485913,0.029999999999999805,-0.16999999999999993
2017-10-30,0.1904430808527744,0.0026229431979760687,-0.001883200549266828,-0.08000000000000007,-0.6600000000000001
2017-11-06,-0.20884655024295407,-0.0021407815011746933,-0.0033563132547126395,0.06000000000000005,2.1499999999999986
2017-11-13,0.3832315441496603,-0.0013360182782791163,-0.005028566921172595,-0.04999999999999982,0.14000000000000057
2017-11-20,0.1356083602886291,0.009139732826647595,-0.008795368715405871,-0.010000000000000231,-1.7599999999999998
2017-11-27,0.22320174583315988,0.01529345762790002,0.0010543029648635294,0.03000000000000025,1.7599999999999998
2017-12-04,0.3344767455919666,0.003512198075860562,0.009860061575448942,0.009999999999999787,-1.8499999999999996
2017-12-11,0.2657748533890649,0.00916839524797286,-0.0008873720750210978,-0.029999999999999805,-0.16000000000000014
2017-12-18,-0.2842001227994456,0.0028141011506797042,-0.00026005906670301115,0.1299999999999999,0.4800000000000004
2017-12-25,0.016026666666666634,-0.003626077947632478,-0.009193544176986923,-0.08000000000000007,1.1399999999999988
2018-01-01,0.17742826814111035,0.026009777043024318,-0.006619833336815706,0.07000000000000028,-1.8199999999999985
2018-01-08,-0.1656368440182464,0.015708218653737394,-0.0041024384176988615,0.07999999999999963,0.9399999999999995
2018-01-15,-0.1443407379152044,0.008635293442058156,-0.008774024113644474,0.0900000000000003,1.1099999999999994
2018-01-22,0.030351257588898672,0.022264526918834182,-0.0116206789537312,0.020000000000000018,-0.1899999999999995
2018-01-29,-0.3110400296297543,-0.03854681903462387,0.0039740896850815055,0.17999999999999972,6.229999999999999
2018-02-05,-0.01477493063369828,-0.05161958343741968,0.010671698014565578,-0.009999999999999787,11.75
2018-02-12,0.28764688958665063,0.04301120421446414,-0.011290599695912173,0.040000000000000036,-9.599999999999998
2018-02-19,-0.07641309278340591,0.00551932128452326,0.006021344240577209,0.009999999999999787,-2.9700000000000024
2018-02-26,0.2007299270072993,-0.020401849088195756,0.007943878365979318,-0.020000000000000018,3.1000000000000014
2018-03-05,-0.17207381676074684,0.03541848583372054,-0.005646063326570472,0.040000000000000036,-4.949999999999999
2018-03-12,-0.14093146638667364,-0.012402344100453266,0.0047274445669598375,-0.04999999999999982,1.1600000000000001
2018-03-19,0.034207611975106245,-0.05950196401902608,-0.00630526443930457,-0.03000000000000025,9.07
2018-03-26,-0.19564470522954136,0.020326396884393194,-0.002516020956013776,-0.07999999999999963,-4.900000000000002
2018-04-02,0.03008802276820366,-0.013783336551969616,0.002886161312412705,0.029999999999999805,1.5199999999999996
2018-04-09,0.19051011684240526,0.019900402001175044,-0.0051192797754122665,0.04999999999999982,-4.079999999999998
2018-04-16,0.05170795930580496,0.005210254865790631,0.008783365411873634,0.14000000000000012,-0.5300000000000011
2018-04-23,0.0719219940321063,-8.613780550836836e-05,0.009195895310259772,0.0,-1.4699999999999989
2018-04-30,0.025481473617156913,-0.002430793547347987,0.00986045148318948,-0.009999999999999787,-0.6400000000000006
2018-05-07,-0.10138720220809394,0.02414189275442835,0.0003147392290250295,0.020000000000000018,-2.119999999999999
2018-05-14,-0.017596210011624813,-0.0054074465121053406,0.0129882023526382,0.08999999999999986,0.7699999999999996
2018-05-21,-0.13932130719199531,0.0030814937135317244,-0.0011887168571329543,-0.1299999999999999,-0.1999999999999993
2018-05-28,0.051133739111240084,0.004883641454729748,0.002170556252089284,-0.040000000000000036,0.2400000000000002
2018-06-04,-0.12305392869828091,0.016239916332068116,0.0025047730189178274,0.040000000000000036,-1.2800000000000011
2018-06-11,-0.04661943328814977,0.0002266978046294721,0.010983296255528296,0.0,-0.1999999999999993
2018-06-18,-0.048474248830549405,-0.008914759359058166,-0.0002929293731400717,-0.03000000000000025,1.7899999999999991
2018-06-25,0.03582223800996265,-0.013252845858984896,-0.000406867499759489,-0.04999999999999982,2.3200000000000003
2018-07-02,0.05589124104700316,0.015248108241335823,-0.005437114709170077,-0.03000000000000025,-2.7200000000000006
2018-07-09,-0.053498904962679394,0.015033589147118276,0.003796958172204601,0.010000000000000231,-1.1899999999999995
2018-07-16,0.16398211241600436,0.0001856274385911849,0.0022180851769471044,0.06000000000000005,0.6799999999999997
2018-07-23,0.11037635957207703,0.006063893955022381,-0.004489888485218474,0.06999999999999984,0.16999999999999993
2018-07-30,-0.1445390330045062,0.0076379477937575935,0.0017684210526316413,-0.009999999999999787,-1.3899999999999988
2018-08-06,-0.10191353024334471,-0.002489129860756445,0.011401444094432334,-0.08000000000000007,1.5199999999999996
2018-08-13,0.02682167863761098,0.00594717077027318,0.0020419858180849015,0.0,-0.5199999999999996
2018-08-20,0.03434488145944514,0.00861715079663039,-0.008167014307554399,-0.050000000000000266,-0.6500000000000004
2018-08-27,0.08985223880597015,0.009333180273351172,0.005959585733966488,0.040000000000000036,0.8699999999999992
2018-09-03,-0.14396036159906656,-0.010284264799139797,0.002678614401162127,0.08000000000000007,2.0200000000000014
2018-09-10,0.040665129799178024,0.011595999554268044,-0.0045024681100629405,0.050000000000000266,-2.8100000000000005
2018-09-17,0.031206764027670975,0.00849919792907361,-0.00487263042264241,0.07999999999999963,-0.39000000000000057
2018-09-24,-0.012139236732260028,-0.005355551990497198,0.00262355970712691,-0.020000000000000018,0.4399999999999995
2018-10-01,-0.0017067653401381389,-0.009749552158902941,0.006619060046025194,0.18000000000000016,2.700000000000001
2018-10-08,-0.04170962290219882,-0.04104561663726758,-0.0016750901266574525,-0.08000000000000007,6.489999999999998
2018-10-15,0.039557745759022156,0.00023490042029106206,0.004263389324564049,0.050000000000000266,-1.4199999999999982
2018-10-22,-0.015201567196905574,-0.03941425980388624,0.0053658167089947195,-0.1200000000000001,4.27
2018-10-29,-0.0006286662568009138,0.02421117166724951,0.00147220562382544,0.14000000000000012,-4.649999999999999
2018-11-05,-0.005556711919023738,0.021281205702408323,0.007218768105289541,-0.03000000000000025,-2.150000000000002
2018-11-12,-0.1221446833317571,-0.016087680375115654,-0.004739100498120763,-0.10999999999999988,0.7800000000000011
2018-11-19,-0.2783857294242317,-0.03790196142924496,0.004705596165823334,-0.03000000000000025,3.379999999999999
2018-11-26,0.018412640915565603,0.04847372899383107,-0.0005005524966236186,-0.040000000000000036,-3.4499999999999993
2018-12-03,-0.14795446297894033,-0.04604426538945072,-0.002820131772224732,-0.1599999999999997,5.16
2018-12-10,-0.08932777114941459,-0.012582223099943834,0.006075736078914762,0.040000000000000036,-1.6000000000000014
2018-12-17,0.2171296540061387,-0.07051289447873998,-0.004857436424351436,-0.10000000000000009,8.48
2018-12-24,-0.03252148377361186,0.028601931623507104,-0.004297783479475181,-0.06999999999999984,-1.7699999999999996
2018-12-31,0.048841240323942436,0.018586014627435032,-0.006404074550306227,-0.050000000000000266,-6.960000000000001
2019-01-07,-0.12809459323904104,0.025403445579279094,-0.008189970438877037,0.040000000000000036,-3.1899999999999977
2019-01-14,0.017967619743385566,0.028675864512799132,0.004538742410584273,0.08000000000000007,-0.39000000000000057
2019-01-21,0.0032662010352388915,-0.0022278719890964638,-0.004698929799752172,-0.03000000000000025,-0.379999999999999
2019-01-28,-0.026114947449054293,0.015674957594680183,-0.0023232827309666026,-0.05999999999999961,-1.2800000000000011
2019-02-04,0.06418245804789313,0.0004987936583005226,0.006553569607611998,-0.07000000000000028,-0.41999999999999993
2019-02-11,-0.0033912490557219677,0.02500849372941194,0.004296931973104101,0.03000000000000025,-0.8100000000000005
2019-02-18,0.020716657850680775,0.006150021616947665,-0.0062673761634474134,-0.010000000000000231,-1.4000000000000004
2019-02-25,0.017146780070307344,0.003946044466406784,0.0023225368332988605,0.10999999999999988,0.0600000000000005
2019-03-04,0.028644212461427454,-0.0216215059439524,0.00718457790932181,-0.13999999999999968,2.4800000000000004
2019-03-11,0.016421484775914985,0.02894931591246297,-0.006747578664683229,-0.03000000000000025,-3.17
2019-03-18,0.002773075048855267,-0.007713075026218097,0.0009085236272869945,-0.1499999999999999,3.5999999999999996
2019-03-25,0.02799723459363057,0.01202909262294205,0.00393684996198318,-0.029999999999999805,-2.7699999999999996
2019-04-01,0.2598277269459912,0.020582839401636965,-0.0014287314862021505,0.08999999999999986,-0.8900000000000006
2019-04-08,-0.007537323969541321,0.005071316468123754,-0.005388240328565219,0.06000000000000005,-0.8100000000000005
2019-04-15,0.024329117377662524,-0.0008185979961545797,0.0030134731808757476,0.009999999999999787,0.08000000000000007
2019-04-22,0.009775234297412227,0.011996433771768178,0.006791766530627852,-0.06000000000000005,0.6400000000000006
2019-04-29,0.08819561678524046,0.001959263643414033,-0.0018367341636883472,0.03000000000000025,0.1399999999999988
2019-05-06,0.20633109518978054,-0.021808503415217007,0.0023320256175789478,-0.06999999999999984,3.17
2019-05-13,0.16953027782601882,-0.007590060387311692,0.007916325495484378,-0.08000000000000007,-0.0799999999999983
2019-05-20,0.05718244384228721,-0.01170472070585038,-0.003155056334157691,-0.07000000000000028,-0.11000000000000121
2019-05-27,0.0129492026750464,-0.02618486514794449,0.005571129025866428,-0.17999999999999972,2.860000000000001
2019-06-03,-0.1258139486911498,0.04406880663939017,-0.00848558991769699,-0.050000000000000266,-2.41
2019-06-10,0.17372540845528328,0.004747088753854323,0.0014593456878018163,0.0,-1.0200000000000014
2019-06-17,0.21810209162401017,0.021988375395742166,-0.009214387213053343,-0.020000000000000018,0.120000000000001
2019-06-24,-0.004765236240002024,-0.0029486927462157864,-0.00222574990617197,-0.06999999999999984,-0.3200000000000003
2019-07-01,0.05086925677854448,0.016537718916566746,0.0046351044360333216,0.040000000000000036,-1.8000000000000007
2019-07-08,-0.10801631387731625,0.0078116378690546995,-0.0029944437301717697,0.08000000000000007,-0.8899999999999988
2019-07-15,0.04081606576647956,-0.012330071637848938,0.0008800324130751047,-0.07000000000000028,2.0599999999999987
2019-07-22,-0.09895792510470325,0.016545667722677848,0.005879715677355568,0.03000000000000025,-2.289999999999999
2019-07-29,0.14543669051327135,-0.031002756241200857,0.005551954261936443,-0.21999999999999997,5.449999999999999
2019-08-05,0.05679631593442536,-0.004570181272488538,0.0021990525569257624,-0.1200000000000001,0.35999999999999943
2019-08-12,-0.10763577740894559,-0.010268446028129485,0.005467962992702802,-0.18999999999999995,0.5
2019-08-19,-0.015920588195343255,-0.014390655939737096,0.0018987244466537323,-0.030000000000000027,1.4000000000000021
2019-08-26,-0.041183354711619935,0.027870366792993595,0.007302586766171348,-0.020000000000000018,-0.8900000000000006
2019-09-02,0.06747571717371148,0.017854335955386436,-0.008702790766561552,0.050000000000000044,-3.9800000000000004
2019-09-09,-0.0076263006710219905,0.009628329041766248,-0.0030863354313014346,0.34999999999999987,-1.2599999999999998
2019-09-16,-0.02651327265261827,-0.005094118155609895,0.0035472138271113174,-0.15999999999999992,1.58
2019-09-23,-0.19793356579554833,-0.010120084088941828,0.004607366837370064,-0.050000000000000044,1.8999999999999986
2019-09-30,-0.023567160876300064,-0.0033020572018946925,-0.0016394584520453837,-0.16999999999999993,-0.17999999999999972
2019-10-07,0.053570996594200615,0.006185615902384978,-0.005997678866797029,0.24,-1.459999999999999
2019-10-14,-0.006242892757833518,0.005363148804654161,-0.005902045728656491,0.0,-1.33
2019-10-21,0.15888658515082055,0.012172660906838217,-0.0004908106469745377,0.040000000000000036,-1.5999999999999996
2019-10-28,-0.035175494468480006,0.014676349440042147,-0.0029824927160669867,-0.07000000000000006,-0.34999999999999964
2019-11-04,-0.01688362112562547,0.008533018575699991,0.0052915721948791905,0.20999999999999996,-0.23000000000000043
2019-11-11,-0.059413881566065196,0.00885201805320257,0.0008294396941472826,-0.09999999999999987,-0.019999999999999574
2019-11-18,-0.18807866014301844,-0.003259134871140823,0.004067327321086056,-0.07000000000000006,0.28999999999999915
2019-11-25,0.07063453894380656,0.009867247105575405,0.0017679707339686157,0.010000000000000009,0.27999999999999936
2019-12-02,0.016130668972207607,0.0015695738272767379,-0.004971806790277422,0.06000000000000005,1.0
2019-12-09,-0.052132392201978295,0.0072761140655646095,-0.007219956391943838,-0.020000000000000018,-0.9899999999999984
2019-12-16,0.05378171800876297,0.01654253976268616,0.000545391528021133,0.09999999999999987,-0.120000000000001
2019-12-23,-0.015090435969627114,0.005836298048565558,-0.004663104117318739,-0.040000000000000036,0.9199999999999999
2019-12-30,-0.0039914783493768535,-0.001595669162536062,-0.002024822079500055,-0.07999999999999985,0.5899999999999999
2020-01-06,0.11227857992186174,0.009428567012380817,0.00070442929486636,0.030000000000000027,-1.459999999999999
2020-01-13,0.06313027032442364,0.01968242301744061,-1.8250125795482575e-05,0.010000000000000009,-0.46000000000000085
2020-01-20,-0.009963570336830818,-0.010256425658183299,0.004258440402691965,-0.14000000000000012,2.460000000000001
2020-01-27,0.08317005223447471,-0.02122610735342756,0.0015481724814720987,-0.18999999999999995,4.279999999999999
2020-02-03,0.0879000290413876,0.031681713336144224,0.006688584648484319,0.08000000000000007,-3.369999999999999
2020-02-10,-0.02309749550570095,0.015761589801995823,-0.000740717852587669,0.0,-1.790000000000001
2020-02-17,0.0019289582717822995,-0.01254674334942718,0.005368387327857382,-0.13000000000000012,3.3999999999999986
2020-02-24,-0.1413509923110986,-0.11490674855816052,0.005207296537382833,-0.33000000000000007,23.03
2020-03-02,-0.058436124277415846,0.006143753681174813,-0.008042034119574937,-0.3899999999999999,1.8299999999999983
2020-03-09,-0.3326163188025858,-0.08792646945030391,0.03194397081327671,0.19999999999999996,15.89
2020-03-16,0.08484695876000203,-0.14979601773502216,0.03734178686602663,-0.019999999999999907,8.210000000000008
2020-03-23,0.0112152457192769,0.10262829078666491,-0.020294358240445898,-0.20000000000000007,-0.5
2020-03-30,0.1515552366605344,-0.020783247490625434,0.01645823920941636,-0.09999999999999998,-18.74000000000001
2020-04-06,0.01934360779473132,0.12101741908263519,-0.018132832644242813,0.10999999999999999,-5.1299999999999955
2020-04-13,0.031424768134604264,0.030374719515954274,0.0058268227034885545,-0.07999999999999996,-3.520000000000003
2020-04-20,0.0803792864224786,-0.013156796170544438,0.010502885139699325,-0.050000000000000044,-2.219999999999999
2020-04-27,0.15612171946289521,-0.0021256794771462584,-0.008153090933985307,0.040000000000000036,1.259999999999998
2020-05-04,-0.01926994792088288,0.03500535201415911,-0.0049638974512217215,0.04999999999999993,-9.209999999999997
2020-05-11,0.10974380844617015,-0.022561266980681394,0.008660177789892032,-0.04999999999999993,3.91
2020-05-18,-0.09914215230515588,0.032038970562559,-0.010339881115639216,0.020000000000000018,-3.7300000000000004
2020-05-25,0.08347495625170587,0.03006648733695383,-0.011243358668291847,-0.010000000000000009,-0.6499999999999986
2020-06-01,0.03161636998095951,0.04914742585347742,-0.017627730768658423,0.26,-2.990000000000002
2020-06-08,-0.041540003631890365,-0.04778439101670984,0.007159942700258659,-0.20000000000000007,11.570000000000004
2020-06-15,-0.005074876098521752,0.018554504473401234,0.004630445955149609,-0.010000000000000009,-0.970000000000006
2020-06-22,-0.01918729941504238,-0.02863055001388093,0.0026152359119138158,-0.05999999999999994,-0.39000000000000057
2020-06-29,-0.005148990549945998,0.04019873381964412,-0.005620867314345412,0.040000000000000036,-7.049999999999997
2020-07-06,0.025728244725952365,0.0175814134779122,-0.004210069625507518,-0.030000000000000027,-0.39000000000000057
2020-07-13,-0.010078740157480337,0.01246138196066604,-0.0019011167909082083,-0.010000000000000009,-1.6099999999999994
2020-07-20,0.07846137307131418,-0.0028219416819392773,-0.008319901950908148,-0.050000000000000044,0.16000000000000014
2020-07-27,0.11476669277876339,0.01725633857129072,-0.00782762464986475,-0.039999999999999925,-1.379999999999999
2020-08-03,0.05512697186883253,0.024505368191934274,0.003546680181079509,0.019999999999999907,-2.25
2020-08-10,0.01963073804452775,0.00643634670931692,-0.005818545380658291,0.14,-0.16000000000000014
2020-08-17,-0.022069515573839404,0.0072075544420890925,0.0010065033628499087,-0.06999999999999995,0.48999999999999844
2020-08-24,0.005411169003093352,0.03263019698807246,-0.009566263331089453,0.09999999999999998,0.4200000000000017
2020-08-31,-0.12423705252084327,-0.023104267091598962,0.0008392460068968877,-0.020000000000000018,7.789999999999999
2020-09-07,0.007471578167352444,-0.02509221000536921,0.0004472799946912964,-0.04999999999999993,-3.879999999999999
2020-09-14,0.05685276928005201,-0.0064352568266102805,-0.007297138515556467,0.029999999999999916,-1.0400000000000027
2020-09-21,-0.013372367741486535,-0.006329323657089714,0.022808151718811676,-0.039999999999999925,0.5500000000000007
2020-09-28,-0.009988630299092804,0.015152525724125843,-0.009636211385797178,0.039999999999999925,1.25
2020-10-05,0.06584928885693064,0.03843282244866275,-0.012476431075942318,0.09000000000000008,-2.629999999999999
2020-10-12,0.011796971066987183,0.0019211246056374254,0.0042697637056205995,-0.030000000000000027,2.41
2020-10-19,0.13263248121817184,-0.005287314750230365,-0.006524261043000634,0.08999999999999997,0.14000000000000057
2020-10-26,0.05623451990700623,-0.05639480693370724,0.009762408640444642,0.030000000000000027,10.470000000000002
2020-11-02,0.12452130945027795,0.07323636986385162,-0.018456904613063707,-0.050000000000000044,-13.160000000000004
2020-11-09,0.031140348042985266,0.021573242454636654,0.002173838667484329,0.06000000000000005,-1.759999999999998
2020-11-16,0.15400325875791188,-0.007701211943712316,-0.006571270757888881,-0.06000000000000005,0.5999999999999979
2020-11-23,-0.01245979375956785,0.022715134615492794,-0.002702464556036288,0.010000000000000009,-2.8599999999999994
2020-11-30,0.06458128379504191,0.016702626190443493,-0.012409184121545458,0.13,-0.05000000000000071
2020-12-07,-0.009525605132390425,-0.009640130625662269,0.0032555659531678938,-0.06999999999999995,2.5199999999999996
2020-12-14,0.2232350577497042,0.012542787419543178,-0.00476718294800238,0.04999999999999993,-1.7399999999999984
2020-12-21,0.12048933470671286,-0.0017118625333947257,0.0033474572854235163,-0.010000000000000009,-0.03999999999999915
2020-12-28,0.25563035211626683,0.014315187979671018,-0.005927807202491087,-0.009999999999999898,1.2199999999999989
2021-01-04,0.15605946051596864,0.018266432734214133,-0.0002892642536758139,0.19999999999999984,-1.1900000000000013
2021-01-11,-0.060849509384267586,-0.014754175512722623,0.0020299286424818597,-0.019999999999999796,2.780000000000001
2021-01-18,-0.09960503631036755,0.019430770251442908,0.0003676780503378829,-0.010000000000000009,-2.4299999999999997
2021-01-25,0.025824010613796133,-0.03312013369881839,0.003581302285220467,0.010000000000000009,11.180000000000003
2021-02-01,0.17232385841347608,0.046467110364435404,0.0025618328002137147,0.07999999999999985,-12.220000000000002
2021-02-08,0.25214398815950934,0.012349395265550678,-0.006673325142398379,0.010000000000000009,-0.9000000000000021
2021-02-15,0.1817863678030638,-0.007146433263952923,0.0019454851559213004,0.14000000000000012,2.080000000000002
2021-02-22,-0.2137818447663824,-0.024460479533930046,0.010069307054781484,0.09999999999999987,5.899999999999999
2021-03-01,0.12930108920529793,0.008078926308332068,0.008136977025735792,0.1200000000000001,-3.289999999999999
2021-03-08,0.15688219454894137,0.026392916078856077,-0.006345567026260546,0.07999999999999985,-3.969999999999999
2021-03-15,-0.02741726869906902,-0.007668626088544239,-0.00045387425471277165,0.10000000000000009,0.259999999999998
2021-03-22,-0.027443542948090704,0.01570110653957224,0.006771373641742073,-0.07000000000000006,-2.09
2021-03-29,0.04346509523620856,0.01140509341961593,-8.000661153539923e-05,0.050000000000000044,-1.5300000000000011
2021-04-05,0.03093398320779639,0.027097891225338122,-0.004648668135037393,-0.050000000000000044,-0.639999999999997
2021-04-12,-0.06420439972181124,0.01372553768649487,-0.00637263389244791,-0.07999999999999985,-0.4400000000000013
2021-04-19,-0.12614850825494073,-0.001266285506765108,-0.003489465813903414,-0.010000000000000009,1.0799999999999983
2021-04-26,0.15308609064749934,0.0002392247205256215,-4.460744997936139e-05,0.06999999999999984,1.2800000000000011
2021-05-03,0.029386401584638344,0.012300384820516763,-0.009448279369293822,-0.04999999999999982,-1.9199999999999982
2021-05-10,-0.20276733646011968,-0.01388035722723624,0.0009943715328724068,0.029999999999999805,2.1199999999999974
2021-05-17,-0.2536263097250788,-0.00431016926818184,-0.0006991477955249348,0.0,1.3399999999999999
2021-05-24,0.028452254708882352,0.011610111986448013,-0.0027013009465358673,-0.04999999999999982,-3.389999999999997
2021-05-31,0.004350013341275494,0.006132094545575839,-4.9657991866958184e-05,-0.020000000000000018,-0.33999999999999986
2021-06-07,0.09007241249167874,0.004149044064975405,0.003080754224976223,-0.09000000000000008,-0.7700000000000014
2021-06-14,-0.08765658728204118,-0.01906795622775126,0.017530310108710534,-0.020000000000000018,5.049999999999999
2021-06-21,-0.025275729097846922,0.027421425914147646,-0.00951249460371828,0.09000000000000008,-5.08
2021-06-28,0.016892341688871326,0.016735580629336333,0.0051533731372610525,-0.10000000000000009,-0.5499999999999989
2021-07-05,-0.029119343341123982,0.003954194755005469,0.002621231979030192,-0.06999999999999984,1.1099999999999994
2021-07-12,-0.07240230958355742,-0.009701227815221314,0.0018194305970975488,-0.06000000000000005,2.2699999999999996
2021-07-19,0.11336133544125326,0.019557862431710538,0.00351194414858802,-0.010000000000000009,-1.25
2021-07-26,0.12618121241275704,-0.0037467785184697178,-0.006773636765932234,-0.06000000000000005,1.0399999999999991
2021-08-02,0.09910619634266804,0.009387385501654189,0.005657158782086613,0.07000000000000006,-2.09
2021-08-09,0.07259951450380497,0.007095651546707771,-0.002182531277358901,-0.020000000000000018,-0.6999999999999993
2021-08-16,0.048226863389011276,-0.00589301700984779,0.012731124211159406,-0.030000000000000027,3.1099999999999994
2021-08-23,-0.009573466029721867,0.015242014827756112,-0.010135291512992417,0.050000000000000044,-2.169999999999998
2021-08-30,0.06129142920650765,0.005779077786919329,-0.006994857967679624,0.020000000000000018,0.019999999999999574
2021-09-06,-0.11074160575366987,-0.01694436911163888,0.003508737636342296,0.020000000000000018,4.539999999999999
2021-09-13,0.026431366789179123,-0.005739495534452743,0.005811806892888072,0.020000000000000018,-0.14000000000000057
2021-09-20,-0.08638227838723156,0.005073325227442416,0.001415506664236954,0.09999999999999987,-3.0599999999999987
2021-09-27,0.11675173594619204,-0.022094140249759753,0.0054509637419930534,0.010000000000000009,3.3999999999999986
2021-10-04,0.1340039141070717,0.007872316985843675,0.0019129251843419404,0.13000000000000012,-2.379999999999999
2021-10-11,0.1256761009165921,0.018224505504014665,-0.004433736537793664,-0.020000000000000018,-2.469999999999999
2021-10-18,-0.010988596635078562,0.016444624354504223,-0.0036856705860698336,0.06999999999999984,-0.870000000000001
2021-10-25,0.0073551959156132884,0.013307223481264785,0.004089909386821411,-0.10999999999999988,0.8300000000000018
2021-11-01,0.03219896312875403,0.02000920662355754,-0.0005405883739330042,-0.10000000000000009,0.21999999999999886
2021-11-08,0.0354888982907402,-0.0031250465670255023,0.003867691973224119,0.13000000000000012,-0.19000000000000128
2021-11-15,-0.10526823475902447,0.003226667520847215,0.006150318213255401,-0.040000000000000036,1.620000000000001
2021-11-22,-0.022980102016273096,-0.021996781581792968,0.011209985879028439,-0.06000000000000005,10.71
2021-11-29,-0.1375568137375407,-0.012229520613238898,-0.0023397073048476713,-0.1299999999999999,2.0500000000000007
2021-12-06,0.013312122580766639,0.038248909865305825,-0.005716733899586823,0.1299999999999999,-11.98
2021-12-13,-0.06738076353690714,-0.019392956736176914,0.0018845199406090085,-0.07000000000000006,2.879999999999999
2021-12-20,0.08770677207948441,0.02275658783198864,-0.0022221070722249214,0.09000000000000008,-3.6099999999999994
2021-12-27,-0.0687203609458027,0.008546719172879191,-0.002169929639576962,0.020000000000000018,-0.740000000000002
2022-01-03,-0.11465421820921029,-0.01870470691413262,-0.0020636173590208307,0.24,1.5400000000000027
2022-01-10,0.028831982709982773,-0.003031838581321722,-0.005759480412464435,0.020000000000000018,0.4299999999999997
2022-01-17,-0.15850584816094848,-0.05681289340210405,0.002010797106200668,-0.030000000000000027,9.66
2022-01-24,0.045171205050138497,0.007710428064048314,0.012448903915367016,0.030000000000000027,-1.1900000000000013
2022-01-31,0.11876718505159212,0.015496914381127436,-0.007782708099755786,0.1499999999999999,-4.440000000000001
2022-02-07,-0.007720700400911995,-0.018195634736353106,-0.0025613143390176285,-0.010000000000000009,4.140000000000001
2022-02-14,-0.08719264863034526,-0.01578992631216858,-0.000375300523418054,0.0,0.39000000000000057
2022-02-21,-0.01791809651680565,0.008227424595354638,0.004002676000146366,0.050000000000000044,-0.16000000000000014
2022-02-28,0.019144769353726776,-0.012721653951854761,0.012082489933427532,-0.22999999999999998,4.390000000000001
2022-03-07,-0.016747955079551957,-0.028774252865066297,0.003162443645665647,0.26,-1.2300000000000004
2022-03-14,0.09224498072124732,0.06155825807326276,-0.00753209729685389,0.14000000000000012,-6.879999999999999
2022-03-21,0.1348852494455568,0.017911236982200984,-0.002976636375064734,0.33999999999999986,-3.0600000000000023
2022-03-28,-0.008977794368127068,0.0006163246798411848,-0.0026832573206635457,-0.08999999999999986,-1.1799999999999997
2022-04-04,-0.09154799832354144,-0.01266647015086253,0.008106933237733482,0.33000000000000007,1.5300000000000011
2022-04-11,-0.05884244945011541,-0.021319971124796,0.002440352661453371,0.10999999999999988,1.5399999999999991
2022-04-18,-0.0057459879651556856,-0.027503135963065195,0.011284325763892156,0.06999999999999984,5.510000000000002
2022-04-25,-0.024886610006101373,-0.0327381091722887,0.012495487999349297,-0.009999999999999787,5.189999999999998
2022-05-02,-0.11515830546410222,-0.0020789316372736844,0.003049543363518925,0.22999999999999998,-3.2099999999999973
2022-05-09,-0.07960156764125226,-0.02411879689766072,0.008230593445394119,-0.18999999999999995,-1.3200000000000003
2022-05-16,-0.03303500379362312,-0.030450633590878406,-0.012218211548423508,-0.15000000000000036,0.5599999999999987
2022-05-23,-0.02726089772409923,0.06584370578464926,-0.009083696845964218,-0.03999999999999959,-3.710000000000001
2022-05-30,0.015308418255673084,-0.011952172072799971,-0.0005757359020792663,0.21999999999999975,-0.9299999999999997
2022-06-06,-0.11179038483970671,-0.05054836998057699,0.015080958217760232,0.18999999999999995,2.960000000000001
2022-06-13,-0.2258000423713984,-0.057941069405208045,0.010323496788699149,0.10000000000000009,3.379999999999999
2022-06-20,0.022556138815981397,0.06446539169052246,-0.006199432680974226,-0.1200000000000001,-3.8999999999999986
2022-06-27,-0.08186302260616107,-0.022089913951336193,0.008469912927137058,-0.25,-0.5300000000000011
2022-07-04,0.08007111265733857,0.0193578070388698,0.007904149431549934,0.20999999999999996,-2.0599999999999987
2022-07-11,-0.003082568842519673,-0.009288656145336027,0.008249623161329378,-0.1599999999999997,-0.41000000000000014
2022-07-18,0.08565757740107771,0.025489495646051408,-0.008305224070977113,-0.16000000000000014,-1.1999999999999993
2022-07-25,0.03160540804829837,0.042573385197506974,-0.005579374606985654,-0.10000000000000009,-1.7000000000000028
2022-08-01,-0.005105755641531595,0.0036074948732411904,0.004543072963459904,0.16000000000000014,-0.17999999999999972
2022-08-08,0.04879740092403728,0.03255821807926784,-0.010652300095649991,0.009999999999999787,-1.6199999999999974
2022-08-15,-0.11477483867676275,-0.012072006822190784,0.016791716934670964,0.14000000000000012,1.0700000000000003
2022-08-22,-0.09109665029250857,-0.04039749508097468,0.0001259649524869566,0.06000000000000005,4.959999999999997
2022-08-29,0.022739766235877923,-0.03287609114612844,0.005758717301991734,0.16000000000000014,-0.08999999999999986
2022-09-05,0.09132713009304849,0.03646547374536846,0.00010583780316286706,0.1299999999999999,-2.6799999999999997
2022-09-12,-0.11044597782458043,-0.047704161913378784,0.00882157634783498,0.1200000000000001,3.5100000000000016
2022-09-19,-0.03135529233865775,-0.046497458259430524,0.01926578763190734,0.23999999999999977,3.620000000000001
2022-09-26,0.01326181530867121,-0.029137096796029494,0.001803036171498018,0.14000000000000012,1.6999999999999993
2022-10-03,0.020056882582595303,0.015071312632124911,-0.0015974616279835763,0.06000000000000005,-0.26000000000000156
2022-10-10,-0.009056012082913734,-0.01554815559695133,0.008022866819939578,0.10999999999999988,0.6600000000000037
2022-10-17,0.01595910913057086,0.04735603825769519,-0.0051350982798590294,0.20999999999999996,-2.330000000000002
2022-10-24,0.05401422556513902,0.039520351742055704,-0.0036029403125943382,-0.1900000000000004,-3.9400000000000013
2022-10-31,0.013482015253438728,-0.033455009664040025,-0.0005243154224984226,0.15000000000000036,-1.1999999999999993
2022-11-07,-0.21887601300705362,0.05897813316359679,-0.01920929193656462,-0.3500000000000001,-2.030000000000001
2022-11-14,-0.003038607213171063,-0.006909712917581801,-0.006832156684126622,0.0,0.6000000000000014
2022-11-21,0.009124563965005272,0.01532781552149376,-0.004148486424162989,-0.13999999999999968,-2.620000000000001
2022-11-28,0.041203302984153645,0.011321073390758274,-0.010770350887718827,-0.17000000000000037,-1.4400000000000013
2022-12-05,-0.0012071999392015975,-0.03372547093351663,0.0033595551847305227,0.06000000000000005,3.7699999999999996
2022-12-12,-0.02030078928654,-0.020846994952190667,0.001882043880049089,-0.08999999999999986,-0.2099999999999973
2022-12-19,0.005609918862291785,-0.0019572417946401854,-0.005513226607311017,0.27,-1.75
2022-12-26,-0.012794593191227999,-0.001383679860175513,-0.004498488616044516,0.1299999999999999,0.8000000000000007
2023-01-02,0.03075691696631422,0.01447584320875106,-0.0028033627175818587,-0.33000000000000007,-0.5400000000000027
2023-01-09,0.21857234687639937,0.026702917526726155,-0.015839260289449153,-0.05999999999999961,-2.7799999999999976
2023-01-16,0.0879850513858611,-0.006621506392704313,0.0015213905156867824,-0.010000000000000231,1.5
2023-01-23,0.04555334976228509,0.024656334248768452,-0.0035718894063273554,0.040000000000000036,-1.3399999999999999
2023-01-30,-0.034090631488945866,0.0161943319838056,0.004937677794660811,0.009999999999999787,-0.18000000000000327
2023-02-06,-0.050118803065114625,-0.011125401307391702,0.00529162953572726,0.2100000000000004,2.200000000000003
2023-02-13,0.11422477705643796,-0.0027796384758682624,0.0034184576738005568,0.07999999999999963,-0.5100000000000016
2023-02-20,-0.029536795024341034,-0.026733903885425514,0.008423708820879838,0.13000000000000034,1.6500000000000021
2023-02-27,-0.04774430743562352,0.01904262929340761,-0.006530496075862091,0.020000000000000018,-3.1800000000000033
2023-03-06,-0.01931009208996426,-0.04549342007692225,0.003874171801593329,-0.27,6.310000000000002
2023-03-13,0.2716611409407872,0.014255785829153211,0.0026574927356093347,-0.31000000000000005,0.7100000000000009
2023-03-20,-0.00017230981304383608,0.013876690224273736,-0.009085726648366377,-0.010000000000000231,-3.770000000000003
2023-03-27,0.007287601388012321,0.03483262360267858,-0.00912835651395727,0.10000000000000009,-3.039999999999999
2023-04-03,0.005391548377867705,-0.0010439708856231356,-4.6079011261856984e-05,-0.08999999999999986,-0.3000000000000007
2023-04-10,0.06993739531757104,0.007946368105392843,-0.0041724372814810895,0.1299999999999999,-1.3299999999999983
2023-04-17,-0.08955886307876848,-0.0009957367001478534,0.0038281392634995637,0.04999999999999982,-0.3000000000000007
2023-04-24,0.059535131530303875,0.008699607114517116,-0.0007283443283433444,-0.1299999999999999,-0.9900000000000002
2023-05-01,-0.027472521833900587,-0.007969818778360782,-0.005619636183076038,0.0,1.410000000000002
2023-05-08,-0.05319995357033569,-0.0029422786340284057,0.0068516837783032525,0.020000000000000018,-0.16000000000000014
2023-05-15,-0.006309621727329517,0.016464278093538454,0.00341802724536322,0.2400000000000002,-0.22000000000000242
2023-05-22,0.04924595611299343,0.0032132786893068754,0.007140883205273951,0.09999999999999964,1.1400000000000006
2023-05-29,-0.03384250846249781,0.018290551546207956,-0.0051852601002730925,-0.10999999999999988,-3.3499999999999996
2023-06-05,-0.043874268353444434,0.0038506714739734438,-0.0047723051308738995,0.06000000000000005,-0.7699999999999996
2023-06-12,0.015985003211117954,0.025757991653601264,-0.00848849807673302,0.020000000000000018,-0.2900000000000009
2023-06-19,0.15651840150159613,-0.01389244805072587,0.006194983212068461,-0.029999999999999805,-0.09999999999999964
2023-06-26,0.005067515443496928,0.023468779968401687,0.001750704981871909,0.06999999999999984,0.15000000000000036
2023-07-03,-0.01490412362008986,-0.011556316539261924,-0.0023835335948378944,0.24999999999999956,1.2400000000000002
2023-07-10,0.0023633395898174925,0.024203503108696456,-0.01704624185709802,-0.22999999999999954,-1.4900000000000002
2023-07-17,-0.004903415223410756,0.006862845195342526,0.007650818522242808,0.009999999999999787,0.2599999999999998
2023-07-24,-0.026680849295716125,0.01011608477318715,-0.001304033006109817,0.1200000000000001,-0.2699999999999996
2023-07-31,-0.006580014610111928,-0.02274001959744487,0.008769993547729893,0.08999999999999986,3.7700000000000014
2023-08-07,0.007405696149876961,-0.0031219085178079142,0.006781629509935216,0.11000000000000032,-2.2600000000000016
2023-08-14,-0.10626081769488227,-0.021133275836964227,0.006731769135344345,0.09999999999999964,2.460000000000001
2023-08-21,-0.0033684625309136074,0.008238532991891923,0.0006775602185795648,-0.009999999999999787,-1.620000000000001
2023-08-28,-0.005001959637220055,0.024981217556307778,0.002035453230628592,-0.07000000000000028,-2.59
2023-09-04,-0.00499014100613715,-0.01290588316056851,0.00984191654452271,0.08000000000000007,0.75
2023-09-11,0.02654246387899195,-0.001608528566525158,-0.0061378872055598555,0.07000000000000028,-0.05000000000000071
2023-09-18,-0.01052228422494228,-0.029269805317370334,0.0027359961715855974,0.11000000000000032,3.41
2023-09-25,0.06644943421270177,-0.007409619310842941,0.006394274363822783,0.14999999999999947,0.3200000000000003
2023-10-02,-0.002697858753233473,0.0047690675248655,0.008573458580285687,0.1900000000000004,-0.07000000000000028
2023-10-09,-0.02732738595231221,0.004474875246605503,0.0019382877080456051,-0.15000000000000036,1.870000000000001
2023-10-16,0.10452582754385609,-0.023942991556872073,0.00013430920568247018,0.2999999999999998,2.3900000000000006
2023-10-23,0.15115232295050163,-0.025280765880080325,6.471863573120906e-05,-0.08999999999999986,-0.4400000000000013
2023-10-30,0.014076103469019774,0.05852522362576118,-0.01507523054521931,-0.2699999999999996,-6.359999999999999
2023-11-06,0.05861581840221097,0.013055429360719906,0.003052816936111702,0.040000000000000036,-0.7400000000000002
2023-11-13,0.007978873374338002,0.022372509761643844,-0.010484073689838835,-0.16999999999999993,-0.3699999999999992
2023-11-20,0.0023439595330390084,0.01003983145843379,-0.0052727523982666336,0.02999999999999936,-1.3399999999999999
2023-11-27,0.06742331850276506,0.007740155373365365,-0.0022302544286896264,-0.25,0.16999999999999993
2023-12-04,0.09549747750064674,0.002119866017503025,0.0068224414385571475,0.010000000000000675,-0.28000000000000114
2023-12-11,-0.05514699753434105,0.02493717924493466,-0.008467158603751024,-0.3200000000000003,-0.07000000000000028
2023-12-18,0.03907827619085591,0.0075097633280287734,-0.005643144794226118,-0.010000000000000231,0.75
2023-12-25,-0.016466510821906644,0.0031968838795026766,-0.00538960629921259,-0.020000000000000018,-0.5800000000000001
2024-01-01,0.03891439655771811,-0.015218571731067998,0.008167484090632726,0.16999999999999993,0.9000000000000004
2024-01-08,-0.05000498531494668,0.018434229462407803,0.0012229034743860279,-0.08999999999999986,-0.6500000000000004
2024-01-15,-0.00364273758846545,0.011701920845849534,0.009287734033831319,0.1900000000000004,0.6000000000000014
2024-01-22,0.010839981308469637,0.010570662897923633,-0.00022296969104185216,0.0,-0.040000000000000924
2024-01-29,0.013128862322292045,0.013829567549995092,0.0023603579254385387,-0.1200000000000001,0.5899999999999999
2024-02-05,0.13425841558861218,0.013713520522888434,0.0011331491621313639,0.13999999999999968,-0.9199999999999999
2024-02-12,0.07945508891409703,-0.004185723579111955,0.0009211906906037015,0.1299999999999999,1.3100000000000005
2024-02-19,-0.007841163596301826,0.016627476990632495,-0.0009376766913878898,-0.040000000000000036,-0.4900000000000002
2024-02-26,0.22009226959424,0.009487501965099732,-0.0002131581360725887,-0.0699999999999994,-0.6400000000000006
2024-03-04,0.09256128239120431,-0.002606539123393148,-0.008562024475440744,-0.10000000000000053,1.6300000000000008
2024-03-11,-0.008155939711015359,-0.0012881341377014577,0.0035449051885809713,0.21999999999999975,-0.33000000000000007
2024-03-18,-0.01730413483858384,0.022882145907146434,0.006510781119316134,-0.08999999999999986,-1.3499999999999996
2024-03-25,0.06055677139663307,0.0038535166922040176,-0.0013623888262661588,-0.019999999999999574,-0.05000000000000071
2024-04-01,-0.026930692069206952,-0.009517828085300772,-0.0004503421360759763,0.1899999999999995,3.0200000000000014
2024-04-08,-0.05332366210743633,-0.015550482866223292,0.010944524265776856,0.11000000000000032,1.2799999999999976
2024-04-15,-0.010975781367077109,-0.030483603693633787,0.006697277340060648,0.1200000000000001,1.4000000000000021
2024-04-22,-0.02806433209143966,0.026721130287907124,-0.0013029263042462214,0.04999999999999982,-3.6800000000000015
2024-04-29,0.014153984988898527,0.005456905544357182,-0.006584945883229443,-0.16999999999999993,-1.5399999999999991
2024-05-06,-0.039492751359120226,0.018505047983634393,-0.0010111554600348294,0.0,-0.9399999999999995
2024-05-13,0.07790678516472327,0.015430775004403818,-0.006381234940252778,-0.08000000000000007,-0.5600000000000005
2024-05-20,0.03370340801771321,0.000273416213015798,0.0031492451874617355,0.040000000000000036,-0.0600000000000005
2024-05-27,-0.010831487919527705,-0.005129394199882342,0.0039533881720676955,0.04999999999999982,0.9900000000000002
2024-06-03,0.027779716649871,0.013165299544671605,0.011883896542121963,-0.08000000000000007,-0.6999999999999993
2024-06-10,-0.04266115362161871,0.015823856038631234,0.005021489449529959,-0.22999999999999954,0.4399999999999995
2024-06-17,-0.05199494217410017,0.006079240002945685,-0.0004896536505774041,0.04999999999999982,0.5399999999999991
2024-06-24,-0.006929282245011548,-0.0007576007114858951,0.0008194436163166952,0.11000000000000032,-0.7599999999999998
2024-07-01,-0.11014781906776605,0.019542238045006988,-0.005910137887115585,-0.08000000000000007,0.040000000000000924
2024-07-08,0.08844063166815896,0.008650683738115728,-0.008388661134696496,-0.10000000000000053,-0.019999999999999574
2024-07-15,0.12117900105447688,-0.01965149100234187,0.005770971019369409,0.07000000000000028,4.059999999999999
2024-07-22,0.0012402197363059475,-0.008337874659400502,0.0042631976418425754,-0.04999999999999982,-0.129999999999999
2024-07-29,-0.147822677490422,-0.020615119708376817,-0.0016487159583413735,-0.40000000000000036,7.0
2024-08-05,0.009483846563848486,-0.00044888676083321144,-0.0043776489635785065,0.14000000000000012,-3.0199999999999996
2024-08-12,-0.0048582424996069795,0.039312071494865375,-0.004314734852059243,-0.04999999999999982,-5.57
2024-08-19,0.09914278159115564,0.014468200027006217,-0.007659488942557524,-0.08000000000000007,1.0599999999999987
2024-08-26,-0.10772563064465901,0.0024473743524395797,0.007134053517339423,0.10000000000000009,-0.8599999999999994
2024-09-02,-0.04244033265237823,-0.04248636782097581,0.0014134339168550003,-0.18999999999999995,7.379999999999999
2024-09-09,0.07767548539774505,0.040233561742616164,-0.0068898465376480145,-0.06000000000000005,-5.82
2024-09-16,0.075200568220253,0.013602866680175296,-0.0020541678893857274,0.06999999999999984,-0.41000000000000014
2024-09-23,0.031822734510707607,0.006246328396945167,-0.0024224662535048402,0.020000000000000018,0.8100000000000023
2024-09-30,-0.04240876156081175,0.0022481034894399343,0.00915357882142942,0.22999999999999998,2.25
2024-10-07,0.0007976770421986856,0.011121408711770142,0.006224855731113754,0.10000000000000009,1.25
2024-10-14,0.0980112619655602,0.008536499381774476,0.007627225454441833,0.0,-2.4299999999999997
2024-10-21,-0.01463509888676262,-0.00964248627800035,0.00558431549768601,0.16999999999999993,2.299999999999997
2024-10-28,0.011088961316756407,-0.013656742629284513,0.0015817286665247288,0.1200000000000001,1.5500000000000007
2024-11-04,0.16857656283828115,0.046561234464460144,0.0061975392524173945,-0.07000000000000028,-6.9399999999999995
2024-11-11,0.11802885180678735,-0.020835487712532963,0.010381339230186581,0.1299999999999999,1.200000000000001
2024-11-18,0.08952157780466274,0.01681594107607043,0.0046215149489929885,-0.019999999999999574,-0.9000000000000004
2024-11-25,-0.007301937772446254,0.010560631493598871,-0.006992952133501484,-0.23000000000000043,-1.7300000000000004
2024-12-02,0.04038074529470448,0.009596543984298211,0.000854796736920127,-0.02999999999999936,-0.7400000000000002
2024-12-09,0.03317588371192093,-0.006433212320636095,0.00490654205607477,0.25,1.040000000000001
2024-12-16,-0.08881261380117689,-0.019870800136834843,0.004582529518590839,0.11999999999999922,4.549999999999999
2024-12-23,-0.015213013389431151,0.006742709729633978,0.004355203177656142,0.10000000000000053,-2.41
2024-12-30,0.0493439174210728,-0.004751425260097419,0.007812378357337613,-0.020000000000000462,0.17999999999999972
2025-01-06,-0.038820759018502904,-0.01942458270719083,0.0031895622752571295,0.16999999999999993,3.41
2025-01-13,0.07178069377712615,0.029109118866525785,-0.0029299341477088126,-0.15999999999999925,-3.5699999999999985
2025-01-20,0.012714990994415531,0.017439708104177942,-0.015637223821280855,0.019999999999999574,-1.120000000000001
2025-01-27,-0.04793812122393304,-0.00995043630475112,0.00801577893176808,-0.04999999999999982,1.58
2025-02-03,-0.01266972901596597,-0.0024070735514929442,-0.0004171764625302554,-0.08999999999999986,0.10999999999999943
2025-02-10,-0.0035726744261386223,0.014709616179250373,-0.009967359447851432,-0.020000000000000462,-1.7699999999999996
2025-02-17,0.0014552927169195762,-0.016599532596412225,-6.527769366837521e-05,-0.04999999999999982,3.4400000000000013
2025-02-24,-0.020652828855783456,-0.009750329695183746,0.00896407762103113,-0.17999999999999972,1.4199999999999982
2025-03-03,-0.14358364272833357,-0.030951381308254255,-0.017922443395527732,0.08000000000000007,3.740000000000002
2025-03-10,0.022792770910332383,-0.022747911684170452,-0.002279701606745066,-0.010000000000000675,-1.6000000000000014
2025-03-17,0.042482470078848866,0.0050754219764708175,0.004564251970258004,-0.05999999999999961,-2.4899999999999984
2025-03-24,-0.04289501350448688,-0.01528347295838084,0.0011942861170575192,0.019999999999999574,2.3699999999999974
2025-03-31,-0.048063969907023996,-0.09081982605080863,-0.004792012574089122,-0.2599999999999998,23.660000000000004
2025-04-07,0.06795868927706228,0.05701132027874989,-0.014279934728473775,0.47000000000000064,-7.75
2025-04-14,0.01694412607449869,-0.01503907997971421,-0.008303747168718956,-0.14000000000000057,-7.910000000000004
2025-04-21,0.10061207402179217,0.04590644935355037,-0.0008187890540831688,-0.04999999999999982,-4.809999999999999
2025-04-28,0.005635455411400425,0.02922241869539799,-0.003170423271037004,0.040000000000000036,-2.16
2025-05-05,0.10437662724196906,-0.004705741673070585,0.00018694457460721736,0.040000000000000036,-0.7800000000000011
2025-05-12,0.022438579304250972,0.05273405407506493,0.004526641152277522,0.05999999999999961,-4.66
2025-05-19,0.02395329224025433,-0.02610776754755495,-0.013731609596526306,0.08000000000000007,5.050000000000001
2025-05-26,-0.030836062356869087,0.018761567651589983,0.0031610504540560136,-0.09999999999999964,-3.719999999999999
2025-06-02,0.0008620548483462276,0.014999095013439545,-0.004979986433150341,0.09999999999999964,-1.8000000000000007
2025-06-09,-0.0013239828248245988,-0.00389809944736641,-0.006904036777510947,-0.09999999999999964,4.050000000000001
2025-06-16,-0.04384850996756351,-0.0015275298353514266,0.005953068577056353,-0.03000000000000025,-0.1999999999999993
2025-06-23,0.07322480804271869,0.03438932679160289,-0.011415985353698921,-0.08999999999999986,-4.300000000000001
2025-06-30,0.007815928339793388,0.01721671712778261,-0.003516659841716896,0.05999999999999961,1.1600000000000001
2025-07-07,0.0904986491317521,-0.0031213421771362215,0.005729707425975894,0.08000000000000007,-1.0800000000000018
2025-07-14,-0.015295754418799712,0.005917169216022922,0.0036240404131371307,0.010000000000000675,0.010000000000001563
2025-07-21,0.018338189565661134,0.014586797399945173,-0.003076705772873778,-0.040000000000000036,-1.4800000000000004
2025-07-28,-0.04360194296303954,-0.02357778807383104,0.01022205146113242,-0.16999999999999993,5.449999999999999
2025-08-04,0.04452555319730167,0.0242769729448975,-0.007254220284756863,0.03999999999999915,-5.229999999999999
2025-08-11,-0.015834826912097255,0.00944525741652269,3.9889340321730415e-05,0.0600000000000005,-0.0600000000000005
2025-08-18,-0.033315614044068464,0.00265279543551733,-0.0005010898496481397,-0.07000000000000028,-0.8699999999999992
2025-08-25,-0.046233800516839674,-0.0010283118212561781,-0.0005753366800412829,-0.02999999999999936,1.1399999999999988
2025-09-01,0.026707505611043514,0.003287793370545522,-0.0006655120033408624,-0.13000000000000078,-0.17999999999999972
2025-09-08,0.0371672562974783,0.015858983260047754,-0.000558569927793906,-0.040000000000000036,-0.41999999999999993
2025-09-15,-0.0003098864984308891,0.01216076448637593,-0.002292999147933905,0.08000000000000007,0.6899999999999995
2025-09-22,-0.026627432293500397,-0.0031000726251282362,0.00541883929480802,0.0600000000000005,-0.16000000000000014
2025-09-29,0.10090907105179525,0.0108508812860304,-0.0028795639802083883,-0.07000000000000028,1.3599999999999994
2025-10-06,-0.0690261625329166,-0.024312850759180882,0.008562047363560588,-0.08000000000000007,5.010000000000002
2025-10-13,-0.054941596467604104,0.017016379982632612,-0.0034140739107783036,-0.03000000000000025,-0.879999999999999
2025-10-20,0.05445939435644043,0.019159635114593065,0.0019195909291251922,0.0,-4.41
2025-10-27,-0.035079792666511844,0.0071425521482870735,0.003732599051552654,0.09000000000000075,1.0700000000000003
2025-11-03,-0.052629674432977835,-0.01628607350662259,1.7300197139746842e-05,0.0,1.639999999999997
2025-11-10,-0.09989709992918461,0.0007891451670429817,-0.0034715128348766777,0.02999999999999936,0.75
2025-11-17,-0.07883860038632984,-0.019471021411886613,0.0074293234661468865,-0.08000000000000007,3.6000000000000014
2025-11-24,0.04065415179085563,0.037270993898218974,-0.006668017885320898,-0.040000000000000036,-7.079999999999998
2025-12-01,0.0003907702523240353,0.003111362239363036,-0.0030267808979064226,0.1200000000000001,-0.9400000000000013
2025-12-08,-0.02459353256269603,-0.0062572775966464045,-0.004491810586620071,0.05000000000000071,0.33000000000000007
2025-12-15,0.005519768879454823,0.001038461144123426,0.00017478996073050368,-0.03000000000000025,-0.8300000000000001
2025-12-22,-0.007964799005987566,0.013964445094739819,-0.005766228492109171,-0.020000000000000462,-1.3100000000000005
2025-12-29,0.04066980994673153,-0.01031322060508455,0.0011182508414084857,0.05000000000000071,0.9100000000000001
2026-01-05,-0.0056383865657639864,0.015719249336951124,0.005146903288215654,-0.010000000000000675,-0.019999999999999574
2026-01-12,0.029220781717907318,-0.003771022697910409,-0.001145385808694832,0.0600000000000005,1.3699999999999992
2026-01-19,-0.07475760927839081,-0.003515845078033153,-0.009878101792248462,0.0,0.23000000000000043
2026-01-26,-0.11194311411652147,0.003386541461996906,-0.008393777502657684,0.019999999999999574,1.3500000000000014
2026-02-02,-0.08624118970676342,-0.0009698761930700961,0.0028931395865634535,-0.040000000000000036,0.3200000000000003
2026-02-09,-0.021296628853704536,-0.013866970558112035,-0.006046141472437205,-0.17999999999999972,2.84
2026-02-16,-0.017276411838696215,0.0107282294033062,0.003964235937981231,0.040000000000000036,-1.5100000000000016
2026-02-23,-0.02759958842991328,-0.004433020575988711,-0.0014356942056092947,-0.10999999999999988,0.7699999999999996
2026-03-02,0.002960481156863537,-0.020186425697206523,0.014162853721239488,0.18000000000000016,9.629999999999999
2026-03-09,0.10374284536282508,-0.015998468847273628,0.00887765605777835,0.1299999999999999,-2.299999999999997
2026-03-16,-0.06806597080501287,-0.018954523317335603,-0.0022903017623958632,0.10999999999999943,-0.41000000000000014
2026-03-23,-0.027233970438703903,-0.021152758480775913,0.005066692607068601,0.05000000000000071,4.27
2026-03-30,0.04579923355117099,0.033575920299582895,-0.001891051916241171,-0.09000000000000075,-7.18
2026-04-06,0.024723984553738587,0.03557816029617089,-0.014929158395942221,-0.040000000000000036,-4.640000000000001
2026-04-13,0.04326784842392617,0.04535352631478573,-0.006526428797393846,-0.04999999999999982,-1.75
2026-04-20,0.06579461013073007,0.0054756766010950475,0.0055039189698466995,0.04999999999999982,1.2300000000000004
2026-04-27,-0.0011312327932918587,0.009077358522165735,-0.0028367026195701417,0.08000000000000007,-1.7200000000000024
2026-05-04,0.046348049862686924,0.023348160196511314,-0.002984983858788537,-0.009999999999999787,0.20000000000000284
2026-05-11,-0.057808003326113355,0.0012934302662681585,0.01053294159906204,0.20999999999999996,1.2399999999999984
2026-05-18,-0.0050699950050135945,0.008769656475669851,3.60488755684063e-05,-0.03000000000000025,-1.7300000000000004
2026-05-25,-0.05771351856926943,0.006274193915276172,,-0.07999999999999918,-0.41000000000000014
