week,MAXRET,SKEW52,VOLC,BETA26,CRASH8,NEWC,TVLC
2017-08-14,0.4,0.2,0.4,0.25,0.375,0.125,0.25
2017-08-21,0.4,0.2,0.4,0.25,0.375,0.125,0.25
2017-08-28,0.4,0.2,0.4,0.25,0.375,0.125,0.25
2017-09-04,0.4,0.2,0.4,0.25,0.375,0.125,0.25
2017-09-11,0.4,0.2,0.4,0.25,0.375,0.125,0.25
2017-09-18,0.4,0.2,0.4,0.25,0.375,0.125,0.25
2017-09-25,0.4,0.2,0.4,0.25,0.375,0.125,0.25
2017-10-02,0.4,0.2,0.4,0.25,0.375,0.125,0.25
2017-10-09,0.4,0.2,0.4,0.25,0.375,0.125,0.25
2017-10-16,0.4,0.2,0.4,0.25,0.375,0.125,0.25
2017-10-23,0.4,0.2,0.4,0.25,0.375,0.125,0.25
2017-10-30,0.4,0.2,0.4,0.25,0.375,0.125,0.25
2017-11-06,0.4,0.2,0.4,0.25,0.375,0.125,0.25
2017-11-13,0.4,0.2,0.4,0.25,0.375,0.125,0.25
2017-11-20,0.4,0.2,0.4,0.25,0.375,0.125,0.25
2017-11-27,0.4,0.2,0.4,0.25,0.375,0.125,0.25
2017-12-04,0.42857142857142855,0.42857142857142855,0.14285714285714285,0.375,0.25,0.25,0.125
2017-12-11,0.4,0.2,0.4,0.25,0.375,0.125,0.25
2017-12-18,0.42857142857142855,0.42857142857142855,0.14285714285714285,0.375,0.25,0.25,0.125
2017-12-25,0.42857142857142855,0.42857142857142855,0.14285714285714285,0.375,0.25,0.25,0.125
2018-01-01,0.42857142857142855,0.42857142857142855,0.14285714285714285,0.375,0.25,0.25,0.125
2018-01-08,0.42857142857142855,0.42857142857142855,0.14285714285714285,0.375,0.25,0.25,0.125
2018-01-15,0.42857142857142855,0.42857142857142855,0.14285714285714285,0.375,0.25,0.25,0.125
2018-01-22,0.4,0.2,0.4,0.25,0.375,0.125,0.25
2018-01-29,0.42857142857142855,0.42857142857142855,0.14285714285714285,0.375,0.25,0.25,0.125
2018-02-05,0.4,0.2,0.4,0.25,0.375,0.125,0.25
2018-02-12,0.4,0.2,0.4,0.25,0.375,0.125,0.25
2018-02-19,0.4,0.2,0.4,0.25,0.375,0.125,0.25
2018-02-26,0.4,0.0,0.6,0.0,0.4,0.0,0.6
2018-03-05,0.4,0.0,0.6,0.0,0.4,0.0,0.6
2018-03-12,0.4,0.0,0.6,0.0,0.4,0.0,0.6
2018-03-19,0.4,0.2,0.4,0.25,0.375,0.125,0.25
2018-03-26,0.4,0.2,0.4,0.25,0.375,0.125,0.25
2018-04-02,0.4,0.0,0.6,0.0,0.4,0.0,0.6
2018-04-09,0.4,0.0,0.6,0.0,0.4,0.0,0.6
2018-04-16,0.4,0.2,0.4,0.25,0.375,0.125,0.25
2018-04-23,0.4,0.2,0.4,0.25,0.375,0.125,0.25
2018-04-30,0.4,0.2,0.4,0.25,0.375,0.125,0.25
2018-05-07,0.42857142857142855,0.42857142857142855,0.14285714285714285,0.375,0.25,0.25,0.125
2018-05-14,0.42857142857142855,0.42857142857142855,0.14285714285714285,0.375,0.25,0.25,0.125
2018-05-21,0.42857142857142855,0.42857142857142855,0.14285714285714285,0.375,0.25,0.25,0.125
2018-05-28,0.4,0.2,0.4,0.25,0.375,0.125,0.25
2018-06-04,0.4,0.2,0.4,0.25,0.375,0.125,0.25
2018-06-11,0.4,0.2,0.4,0.25,0.375,0.125,0.25
2018-06-18,0.4,0.2,0.4,0.25,0.375,0.125,0.25
2018-06-25,0.4,0.2,0.4,0.25,0.375,0.125,0.25
2018-07-02,0.4,0.0,0.6,0.0,0.4,0.0,0.6
2018-07-09,0.4,0.0,0.6,0.0,0.4,0.0,0.6
2018-07-16,0.4,0.0,0.6,0.0,0.4,0.0,0.6
2018-07-23,0.4,0.2,0.4,0.25,0.375,0.125,0.25
2018-07-30,0.4,0.0,0.6,0.0,0.4,0.0,0.6
2018-08-06,0.4,0.2,0.4,0.25,0.375,0.125,0.25
2018-08-13,0.4,0.0,0.6,0.0,0.4,0.0,0.6
2018-08-20,0.4,0.2,0.4,0.25,0.375,0.125,0.25
2018-08-27,0.4,0.0,0.6,0.0,0.4,0.0,0.6
2018-09-03,0.3863636363636363,0.0,0.6136363636363636,0.0,0.4,0.0,0.6
2018-09-10,0.43037974683544306,0.0,0.569620253164557,0.0,0.4,0.0,0.6
2018-09-17,0.5737704918032787,0.0,0.42622950819672134,0.0,0.4,0.0,0.6
2018-09-24,0.8500000000000001,0.0,0.15000000000000002,0.375,0.25,0.25,0.125
2018-10-01,0.6014492753623187,0.0,0.3985507246376811,0.25,0.375,0.125,0.25
2018-10-08,0.55859375,0.0,0.44140624999999994,0.25,0.375,0.125,0.25
2018-10-15,0.5719696969696969,0.0,0.42803030303030304,0.25,0.375,0.125,0.25
2018-10-22,0.46539027982326947,0.0,0.5346097201767304,0.0,0.4,0.0,0.6
2018-10-29,0.5465116279069767,0.0,0.4534883720930231,0.0,0.4,0.0,0.6
2018-11-05,0.4,0.0,0.6,0.0,0.4,0.0,0.6
2018-11-12,0.4,0.2,0.4,0.25,0.375,0.125,0.25
2018-11-19,0.0,0.0,1.0,0.25,0.375,0.125,0.25
2018-11-26,0.4,0.2,0.4,0.25,0.375,0.125,0.25
2018-12-03,0.4,0.2,0.4,0.25,0.375,0.125,0.25
2018-12-10,0.4,0.2,0.4,0.25,0.375,0.125,0.25
2018-12-17,0.4,0.0,0.6,0.0,0.4,0.0,0.6
2018-12-24,0.4,0.2,0.4,0.25,0.375,0.125,0.25
2018-12-31,0.4,0.2,0.4,0.25,0.375,0.125,0.25
2019-01-07,0.4,0.2,0.4,0.25,0.375,0.125,0.25
2019-01-14,0.4,0.2,0.4,0.25,0.375,0.125,0.25
2019-01-21,0.4,0.2,0.4,0.25,0.375,0.125,0.25
2019-01-28,0.4,0.2,0.4,0.25,0.375,0.125,0.25
2019-02-04,0.0,1.0,0.0,0.25,0.375,0.125,0.25
2019-02-11,0.0,1.0,0.0,0.25,0.375,0.125,0.25
2019-02-18,,,,0.0,0.4,0.0,0.6
2019-02-25,0.0,1.0,0.0,0.25,0.375,0.125,0.25
2019-03-04,0.0,1.0,0.0,0.25,0.375,0.125,0.25
2019-03-11,0.0,1.0,0.0,0.375,0.25,0.25,0.125
2019-03-18,0.0,1.0,0.0,0.25,0.375,0.125,0.25
2019-03-25,0.0,1.0,0.0,0.25,0.375,0.125,0.25
2019-04-01,0.0,1.0,0.0,0.25,0.375,0.125,0.25
2019-04-08,0.0,1.0,0.0,0.375,0.25,0.25,0.125
2019-04-15,0.0,0.0,1.0,0.0,0.4,0.0,0.6
2019-04-22,0.0,0.5181519413023541,0.48184805869764596,0.25,0.375,0.125,0.25
2019-04-29,0.0,0.3033257311846821,0.6966742688153179,0.25,0.375,0.125,0.25
2019-05-06,0.058889840826081084,0.0,0.9411101591739189,0.0,0.4,0.0,0.6
2019-05-13,0.0,0.3318164199888026,0.6681835800111974,0.25,0.375,0.125,0.25
2019-05-20,0.1574516360162408,0.2111296871268211,0.6314186768569381,0.25,0.375,0.125,0.25
2019-05-27,0.29574677617154116,0.07778066817793307,0.6264725556505258,0.25,0.375,0.125,0.25
2019-06-03,0.35722294309578106,0.24762216707189563,0.39515488983232333,0.375,0.25,0.25,0.125
2019-06-10,0.12019230769230771,0.0,0.8798076923076922,0.25,0.375,0.125,0.25
2019-06-17,0.27788649706457924,0.0,0.7221135029354206,0.25,0.375,0.125,0.25
2019-06-24,0.29801169067763467,0.0406826640439016,0.6613056452784637,0.25,0.375,0.125,0.25
2019-07-01,0.17408815020704527,0.8259118497929547,0.0,0.375,0.25,0.25,0.125
2019-07-08,0.0,0.0,1.0,0.0,0.4,0.0,0.6
2019-07-15,,,,0.0,0.4,0.0,0.6
2019-07-22,,,,0.0,0.4,0.0,0.6
2019-07-29,0.0,0.0,1.0,0.0,0.4,0.0,0.6
2019-08-05,,,,0.0,0.4,0.0,0.6
2019-08-12,0.0,0.5536560247167869,0.4463439752832132,0.25,0.375,0.125,0.25
2019-08-19,0.1287139332832779,0.0,0.871286066716722,0.0,0.4,0.0,0.6
2019-08-26,0.13676114611409637,0.13074902573434735,0.7324898281515563,0.25,0.375,0.125,0.25
2019-09-02,0.4143877373279917,0.0,0.5856122626720084,0.25,0.375,0.125,0.25
2019-09-09,0.0,0.10111335858397749,0.8988866414160225,0.25,0.375,0.125,0.25
2019-09-16,0.2050580376096418,0.06908194003598647,0.7258600223543716,0.25,0.375,0.125,0.25
2019-09-23,0.12516024248933252,0.14740466394484764,0.7274350935658199,0.25,0.375,0.125,0.25
2019-09-30,0.0,0.0,1.0,0.25,0.375,0.125,0.25
2019-10-07,0.0,0.12004129931001635,0.8799587006899836,0.375,0.25,0.25,0.125
2019-10-14,0.0,0.1906303484881647,0.8093696515118354,0.375,0.25,0.25,0.125
2019-10-21,0.0,0.6124391758531931,0.387560824146807,0.375,0.25,0.25,0.125
2019-10-28,0.0,0.6892216289152597,0.31077837108474027,0.25,0.375,0.125,0.25
2019-11-04,0.0,0.7315024788678235,0.26849752113217656,0.375,0.25,0.25,0.125
2019-11-11,0.0,1.0,0.0,0.25,0.375,0.125,0.25
2019-11-18,0.0,1.0,0.0,0.25,0.375,0.125,0.25
2019-11-25,0.0,1.0,0.0,0.25,0.375,0.125,0.25
2019-12-02,0.0,1.0,0.0,0.375,0.25,0.25,0.125
2019-12-09,0.0,1.0,0.0,0.25,0.375,0.125,0.25
2019-12-16,0.0,1.0,0.0,0.25,0.375,0.125,0.25
2019-12-23,0.14287869623051283,0.24513363388095374,0.6119876698885333,0.25,0.375,0.125,0.25
2019-12-30,0.13424913159412427,0.2796813356141593,0.5860695327917165,0.25,0.375,0.125,0.25
2020-01-06,0.0,0.0,1.0,0.0,0.4,0.0,0.6
2020-01-13,0.0,0.24915947681184716,0.7508405231881529,0.25,0.375,0.125,0.25
2020-01-20,0.0,0.0,1.0,0.375,0.25,0.25,0.125
2020-01-27,0.0,0.0,1.0,0.25,0.375,0.125,0.25
2020-02-03,0.0,0.0,1.0,0.25,0.375,0.125,0.25
2020-02-10,0.0,0.0,1.0,0.375,0.25,0.25,0.125
2020-02-17,0.0,0.8440163184715225,0.1559836815284774,0.375,0.25,0.25,0.125
2020-02-24,0.42857142857142855,0.42857142857142855,0.14285714285714285,0.375,0.25,0.25,0.125
2020-03-02,0.0,1.0,0.0,0.25,0.375,0.125,0.25
2020-03-09,0.0,1.0,0.0,0.25,0.375,0.125,0.25
2020-03-16,0.3709256003382815,0.5093861972269824,0.11968820243473605,0.25,0.375,0.125,0.25
2020-03-23,0.5096953496641434,0.1840303146632323,0.3062743356726242,0.25,0.375,0.125,0.25
2020-03-30,0.6073001887979862,0.0,0.3926998112020137,0.0,0.4,0.0,0.6
2020-04-06,0.6971962616822431,0.0,0.30280373831775687,0.0,0.4,0.0,0.6
2020-04-13,0.4664306701832149,0.5335693298167852,0.0,0.25,0.375,0.125,0.25
2020-04-20,0.34670263121028805,0.5112639753422403,0.14203339344747154,0.25,0.375,0.125,0.25
2020-04-27,0.4344492419959636,0.24269101674409205,0.3228597412599444,0.25,0.375,0.125,0.25
2020-05-04,0.4703508532190015,0.34619852074543495,0.1834506260355635,0.25,0.375,0.125,0.25
2020-05-11,1.0,0.0,0.0,0.0,0.4,0.0,0.6
2020-05-18,,,,0.0,0.4,0.0,0.6
2020-05-25,,,,0.0,0.4,0.0,0.6
2020-06-01,0.0,1.0,0.0,0.25,0.375,0.125,0.25
2020-06-08,0.0,1.0,0.0,0.25,0.375,0.125,0.25
2020-06-15,0.4,0.2,0.4,0.25,0.375,0.125,0.25
2020-06-22,0.4,0.2,0.4,0.25,0.375,0.125,0.25
2020-06-29,0.4,0.2,0.4,0.25,0.375,0.125,0.25
2020-07-06,0.42857142857142855,0.42857142857142855,0.14285714285714285,0.375,0.25,0.25,0.125
2020-07-13,0.0,1.0,0.0,0.375,0.25,0.25,0.125
2020-07-20,0.0,1.0,0.0,0.375,0.25,0.25,0.125
2020-07-27,0.0,1.0,0.0,0.375,0.25,0.25,0.125
2020-08-03,0.0,1.0,0.0,0.375,0.25,0.25,0.125
2020-08-10,0.0,1.0,0.0,0.375,0.25,0.25,0.125
2020-08-17,0.0,1.0,0.0,0.375,0.25,0.25,0.125
2020-08-24,0.013283378746594143,0.935967302452316,0.050749318801089856,0.375,0.25,0.25,0.125
2020-08-31,0.31361821676770674,0.5646902262309627,0.12169155700133073,0.375,0.25,0.25,0.125
2020-09-07,0.4097383239483273,0.1649552832063597,0.425306392845313,0.25,0.375,0.125,0.25
2020-09-14,0.3983202650346991,0.0,0.6016797349653009,0.0,0.4,0.0,0.6
2020-09-21,0.4022974363475496,0.0,0.5977025636524503,0.0,0.4,0.0,0.6
2020-09-28,0.38397533187538013,0.0,0.6160246681246198,0.0,0.4,0.0,0.6
2020-10-05,0.3963364017471692,0.15250155501756185,0.45116204323526893,0.25,0.375,0.125,0.25
2020-10-12,0.34057247717915246,0.0,0.6594275228208476,0.0,0.4,0.0,0.6
2020-10-19,0.33100599394058444,0.14783242157926132,0.5211615844801543,0.25,0.375,0.125,0.25
2020-10-26,0.1932239362733133,0.18382588506872086,0.6229501786579659,0.25,0.375,0.125,0.25
2020-11-02,0.11019899965551597,0.0,0.8898010003444841,0.0,0.4,0.0,0.6
2020-11-09,0.022199437138063577,0.3054810034096444,0.6723195594522919,0.25,0.375,0.125,0.25
2020-11-16,0.0070242191666492985,0.0,0.9929757808333507,0.0,0.4,0.0,0.6
2020-11-23,0.0,0.07308624786735066,0.9269137521326494,0.25,0.375,0.125,0.25
2020-11-30,0.0,0.3921201568871749,0.6078798431128251,0.375,0.25,0.25,0.125
2020-12-07,0.11045801602974627,0.33756903023264306,0.5519729537376107,0.375,0.25,0.25,0.125
2020-12-14,0.09366605683229798,0.19157799891169497,0.7147559442560071,0.25,0.375,0.125,0.25
2020-12-21,0.22190157939156088,0.41310359661227386,0.3649948239961653,0.25,0.375,0.125,0.25
2020-12-28,0.14553825300088435,0.0,0.8544617469991157,0.0,0.4,0.0,0.6
2021-01-04,0.24121191831268837,0.23907766990291263,0.519710411784399,0.25,0.375,0.125,0.25
2021-01-11,0.19622833843017334,0.3360695316272332,0.46770212994259347,0.25,0.375,0.125,0.25
2021-01-18,0.1591345432728364,0.7118419079046048,0.12902354882255887,0.375,0.25,0.25,0.125
2021-01-25,0.12214162064133217,0.7558981122743383,0.12196026708432939,0.375,0.25,0.25,0.125
2021-02-01,0.0,0.9260754066272079,0.0739245933727921,0.375,0.25,0.25,0.125
2021-02-08,0.2157369452860453,0.6667260737836392,0.11753698093031544,0.375,0.25,0.25,0.125
2021-02-15,0.3917455604267255,0.4538155713192932,0.15443886825398132,0.375,0.25,0.25,0.125
2021-02-22,0.4530718286260828,0.40562925512310605,0.14129891625081115,0.375,0.25,0.25,0.125
2021-03-01,0.3525754385584896,0.340874453356655,0.30655010808485544,0.25,0.375,0.125,0.25
2021-03-08,0.2756691232834697,0.6633966551349294,0.06093422158160093,0.375,0.25,0.25,0.125
2021-03-15,0.30015153430401953,0.6326380633086883,0.0672104023872922,0.375,0.25,0.25,0.125
2021-03-22,0.3473317123318237,0.3365560411566968,0.31611224651147946,0.25,0.375,0.125,0.25
2021-03-29,0.38517130399787247,0.20338845143193188,0.4114402445701956,0.25,0.375,0.125,0.25
2021-04-05,0.41493449089428447,0.4121655913633636,0.17289991774235183,0.375,0.25,0.25,0.125
2021-04-12,0.3800030008911373,0.43477189616762396,0.18522510294123867,0.375,0.25,0.25,0.125
2021-04-19,0.36708097699144043,0.4708807882041202,0.16203823480443932,0.375,0.25,0.25,0.125
2021-04-26,0.6329860774765098,0.0,0.36701392252349024,0.375,0.25,0.25,0.125
2021-05-03,0.6481977308477527,0.0,0.35180226915224727,0.375,0.25,0.25,0.125
2021-05-10,0.5472247090420771,0.0,0.45277529095792285,0.375,0.25,0.25,0.125
2021-05-17,0.622294187830237,0.0,0.37770581216976307,0.375,0.25,0.25,0.125
2021-05-24,0.44344904815229585,0.0,0.5565509518477041,0.25,0.375,0.125,0.25
2021-05-31,0.3365758754863818,0.0,0.6634241245136182,0.25,0.375,0.125,0.25
2021-06-07,0.46596306068601595,0.0,0.534036939313984,0.25,0.375,0.125,0.25
2021-06-14,1.0,0.0,0.0,0.0,0.4,0.0,0.6
2021-06-21,0.5156281145311568,0.0,0.48437188546884324,0.0,0.4,0.0,0.6
2021-06-28,0.6896389735438326,0.0,0.31036102645616737,0.0,0.4,0.0,0.6
2021-07-05,1.0,0.0,0.0,0.0,0.4,0.0,0.6
2021-07-12,0.6097448359537287,0.17824686306147447,0.21200830098479673,0.25,0.375,0.125,0.25
2021-07-19,0.58924585579305,0.0,0.41075414420694994,0.0,0.4,0.0,0.6
2021-07-26,0.5279482868870766,0.43533299119856894,0.036718721914354296,0.25,0.375,0.125,0.25
2021-08-02,0.5528566773764955,0.44714332262350454,0.0,0.25,0.375,0.125,0.25
2021-08-09,0.5308032745842212,0.1882800234104006,0.2809167020053782,0.25,0.375,0.125,0.25
2021-08-16,0.48737314602364723,0.3555018655162086,0.15712498846014408,0.25,0.375,0.125,0.25
2021-08-23,0.3024716250407894,0.6434951564441335,0.05403321851507717,0.375,0.25,0.25,0.125
2021-08-30,0.5026875323169406,0.0976739066733717,0.3996385610096876,0.25,0.375,0.125,0.25
2021-09-06,0.08927692148546612,0.9107230785145339,0.0,0.25,0.375,0.125,0.25
2021-09-13,0.4427062259939055,0.33708582245124485,0.22020795155484968,0.25,0.375,0.125,0.25
2021-09-20,0.3540960247877815,0.24934147806579013,0.39656249714642844,0.25,0.375,0.125,0.25
2021-09-27,0.15342073316084154,0.36474295390175493,0.48183631293740353,0.25,0.375,0.125,0.25
2021-10-04,0.45078650097088885,0.0,0.5492134990291112,0.0,0.4,0.0,0.6
2021-10-11,0.28012885987722475,0.3890861382832564,0.3307850018395188,0.25,0.375,0.125,0.25
2021-10-18,0.4375425073679441,0.0,0.562457492632056,0.0,0.4,0.0,0.6
2021-10-25,,,,0.0,0.4,0.0,0.6
2021-11-01,0.0,1.0,0.0,0.25,0.375,0.125,0.25
2021-11-08,0.0,1.0,0.0,0.25,0.375,0.125,0.25
2021-11-15,0.0,1.0,0.0,0.25,0.375,0.125,0.25
2021-11-22,0.38847384256781703,0.16897499018873288,0.4425511672434501,0.25,0.375,0.125,0.25
2021-11-29,0.07490374518725955,0.0,0.9250962548127405,0.0,0.4,0.0,0.6
2021-12-06,0.3926270922575776,0.041723707032353764,0.5656492007100687,0.25,0.375,0.125,0.25
2021-12-13,0.41682652781584,0.0,0.5831734721841599,0.25,0.375,0.125,0.25
2021-12-20,0.4650863955831195,0.042737401478573724,0.49217620293830683,0.25,0.375,0.125,0.25
2021-12-27,0.4878020850953686,0.03490999840462558,0.4772879165000059,0.25,0.375,0.125,0.25
2022-01-03,0.4080494122335128,0.0,0.5919505877664872,0.0,0.4,0.0,0.6
2022-01-10,0.47524963467490305,0.10609684897040036,0.4186535163546966,0.25,0.375,0.125,0.25
2022-01-17,0.5584565175657518,0.0,0.4415434824342483,0.25,0.375,0.125,0.25
2022-01-24,0.46929859401064433,0.0,0.5307014059893557,0.0,0.4,0.0,0.6
2022-01-31,0.45124835742444164,0.0,0.5487516425755583,0.0,0.4,0.0,0.6
2022-02-07,0.42102999677454045,0.0,0.5789700032254596,0.0,0.4,0.0,0.6
2022-02-14,0.37221269296741005,0.0,0.62778730703259,0.0,0.4,0.0,0.6
2022-02-21,0.36898276820455816,0.0,0.6310172317954419,0.0,0.4,0.0,0.6
2022-02-28,0.4598784831342972,0.0,0.5401215168657029,0.25,0.375,0.125,0.25
2022-03-07,0.3325801526717558,0.0,0.6674198473282443,0.0,0.4,0.0,0.6
2022-03-14,0.4128145540446225,0.11415854316385822,0.4730269027915193,0.25,0.375,0.125,0.25
2022-03-21,0.47281323877068576,0.16312056737588643,0.36406619385342776,0.25,0.375,0.125,0.25
2022-03-28,0.4556251349600521,0.2528611530986826,0.29151371194126524,0.25,0.375,0.125,0.25
2022-04-04,0.4601854052769196,0.5398145947230805,0.0,0.25,0.375,0.125,0.25
2022-04-11,0.47534489823794585,0.3468105450075126,0.17784455675454167,0.25,0.375,0.125,0.25
2022-04-18,0.5228063747939186,0.47206448067411605,0.005129144531965457,0.25,0.375,0.125,0.25
2022-04-25,0.4303082079253467,0.24058618650193853,0.3291056055727147,0.25,0.375,0.125,0.25
2022-05-02,0.45569620253164567,0.0,0.5443037974683543,0.0,0.4,0.0,0.6
2022-05-09,0.34757955914664407,0.23736622014317096,0.41505422071018494,0.25,0.375,0.125,0.25
2022-05-16,0.2729930290083203,0.0,0.7270069709916797,0.0,0.4,0.0,0.6
2022-05-23,0.17939830860945524,0.0,0.8206016913905447,0.0,0.4,0.0,0.6
2022-05-30,0.0,0.0,1.0,0.0,0.4,0.0,0.6
2022-06-06,0.0,0.0,1.0,0.0,0.4,0.0,0.6
2022-06-13,0.0,0.0,1.0,0.0,0.4,0.0,0.6
2022-06-20,0.0,0.8810860561435807,0.11891394385641929,0.25,0.375,0.125,0.25
2022-06-27,0.0,0.7422282569856359,0.2577717430143641,0.25,0.375,0.125,0.25
2022-07-04,0.0,1.0,0.0,0.25,0.375,0.125,0.25
2022-07-11,0.0,1.0,0.0,0.375,0.25,0.25,0.125
2022-07-18,0.0,1.0,0.0,0.25,0.375,0.125,0.25
2022-07-25,0.0,1.0,0.0,0.25,0.375,0.125,0.25
2022-08-01,0.0,1.0,0.0,0.375,0.25,0.25,0.125
2022-08-08,0.0,1.0,0.0,0.375,0.25,0.25,0.125
2022-08-15,0.10162872654538539,0.8983712734546146,0.0,0.375,0.25,0.25,0.125
2022-08-22,0.34905632425705935,0.62682587182602,0.02411780391692071,0.25,0.375,0.125,0.25
2022-08-29,0.4972610454103314,0.2256693800235498,0.2770695745661188,0.25,0.375,0.125,0.25
2022-09-05,0.548653449186309,0.13055062166962697,0.3207959291440641,0.25,0.375,0.125,0.25
2022-09-12,0.410116167853727,0.19049299371337824,0.3993908384328947,0.25,0.375,0.125,0.25
2022-09-19,0.3972032764416017,0.12590151094866686,0.47689521260973144,0.25,0.375,0.125,0.25
2022-09-26,0.41868001998123716,0.11747505391278916,0.46384492610597367,0.25,0.375,0.125,0.25
2022-10-03,0.36833263334733307,0.14531709365812678,0.4863502729945401,0.25,0.375,0.125,0.25
2022-10-10,0.2751400397301216,0.0,0.7248599602698784,0.0,0.4,0.0,0.6
2022-10-17,0.3427415201725038,0.09727007532086951,0.5599884045066267,0.25,0.375,0.125,0.25
2022-10-24,0.31308702669439836,0.0,0.6869129733056015,0.0,0.4,0.0,0.6
2022-10-31,0.4000062142553668,0.3714244671895196,0.22856931855511356,0.375,0.25,0.25,0.125
2022-11-07,0.3495614579905522,0.13512080789942224,0.5153177341100256,0.25,0.375,0.125,0.25
2022-11-14,0.3777317677106023,0.16602184648901241,0.4562463858003853,0.25,0.375,0.125,0.25
2022-11-21,0.3775278935960224,0.0,0.6224721064039775,0.0,0.4,0.0,0.6
2022-11-28,0.4381603966232399,0.16218227894630408,0.39965732443045604,0.25,0.375,0.125,0.25
2022-12-05,0.45546075627193755,0.0,0.5445392437280625,0.0,0.4,0.0,0.6
2022-12-12,0.40113162982179323,0.474773687674748,0.12409468250345886,0.375,0.25,0.25,0.125
2022-12-19,0.29507665270395944,0.0,0.7049233472960406,0.0,0.4,0.0,0.6
2022-12-26,0.3138461780180804,0.0,0.6861538219819195,0.0,0.4,0.0,0.6
2023-01-02,0.6197156307955682,0.0,0.38028436920443176,0.0,0.4,0.0,0.6
2023-01-09,0.0,1.0,0.0,0.375,0.25,0.25,0.125
2023-01-16,0.42857142857142855,0.42857142857142855,0.14285714285714285,0.375,0.25,0.25,0.125
2023-01-23,0.0,1.0,0.0,0.375,0.25,0.25,0.125
2023-01-30,0.4,0.2,0.4,0.25,0.375,0.125,0.25
2023-02-06,0.4,0.2,0.4,0.25,0.375,0.125,0.25
2023-02-13,0.4,0.2,0.4,0.25,0.375,0.125,0.25
2023-02-20,0.4858130287451763,0.5141869712548237,0.0,0.375,0.25,0.25,0.125
2023-02-27,0.2675703550182007,0.33151275238075817,0.4009168926010412,0.25,0.375,0.125,0.25
2023-03-06,0.32556440417914817,0.0,0.6744355958208518,0.0,0.4,0.0,0.6
2023-03-13,0.3340167753960858,0.0,0.6659832246039141,0.0,0.4,0.0,0.6
2023-03-20,0.33907586993725053,0.0,0.6609241300627495,0.0,0.4,0.0,0.6
2023-03-27,0.31714171015656367,0.0,0.6828582898434363,0.0,0.4,0.0,0.6
2023-04-03,0.28967222198542264,0.0,0.7103277780145774,0.0,0.4,0.0,0.6
2023-04-10,0.33447730690625854,0.0,0.6655226930937416,0.0,0.4,0.0,0.6
2023-04-17,0.4317460623163991,0.36535688107589415,0.20289705660770666,0.375,0.25,0.25,0.125
2023-04-24,0.2660589151322977,0.14943321706630838,0.5845078678013939,0.25,0.375,0.125,0.25
2023-05-01,0.28037517498745945,0.1357459015714776,0.5838789234410631,0.25,0.375,0.125,0.25
2023-05-08,0.2936885062976599,0.11382509589069698,0.5924863978116431,0.25,0.375,0.125,0.25
2023-05-15,0.2826947231435926,0.09537978336765054,0.6219254934887568,0.25,0.375,0.125,0.25
2023-05-22,0.1466365178066705,0.0,0.8533634821933295,0.0,0.4,0.0,0.6
2023-05-29,0.1642053006881055,0.046970353452644026,0.7888243458592504,0.25,0.375,0.125,0.25
2023-06-05,0.0,0.1020807990625402,0.8979192009374598,0.25,0.375,0.125,0.25
2023-06-12,0.21167175531170185,0.0,0.7883282446882982,0.25,0.375,0.125,0.25
2023-06-19,0.32976174918615003,0.0,0.6702382508138499,0.0,0.4,0.0,0.6
2023-06-26,0.3956084445933775,0.03349774829991432,0.5708938071067082,0.25,0.375,0.125,0.25
2023-07-03,0.45502425720923817,0.0,0.5449757427907619,0.0,0.4,0.0,0.6
2023-07-10,0.4826923365832821,0.0,0.517307663416718,0.0,0.4,0.0,0.6
2023-07-17,0.7951120431683921,0.04027756347817596,0.1646103933534319,0.375,0.25,0.25,0.125
2023-07-24,0.5607448606553505,0.061494304903164654,0.37776083444148506,0.25,0.375,0.125,0.25
2023-07-31,0.5568033081279766,0.06062949980797909,0.3825671920640444,0.25,0.375,0.125,0.25
2023-08-07,0.4787720104395028,0.10899069610152054,0.41223729345897664,0.25,0.375,0.125,0.25
2023-08-14,0.37548585575487653,0.16382439874796015,0.46068974549716335,0.25,0.375,0.125,0.25
2023-08-21,0.3334168842978045,0.18518370496207642,0.4813994107401191,0.25,0.375,0.125,0.25
2023-08-28,0.1732957033720987,0.0,0.8267042966279012,0.0,0.4,0.0,0.6
2023-09-04,0.16746770871331443,0.32373896717566586,0.5087933241110196,0.25,0.375,0.125,0.25
2023-09-11,0.0,0.0,1.0,0.0,0.4,0.0,0.6
2023-09-18,0.08774478470567736,0.0,0.9122552152943226,0.0,0.4,0.0,0.6
2023-09-25,0.0,1.0,0.0,0.25,0.375,0.125,0.25
2023-10-02,0.19259248191858522,0.33042505027700936,0.47698246780440545,0.25,0.375,0.125,0.25
2023-10-09,0.2899681543982529,0.0,0.710031845601747,0.0,0.4,0.0,0.6
2023-10-16,0.31460084033613467,0.0,0.6853991596638652,0.0,0.4,0.0,0.6
2023-10-23,0.4285027354126179,0.10090943908959678,0.4705878254977853,0.25,0.375,0.125,0.25
2023-10-30,0.8400000000000005,0.0,0.15999999999999945,0.25,0.375,0.125,0.25
2023-11-06,0.9034558420186507,0.0,0.09654415798134923,0.375,0.25,0.25,0.125
2023-11-13,0.8038904327113938,0.0,0.19610956728860615,0.375,0.25,0.25,0.125
2023-11-20,0.49488158622364403,0.05213998437122007,0.4529784294051359,0.25,0.375,0.125,0.25
2023-11-27,0.42857142857142855,0.42857142857142855,0.14285714285714285,0.375,0.25,0.25,0.125
2023-12-04,0.42857142857142855,0.42857142857142855,0.14285714285714285,0.375,0.25,0.25,0.125
2023-12-11,0.0,1.0,0.0,0.375,0.25,0.25,0.125
2023-12-18,0.0,1.0,0.0,0.375,0.25,0.25,0.125
2023-12-25,0.42857142857142855,0.42857142857142855,0.14285714285714285,0.375,0.25,0.25,0.125
2024-01-01,0.5603946920721337,0.0,0.43960530792786634,0.375,0.25,0.25,0.125
2024-01-08,0.44101595298068863,0.0,0.5589840470193114,0.25,0.375,0.125,0.25
2024-01-15,0.4687256930227556,0.3437899514225965,0.1874843555546478,0.375,0.25,0.25,0.125
2024-01-22,0.3623930971579089,0.15828121491950406,0.47932568792258706,0.25,0.375,0.125,0.25
2024-01-29,0.27204013446576175,0.19445137465396892,0.5335084908802693,0.25,0.375,0.125,0.25
2024-02-05,0.3676960748276624,0.10927053414032645,0.5230333910320112,0.25,0.375,0.125,0.25
2024-02-12,0.30610600457637593,0.0,0.6938939954236241,0.0,0.4,0.0,0.6
2024-02-19,0.22924151308502325,0.7087889778012075,0.06196950911376931,0.375,0.25,0.25,0.125
2024-02-26,0.026154049204713016,0.9738459507952871,0.0,0.375,0.25,0.25,0.125
2024-03-04,0.0,1.0,0.0,0.375,0.25,0.25,0.125
2024-03-11,0.42857142857142855,0.42857142857142855,0.14285714285714285,0.375,0.25,0.25,0.125
2024-03-18,0.42857142857142855,0.42857142857142855,0.14285714285714285,0.375,0.25,0.25,0.125
2024-03-25,0.4,0.2,0.4,0.25,0.375,0.125,0.25
2024-04-01,0.4,0.2,0.4,0.25,0.375,0.125,0.25
2024-04-08,0.4,0.2,0.4,0.25,0.375,0.125,0.25
2024-04-15,0.4,0.0,0.6,0.0,0.4,0.0,0.6
2024-04-22,0.0,0.0,1.0,0.0,0.4,0.0,0.6
2024-04-29,0.4,0.2,0.4,0.25,0.375,0.125,0.25
2024-05-06,0.0,0.0,1.0,0.25,0.375,0.125,0.25
2024-05-13,0.4,0.2,0.4,0.25,0.375,0.125,0.25
2024-05-20,0.3591558901608119,0.03238690773031504,0.608457202108873,0.25,0.375,0.125,0.25
2024-05-27,0.4350599314750992,0.25825025351371256,0.30668981501118836,0.375,0.25,0.25,0.125
2024-06-03,0.44300878766991814,0.03278321735236808,0.5242079949777139,0.25,0.375,0.125,0.25
2024-06-10,0.35844365479726814,0.06735680719199073,0.5741995380107412,0.25,0.375,0.125,0.25
2024-06-17,0.3913319216193327,0.0316801983240676,0.5769878800565995,0.25,0.375,0.125,0.25
2024-06-24,0.37351721131062604,0.0,0.6264827886893739,0.0,0.4,0.0,0.6
2024-07-01,0.40146836069851743,0.06598000209401425,0.5325516372074682,0.25,0.375,0.125,0.25
2024-07-08,0.39699261097484917,0.11036249690171925,0.49264489212343154,0.25,0.375,0.125,0.25
2024-07-15,0.45854947324755047,0.04008225052259235,0.5013682762298572,0.25,0.375,0.125,0.25
2024-07-22,0.44190583231520514,0.03321826073081665,0.5248759069539782,0.25,0.375,0.125,0.25
2024-07-29,0.3453889934468607,0.0,0.6546110065531394,0.0,0.4,0.0,0.6
2024-08-05,0.33068280034572173,0.0,0.6693171996542783,0.0,0.4,0.0,0.6
2024-08-12,0.34857228885431835,0.0,0.6514277111456817,0.0,0.4,0.0,0.6
2024-08-19,0.41905829596412564,0.0,0.5809417040358744,0.0,0.4,0.0,0.6
2024-08-26,0.4833544632030854,0.09992415480591241,0.41672138199100217,0.25,0.375,0.125,0.25
2024-09-02,0.493092921407824,0.10717757986383618,0.39972949872833985,0.25,0.375,0.125,0.25
2024-09-09,0.4349607047494698,0.12575075060186325,0.439288544648667,0.25,0.375,0.125,0.25
2024-09-16,0.4493385665341816,0.0,0.5506614334658185,0.0,0.4,0.0,0.6
2024-09-23,0.9675750293791184,0.03242497062088152,0.0,0.25,0.375,0.125,0.25
2024-09-30,1.0,0.0,0.0,0.25,0.375,0.125,0.25
2024-10-07,1.0,0.0,0.0,0.25,0.375,0.125,0.25
2024-10-14,1.0,0.0,0.0,0.25,0.375,0.125,0.25
2024-10-21,0.4,0.2,0.4,0.25,0.375,0.125,0.25
2024-10-28,0.4,0.0,0.6,0.0,0.4,0.0,0.6
2024-11-04,0.4,0.0,0.6,0.0,0.4,0.0,0.6
2024-11-11,1.0,0.0,0.0,0.25,0.375,0.125,0.25
2024-11-18,0.42857142857142855,0.42857142857142855,0.14285714285714285,0.375,0.25,0.25,0.125
2024-11-25,0.42857142857142855,0.42857142857142855,0.14285714285714285,0.375,0.25,0.25,0.125
2024-12-02,0.0,0.0,1.0,0.375,0.25,0.25,0.125
2024-12-09,0.36007991854666654,0.4102677243906415,0.22965235706269185,0.375,0.25,0.25,0.125
2024-12-16,0.03626024103983282,0.864779517788957,0.09896024117121022,0.375,0.25,0.25,0.125
2024-12-23,0.0,1.0,0.0,0.25,0.375,0.125,0.25
2024-12-30,0.5094561259250561,0.0,0.49054387407494393,0.0,0.4,0.0,0.6
2025-01-06,0.3715966386554623,0.0,0.6284033613445378,0.0,0.4,0.0,0.6
2025-01-13,0.4153905955105142,0.007192246489706883,0.5774171579997788,0.25,0.375,0.125,0.25
2025-01-20,0.41492023093199465,0.0,0.5850797690680053,0.25,0.375,0.125,0.25
2025-01-27,0.41263563474419757,0.0,0.5873643652558025,0.25,0.375,0.125,0.25
2025-02-03,0.27260516870389123,0.0,0.7273948312961087,0.0,0.4,0.0,0.6
2025-02-10,0.2628898006932359,0.0,0.737110199306764,0.0,0.4,0.0,0.6
2025-02-17,0.23640181685593098,0.0,0.7635981831440691,0.0,0.4,0.0,0.6
2025-02-24,0.24347319379258053,0.0,0.7565268062074194,0.0,0.4,0.0,0.6
2025-03-03,0.2941013002492936,0.06144713570390931,0.644451564046797,0.25,0.375,0.125,0.25
2025-03-10,0.37651199134822916,0.10003542432600747,0.5234525843257635,0.25,0.375,0.125,0.25
2025-03-17,0.35563970143631735,0.0,0.6443602985636826,0.0,0.4,0.0,0.6
2025-03-24,0.38951771682899394,0.174242870689585,0.436239412481421,0.25,0.375,0.125,0.25
2025-03-31,0.35972804572989003,0.0,0.64027195427011,0.0,0.4,0.0,0.6
2025-04-07,0.43949648376358547,0.0,0.5605035162364145,0.0,0.4,0.0,0.6
2025-04-14,0.5957664543834393,0.15353974055422243,0.2506938050623382,0.25,0.375,0.125,0.25
2025-04-21,0.6350123864574736,0.0,0.3649876135425265,0.0,0.4,0.0,0.6
2025-04-28,0.7236352047791834,0.1975753286371104,0.07878946658370625,0.375,0.25,0.25,0.125
2025-05-05,0.6322828875045806,0.0,0.3677171124954193,0.25,0.375,0.125,0.25
2025-05-12,0.7329391561034257,0.0,0.2670608438965743,0.375,0.25,0.25,0.125
2025-05-19,0.4119969053157493,0.0,0.5880030946842506,0.25,0.375,0.125,0.25
2025-05-26,0.5588658682260247,0.10852692459655336,0.3326072071774219,0.25,0.375,0.125,0.25
2025-06-02,0.46582807274474164,0.05759989986483893,0.47657202739041943,0.25,0.375,0.125,0.25
2025-06-09,0.2988173385120377,0.0,0.7011826614879623,0.0,0.4,0.0,0.6
2025-06-16,0.2535779059537046,0.0,0.7464220940462956,0.0,0.4,0.0,0.6
2025-06-23,0.33623205955893304,0.0,0.663767940441067,0.0,0.4,0.0,0.6
2025-06-30,0.42013442013442015,0.0,0.5798655798655798,0.25,0.375,0.125,0.25
2025-07-07,0.40538553441779257,0.0,0.5946144655822075,0.25,0.375,0.125,0.25
2025-07-14,0.6664375322220314,0.0,0.33356246777796866,0.375,0.25,0.25,0.125
2025-07-21,0.5935300574675536,0.0,0.40646994253244645,0.375,0.25,0.25,0.125
2025-07-28,0.6085806994351641,0.0,0.39141930056483587,0.375,0.25,0.25,0.125
2025-08-04,0.4,0.2,0.4,0.25,0.375,0.125,0.25
2025-08-11,0.42857142857142855,0.42857142857142855,0.14285714285714285,0.375,0.25,0.25,0.125
2025-08-18,0.4,0.2,0.4,0.25,0.375,0.125,0.25
2025-08-25,0.4,0.2,0.4,0.25,0.375,0.125,0.25
2025-09-01,0.0,0.8503324760122868,0.1496675239877131,0.25,0.375,0.125,0.25
2025-09-08,0.0,1.0,0.0,0.25,0.375,0.125,0.25
2025-09-15,0.11842422136697268,0.5624548775428199,0.3191209010902075,0.25,0.375,0.125,0.25
2025-09-22,0.03944730686920559,0.3938754675362315,0.5666772255945628,0.25,0.375,0.125,0.25
2025-09-29,0.23481461588284544,0.0,0.7651853841171545,0.0,0.4,0.0,0.6
2025-10-06,0.43889343083193305,0.24950287774959568,0.3116036914184712,0.375,0.25,0.25,0.125
2025-10-13,0.42318918647983833,0.0641635136117236,0.512647299908438,0.25,0.375,0.125,0.25
2025-10-20,0.4018398885237979,0.0,0.5981601114762021,0.0,0.4,0.0,0.6
2025-10-27,0.3997439495566164,0.0,0.6002560504433837,0.25,0.375,0.125,0.25
2025-11-03,0.3550790481274178,0.026465150782269953,0.6184558010903122,0.25,0.375,0.125,0.25
2025-11-10,0.6224515029390914,0.0,0.37754849706090865,0.375,0.25,0.25,0.125
2025-11-17,0.343219691834013,0.0,0.656780308165987,0.25,0.375,0.125,0.25
2025-11-24,0.4413116586815152,0.0,0.5586883413184849,0.25,0.375,0.125,0.25
2025-12-01,0.425612822722848,0.044317529056612,0.53006964822054,0.25,0.375,0.125,0.25
2025-12-08,0.3333559304058282,0.08020058193941378,0.586443487654758,0.25,0.375,0.125,0.25
2025-12-15,0.30701853588838607,0.101230675189037,0.5917507889225769,0.25,0.375,0.125,0.25
2025-12-22,0.40007794672551533,0.08207504250618637,0.5178470107682983,0.25,0.375,0.125,0.25
2025-12-29,0.3666397130528194,0.0,0.6333602869471805,0.0,0.4,0.0,0.6
2026-01-05,0.5035116338073721,0.30777496076027405,0.18871340543235382,0.375,0.25,0.25,0.125
2026-01-12,0.43995394976587865,0.11667890747115117,0.4433671427629702,0.25,0.375,0.125,0.25
2026-01-19,0.506899849774504,0.3213018360312159,0.17179831419428016,0.375,0.25,0.25,0.125
2026-01-26,0.440482986871586,0.13523292244456062,0.42428409068385337,0.25,0.375,0.125,0.25
2026-02-02,0.41287071639993,0.0,0.5871292836000699,0.0,0.4,0.0,0.6
2026-02-09,0.4243169368914454,0.0,0.5756830631085545,0.0,0.4,0.0,0.6
2026-02-16,0.38198676373147494,0.0,0.618013236268525,0.0,0.4,0.0,0.6
2026-02-23,0.3602453224422904,0.0,0.6397546775577097,0.0,0.4,0.0,0.6
2026-03-02,0.40693804140067763,0.09943674766171648,0.49362521093760586,0.25,0.375,0.125,0.25
2026-03-09,0.41244679216126895,0.07539165114739829,0.5121615566913328,0.25,0.375,0.125,0.25
2026-03-16,0.3913960984656053,0.10519783476583384,0.5034060667685608,0.25,0.375,0.125,0.25
2026-03-23,0.37630040262184167,0.08553408993508907,0.5381655074430692,0.25,0.375,0.125,0.25
2026-03-30,0.4065031618920974,0.05560429707893329,0.5378925410289693,0.25,0.375,0.125,0.25
2026-04-06,0.3808367667335038,0.08953182006976369,0.5296314131967325,0.25,0.375,0.125,0.25
2026-04-13,0.457481474271816,0.04326732713555077,0.49925119859263317,0.25,0.375,0.125,0.25
2026-04-20,0.3965021023722027,0.0,0.6034978976277974,0.25,0.375,0.125,0.25
2026-04-27,0.38860662939504376,0.0,0.6113933706049562,0.25,0.375,0.125,0.25
2026-05-04,0.0,0.0,1.0,0.25,0.375,0.125,0.25
2026-05-11,0.33800169035792427,0.0,0.6619983096420756,0.25,0.375,0.125,0.25
2026-05-18,0.4,0.2,0.4,0.25,0.375,0.125,0.25
2026-05-25,0.4,0.2,0.4,0.25,0.375,0.125,0.25
