week,csd,btc_dom,dbtc_dom,csd_z,dbtc_z,rs,label,gross
2017-08-14,,0.7064239162128456,,,,,Neutral,0.8
2017-08-21,0.07719921716861693,0.6881619647589838,,,,,Neutral,0.8
2017-08-28,0.04557788654696181,0.6966531220398395,,,,,Neutral,0.8
2017-09-04,0.040479760052407825,0.7123798164738497,,,,,Neutral,0.8
2017-09-11,0.012931799142575761,0.7145123778578041,0.008088461644958467,,,,Neutral,0.8
2017-09-18,0.07476646910094936,0.693187240078614,0.005025275319630151,,,,Neutral,0.8
2017-09-25,0.08376570377529059,0.7167057947659147,0.020052672726075138,,,,Neutral,0.8
2017-10-02,0.025670511021922533,0.72258411096125,0.010204294487400234,,,,Neutral,0.8
2017-10-09,0.10193490656718313,0.7478525971495377,0.033340219291733586,,,,Neutral,0.8
2017-10-16,0.12214052823889687,0.7803367423114834,0.08714950223286944,,,,Neutral,0.8
2017-10-23,0.0008404412281125735,0.7798110769386726,0.0631052821727579,,,,Neutral,0.8
2017-10-30,0.1566186798611748,0.8127002043963754,0.09011609343512539,,,,Neutral,0.8
2017-11-06,0.17090967098897747,0.7660074225743123,0.018154825424774645,1.7389591840706398,,,Neutral,0.8
2017-11-13,0.1596487161914207,0.7953707438761844,0.015034001564701027,1.3504124078702626,,,Neutral,0.8
2017-11-20,0.0952041476491608,0.7730744741642525,-0.0067366027744201196,0.21452833790698259,,,Neutral,0.8
2017-11-27,0.1340356654903349,0.8061403245060553,-0.006559879890320031,0.8657388426491371,-1.0240172287372238,,Neutral,0.8
2017-12-04,0.20453748180360132,0.8566743605396094,0.09066693796529712,1.8279735158127064,1.5721568688014314,0.9448780356931805,RiskOn,1.0
2017-12-11,0.5962477307109316,0.7836824507651177,-0.011688293111066783,3.4981863246934686,-1.1110432464277717,0.12790832350563752,Neutral,0.8
2017-12-18,0.08956494128709142,0.7402038654315616,-0.032870608732690876,-0.2453631993711158,-1.4834345821561894,2.30461478556062,RiskOn,1.0
2017-12-25,0.34391612148600215,0.7308743927954515,-0.0752659317106038,1.5315681289245642,-2.0711065146668397,0.6190356913925368,RiskOn,1.0
2018-01-01,0.46674694215295015,0.6849659791009716,-0.17170838143863787,2.0679938105023212,-2.807799938585089,1.8013373217957018,RiskOn,1.0
2018-01-08,0.17702043061242886,0.6062009696135714,-0.17748148115154627,0.17144503130719807,-2.3068057317252935,2.4378968745437053,RiskOn,1.0
2018-01-15,0.06978859248435298,0.6273140375396015,-0.11288982789196012,-0.5308668231402239,-1.342501061338643,1.2391253815162457,RiskOn,1.0
2018-01-22,0.09421243008517495,0.5981842106985001,-0.13269018209695138,-0.35574679800989306,-1.4627126286579202,0.40581711909920953,Neutral,0.8
2018-01-29,0.05912114119885553,0.6032630703634142,-0.08170290873755737,-0.5830966969983998,-0.7996919921713481,0.5534829153240135,RiskOn,1.0
2018-02-05,0.026081403929145548,0.6039840550505274,-0.002216914563043959,-0.7894550291624224,0.18686442459556998,0.10829764758647414,Neutral,0.8
2018-02-12,0.13151114786074805,0.6303603761402606,0.003046338600659171,-0.03938776407786497,0.24834829086792554,-0.48815972687899617,Neutral,0.8
2018-02-19,0.05985399221564061,0.6273893352946461,0.029205124596145993,-0.5458367231731932,0.5733798860661666,-0.14386802747289526,Neutral,0.8
2018-02-26,0.09730091639318082,0.6636500271270668,0.06038695676365258,-0.2654341497033454,0.9480198208335389,-0.5596083046196799,RiskOff,0.6
2018-03-05,0.03655172825068083,0.6609711222768178,0.05698706722629032,-0.7014780745829305,0.8719979217646989,-0.6067269852684422,RiskOff,0.6
2018-03-12,0.14658739078495014,0.6867869333360432,0.0564265571957826,0.1272297940059116,0.8370392154995016,-0.7867379981738147,RiskOff,0.6
2018-03-19,0.21569579507988362,0.6947304499455567,0.06734111465091053,0.6431544470234589,0.949224294698531,-0.35490471074679497,Neutral,0.8
2018-03-26,0.0668136980871422,0.7155888001891744,0.05193877306210759,-0.501892443409195,0.7232359643722504,-0.15303492383753603,Neutral,0.8
2018-04-02,0.03232157787076164,0.7107816692736679,0.04981054699685017,-0.7543086380281726,0.6775865427054473,-0.6125642038907226,RiskOff,0.6
2018-04-09,0.110278641918839,0.6939234634254892,0.007136530089445925,-0.13604909859199144,0.0939033361791829,-0.71594759036681,RiskOff,0.6
2018-04-16,0.07634807880577298,0.6485491952200305,-0.046181254725526144,-0.4016580993143842,-0.6317142843841765,-0.11497621738558716,Neutral,0.8
2018-04-23,0.09513102802849666,0.6369721826166058,-0.07861661757256855,-0.24543058021393382,-1.0508196275168855,0.11502809253489618,Neutral,0.8
2018-04-30,0.09742926755815841,0.46647346978408744,-0.2443081994895805,-0.22334486583386973,-2.862591698035647,0.40269452365147584,Neutral,0.8
2018-05-07,0.0537623295701549,0.4721639374929616,-0.22175952593252757,-0.577610999768205,-2.3311495999344007,1.3196234161008886,RiskOn,1.0
2018-05-14,0.05181546404119132,0.47652604022058304,-0.17202315499944748,-0.5838431688619615,-1.6692889063827776,0.8767693000830978,RiskOn,1.0
2018-05-21,0.05124188161553574,0.48613399128279683,-0.150838191333809,-0.5789344490096469,-1.3774447363049502,0.542722868760408,RiskOn,1.0
2018-05-28,0.05504079447701066,0.4253382276254421,-0.041135242158645335,-0.537835161275504,-0.18000782609193214,0.3992551436476517,Neutral,0.8
2018-06-04,0.062343663555922545,0.436119441649001,-0.03604449584396058,-0.4678525312915264,-0.12223418868543974,-0.17891366759178595,Neutral,0.8
2018-06-11,0.09500549040825239,0.43173664511556864,-0.044789395105014396,-0.1805218259569005,-0.21720848265936576,-0.17280917130304332,Neutral,0.8
2018-06-18,0.07426452551730293,0.4467986568067602,-0.039335334476036654,-0.3591232643126846,-0.15354371350804832,0.018343328351232632,Neutral,0.8
2018-06-25,0.064670665175038,0.4573578278967784,0.032019600271336324,-0.43889950724343446,0.6532155597030553,-0.10278977540231814,Neutral,0.8
2018-07-02,0.04824594082479974,0.4581500362410276,0.02203059459202661,-0.5783595578718259,0.5299320911031339,-0.5460575334732449,RiskOff,0.6
2018-07-09,0.049137436053768496,0.45751106185947793,0.02577441674390929,-0.562318761664953,0.5649677721186743,-0.55414582448748,RiskOff,0.6
2018-07-16,0.10798496081687997,0.47936652391798074,0.03256786711122056,-0.02406902950287243,0.6346747934621301,-0.5636432668918137,RiskOff,0.6
2018-07-23,0.06001101159804132,0.4936900285127024,0.03633220061592396,-0.4616556759980948,0.6684839738132574,-0.3293719114825012,Neutral,0.8
2018-07-30,0.14291341617049522,0.48765501812722994,0.02950498188620232,0.3074381294892892,0.5789949299350812,-0.5650698249056761,RiskOff,0.6
2018-08-06,0.0913568530516332,0.5247210478910999,0.06720998603162193,-0.17568023986834358,1.008679592371962,-0.13577840022289597,Neutral,0.8
2018-08-13,0.20321064903032873,0.5236219858408412,0.04425546192286045,0.8715525922187156,0.7224625504755852,-0.5921799161201529,RiskOff,0.6
2018-08-20,0.05537983602488166,0.548245516049273,0.05455548753657058,-0.530702316746546,0.831988226687717,0.07454502087156523,Neutral,0.8
2018-08-27,0.03936264183275389,0.5517273112803043,0.06407229315307433,-0.6812506462180494,0.9293954793137591,-0.6813452717171316,RiskOff,0.6
2018-09-03,0.06257177500026351,0.577364294904357,0.05264324701325718,-0.46600238918114856,0.7790404586817745,-0.8053230627659043,RiskOff,0.6
2018-09-10,0.05559639125886432,0.5724646060900286,0.048842620249187396,-0.5434059786101533,0.7200901405767268,-0.6225214239314616,RiskOff,0.6
2018-09-17,0.3121905909825439,0.4816457618815531,-0.06659975416771985,1.8095817649279926,-0.6543491900990661,-0.63174805959344,RiskOff,0.6
2018-09-24,0.03232975298389276,0.48472439083509394,-0.06700292044521033,-0.7708715608082238,-0.6374231301874342,1.2319654775135294,RiskOn,1.0
2018-10-01,0.09700333601689373,0.5104344743957542,-0.06692982050860286,-0.18843206471637072,-0.6169105859761729,-0.0667242153103948,Neutral,0.8
2018-10-08,0.03324038301964977,0.536007317189768,-0.036457288900260565,-0.7636732649920848,-0.2371356056656676,0.21423926062990106,Neutral,0.8
2018-10-15,0.05367961166740079,0.5198071968153638,0.03816143493381069,-0.5611229305433278,0.6764998382171621,-0.2632688296632086,Neutral,0.8
2018-10-22,0.017494766140013853,0.5210853611048623,0.03636097026976831,-0.8996255639984201,0.664376465303816,-0.618811384380245,RiskOff,0.6
2018-10-29,0.023682203347450678,0.514260756695872,0.0038262823001178337,-0.8146910511083498,0.2928944814724453,-0.782001014651118,RiskOff,0.6
2018-11-05,0.06092847671479364,0.497345711787935,-0.038661605401833,-0.4537381696888665,-0.22068840904658255,-0.5537927662903975,RiskOff,0.6
2018-11-12,0.06981900052299948,0.482521359028733,-0.037285837786630804,-0.3564665599929064,-0.19141847828054614,-0.11652488032114197,Neutral,0.8
2018-11-19,0.04710651160973625,0.4915900085697456,-0.029495352535116648,-0.5551600445992712,-0.08909071514014168,-0.08252404085618012,Neutral,0.8
2018-11-26,0.06892424668667856,0.49960586247331074,-0.014654894222561277,-0.34345969298845536,0.09753034535807656,-0.23303466472956474,Neutral,0.8
2018-12-03,0.0603279741389099,0.5130694665490898,0.015723754761154785,-0.39941803260629277,0.502386535418009,-0.22049501917326597,Neutral,0.8
2018-12-10,0.0617657408206075,0.5163505169902751,0.03382915796154212,-0.3796244669389457,0.7171261475865288,-0.45090228401215093,Neutral,0.8
2018-12-17,0.12478871413697516,0.49327032831517964,0.0016803197454340335,0.3690171441111955,0.30323702795993596,-0.5483753072627373,RiskOff,0.6
2018-12-24,0.05647627074663196,0.4873231270880935,-0.012282735385217236,-0.4236555095709867,0.1125772842231187,0.03289005807562978,Neutral,0.8
2018-12-31,0.07152060846027532,0.4899893606697295,-0.023080105879360324,-0.1755893617640275,-0.0624900749480657,-0.2681163968970527,Neutral,0.8
2019-01-07,0.058553103522483656,0.5014348121348241,-0.014915704855451017,-0.38768827282986196,0.003863623075310877,-0.0565496434079809,Neutral,0.8
2019-01-14,0.05425411177219758,0.4968838769432701,0.003613548628090435,-0.46406606578432535,0.23194357841131433,-0.1957759479525864,Neutral,0.8
2019-01-21,0.09594119267247898,0.5055027702970198,0.018179643208926344,0.3386951219652913,0.4061437117738173,-0.34800482209781985,Neutral,0.8
2019-01-28,0.05163028354677205,0.5111759176230296,0.02118655695330013,-0.5117546066947228,0.4247090707340636,-0.033724294904263014,Neutral,0.8
2019-02-04,0.13390344427960138,0.5095862149378174,0.008151402802993313,1.0311600583732783,0.23251904343718396,-0.4682318387143932,Neutral,0.8
2019-02-11,0.040898274249874036,0.5089572026078464,0.012073325664576307,-0.7275039378683721,0.2867314395051524,0.39932050746804715,Neutral,0.8
2019-02-18,0.051078624816678214,0.5151167094815384,0.009613939184518583,-0.5267703651626133,0.2571037481940182,-0.5071176886867622,RiskOff,0.6
2019-02-25,0.051196376762754604,0.5066330818251128,-0.004542835797916811,-0.50676434631191,0.07023590546933772,-0.3919370566783158,Neutral,0.8
2019-03-04,0.1394553970430361,0.5021548085166241,-0.007431406421193332,1.147585594837979,0.04646549402924993,-0.2885001258906239,Neutral,0.8
2019-03-11,0.05605884384981333,0.4995175318019562,-0.009439670805890199,-0.4209711164144765,0.035831733919913074,0.5505600504043645,RiskOn,1.0
2019-03-18,0.09418244195338414,0.5021064859467549,-0.013010223534783538,0.39361007191197855,0.005603050085928257,-0.22840142516719478,Neutral,0.8
2019-03-25,0.04995180145159174,0.5004913478683369,-0.006141733956775863,-0.5250970406045041,0.12805656215896977,0.19400351091302515,Neutral,0.8
2019-04-01,0.148256187402844,0.5104654134060118,0.00831060488938773,1.4627522466361869,0.3648903933378632,-0.32657680138173695,Neutral,0.8
2019-04-08,0.045306878483936684,0.5289154955323147,0.029397963730358467,-0.6342395631605537,0.6818776434081827,0.5489309266491618,RiskOn,1.0
2019-04-15,0.10709556673961237,0.5392513166151298,0.03714483066837493,0.6256840744907346,0.7736725379983033,-0.6580586032843683,RiskOff,0.6
2019-04-22,0.08642246681039044,0.5622313521353768,0.06174000426703985,0.20455992086875827,1.1072403350167028,-0.07399423175378433,Neutral,0.8
2019-04-29,0.07138903779613893,0.5776787925967832,0.06721337919077142,-0.09451963782995633,1.2544086039780222,-0.45134020707397227,Neutral,0.8
2019-05-06,0.12627229823671118,0.6096463078149991,0.08073081228268442,0.9995866915051442,1.603169059915564,-0.6744641209039893,RiskOff,0.6
2019-05-13,0.16406389119406306,0.575487577442562,0.03623626082743214,1.68291620822492,0.7151932904063499,-0.30179118420520984,Neutral,0.8
2019-05-20,0.08921949728476927,0.5899987285346376,0.027767376399260857,0.1788830111220339,0.5105010956581808,0.48386145890928506,Neutral,0.8
2019-05-27,0.12851904856345805,0.5772558000484053,-0.00042299254837796507,0.9295344453232822,-0.2691534763619341,-0.16580904226807347,Neutral,0.8
2019-06-03,0.07517556755841956,0.5776740099715063,-0.03197229784349276,-0.13398771980242644,-1.1329069723351144,0.5993439608426081,RiskOn,1.0
2019-06-10,0.13457092249879,0.5870213523843943,0.011533774941832386,1.0208491076312634,0.02529692258430996,0.499459626266344,Neutral,0.8
2019-06-17,0.08907909117034533,0.5770285502829918,-0.012970178251645814,0.12029349543370431,-0.6829728553473297,0.4977760925234767,Neutral,0.8
2019-06-24,0.2607345900936834,0.6105738994210311,0.033318099372625865,3.0847339061074264,0.6275657879695011,0.40163317539051696,Neutral,0.8
2019-07-01,0.07891124752067617,0.6258867428495565,0.04821273287805017,-0.14983648853890177,1.0251808254143375,1.2285840590689627,RiskOn,1.0
2019-07-08,0.05550904365802967,0.6600471516621227,0.07302579927772834,-0.5695465954176969,1.6513861417354203,-0.5875086569766197,RiskOff,0.6
2019-07-15,0.0844320126208989,0.661781031277693,0.08475248099470123,-0.04576524093802272,1.8799685982761014,-1.1104663685765586,RiskOff,0.6
2019-07-22,0.04870611051041084,0.6574822156315874,0.046908316210556245,-0.6782455191585285,0.8715241898403352,-0.962866919607062,RiskOff,0.6
2019-07-29,0.08530754151780584,0.6802459774301175,0.05435923458056102,-0.0065197117567436045,1.0451632888476226,-0.7748848544994318,RiskOff,0.6
2019-08-05,0.06298833998045474,0.6953814777520172,0.03533432608989451,-0.39776613704070446,0.5744859149485589,-0.5258415003021831,RiskOff,0.6
2019-08-12,0.050499995490776946,0.6927187449400608,0.03093771366236775,-0.5947854433740327,0.4668882992732291,-0.4861260259946317,Neutral,0.8
2019-08-19,0.09912776132245853,0.7009322806511114,0.043450065019523976,0.3026720347211062,0.8099031025480565,-0.5308368713236309,RiskOff,0.6
2019-08-26,0.06266257712439406,0.714466848084383,0.03422087065426549,-0.3933791762453258,0.5873643665678208,-0.25361553391347513,Neutral,0.8
2019-09-02,0.06960721536222626,0.7209925050703615,0.025611027318344304,-0.2649144762324232,0.3715038353718449,-0.4903717714065733,Neutral,0.8
2019-09-09,0.10869954577082971,0.7208285373205137,0.028109792380452858,0.4555627371128201,0.45477663895115017,-0.31820915580213405,Neutral,0.8
2019-09-16,0.10062514546765723,0.7012525500329023,0.00032026938179097186,0.4776915874696929,-0.3673079209966688,0.00039304908083495627,Neutral,0.8
2019-09-23,0.06360125858400151,0.6916187016531745,-0.02284814643120847,-0.4231399932140935,-1.1132706694706476,0.42249975423318087,Neutral,0.8
2019-09-30,0.08177166559223205,0.6790205983282479,-0.041971906742113596,0.021672452088477043,-1.76388690884213,0.345065338128277,Neutral,0.8
2019-10-07,0.07215186806141663,0.673636597015908,-0.04719194030460572,-0.23141050291365722,-1.8991713430953914,0.8927796804653035,RiskOn,1.0
2019-10-14,0.2340926138480339,0.6698321601211936,-0.0314203899117087,3.249275276586086,-1.3512560018897628,0.833880420090867,RiskOn,1.0
2019-10-21,0.07647860625963011,0.69386943521949,0.0022507335663154437,-0.21721869273020494,-0.3024923557231654,2.3002656392379244,RiskOn,1.0
2019-10-28,0.13582933144560191,0.6856762323755338,0.006655634047285863,1.0662427161280679,-0.1688944343727435,0.04263683149648023,Neutral,0.8
2019-11-04,0.11673290458986958,0.6774697873847823,0.0038331903688743063,0.613018041616686,-0.28762184806516033,0.6175685752504056,RiskOn,1.0
2019-11-11,0.09933788553597182,0.6736123805253115,0.003780220404117851,0.20965427374392992,-0.32199068915667367,0.4503199448409232,Neutral,0.8
2019-11-18,0.04170216838876629,0.6797531151803491,-0.014116320039140873,-1.0825828960494137,-0.9194413662867693,0.2658224814503018,Neutral,0.8
2019-11-25,0.14808750366587659,0.6693531570818597,-0.01632307529367405,1.2544640106172864,-0.9894030791031042,-0.0815707648813222,Neutral,0.8
2019-12-02,0.06597685383840246,0.6722132101449321,-0.00525657723985018,-0.5672069084973889,-0.6131216663023932,1.1219335448601953,RiskOn,1.0
2019-12-09,0.0923429882548555,0.672548112319759,-0.0010642682055524988,0.004566253715897077,-0.45616452906728294,0.022957378902502157,Neutral,0.8
2019-12-16,0.10687874766787808,0.6996340324515649,0.01988091727121577,0.3374614682992698,0.21453504397126336,0.23036539139159,Neutral,0.8
2019-12-23,0.08880264292007047,0.6966744363110834,0.02732127922922367,-0.08131928626274773,0.434376830484211,0.06146321216400323,Neutral,0.8
2019-12-30,0.06106320541619768,0.6963526851705172,0.02413947502558511,-0.699314801365893,0.30468554216057425,-0.25784805837347935,Neutral,0.8
2020-01-06,0.09620128531938964,0.6979202691279534,0.02537215680819438,0.07367260623669888,0.3227573263859942,-0.5020001717632336,RiskOff,0.6
2020-01-13,0.16959111927883333,0.6821805554910976,-0.017453476960467285,1.6469424819619713,-1.087644884321096,-0.12454236007464765,Neutral,0.8
2020-01-20,0.04137294709504336,0.6809231306215686,-0.015751305689514772,-1.1512271259167541,-0.9994963463631192,1.3672936831415337,RiskOn,1.0
2020-01-27,0.0799857691243123,0.676443611046446,-0.01990907412407117,-0.3226306647441201,-1.0971458703162427,-0.07586538977681745,Neutral,0.8
2020-02-03,0.1730482215675446,0.6596107370216063,-0.03830953210634702,1.672091134251112,-1.6215733793432072,0.38725760278606125,Neutral,0.8
2020-02-10,0.37646499869381783,0.6421954852921464,-0.039985070198951145,4.573986908865107,-1.6002914521013378,1.6468322567971596,RiskOn,1.0
2020-02-17,0.09296611865506786,0.6407525205872819,-0.04017061003428668,-0.16265056640896883,-1.5388424857005552,3.0871391804832227,RiskOn,1.0
2020-02-24,0.06027594223808402,0.6595817657308367,-0.016861845315609303,-0.7155605848304659,-0.8274413759543712,0.6880959596457932,RiskOn,1.0
2020-03-02,0.1318993220891926,0.665418028906895,0.005807291885288723,0.4916991750968476,-0.15750636751519573,0.05594039556195263,Neutral,0.8
2020-03-09,0.10564098766726016,0.6651462370685576,0.02295075177641115,0.03378794928332899,0.3388312360959276,0.32460277130602166,Neutral,0.8
2020-03-16,0.10408346575530883,0.6857016085280542,0.04494908794077224,0.004179478831199716,0.9630970924122993,-0.15252164340629928,Neutral,0.8
2020-03-23,0.048566417893971224,0.6791162765811474,0.01953451085031066,-0.9356609801479381,0.18756993449892223,-0.4794588067905498,Neutral,0.8
2020-03-30,0.045691126886776956,0.6842136462836191,0.018795617376724083,-0.9477597789633099,0.15931118753210285,-0.5616154573234302,RiskOff,0.6
2020-04-06,0.11194691455743551,0.6696879872611935,0.004541750192635918,0.15035210128196333,-0.2549276458160252,-0.5535354832477064,RiskOff,0.6
2020-04-13,0.06465955658430157,0.6649107949739586,-0.020790813554095622,-0.6385579132448594,-0.9793304158575539,0.20263987354899426,Neutral,0.8
2020-04-20,0.08988644538586116,0.663282985707805,-0.015833290873342398,-0.21181724759383447,-0.7991024891755764,0.17038625130634721,Neutral,0.8
2020-04-27,0.07632229936211386,0.6789626142654684,-0.005251032018150692,-0.44393572797039066,-0.4471295749285249,0.29364262079087095,Neutral,0.8
2020-05-04,0.057380888458505024,0.6966248977329023,0.026936910471708764,-0.7402197662332904,0.6242003454767278,0.0015969234790671194,Neutral,0.8
2020-05-11,0.0649643981466848,0.7067351313619384,0.04182433638797989,-0.5843747458599511,1.1068034815258763,-0.682210055855009,RiskOff,0.6
2020-05-18,0.03175195715466884,0.692944799544404,0.02966181383659905,-1.1179705883228463,0.7060086069162343,-0.8455891136929137,RiskOff,0.6
2020-05-25,0.1051833854935606,0.6870019943070447,0.008039380041576227,0.12668609305775047,-0.00811987408995019,-0.9119895976195403,RiskOff,0.6
2020-06-01,0.06968019867671899,0.683735315014712,-0.012889582718190296,-0.47061233559829363,-0.7157150768893488,0.06740298357385033,Neutral,0.8
2020-06-08,0.06887777819658078,0.6882596286339554,-0.01847550272798304,-0.4636497583768211,-0.8754142254657081,0.12255137064552757,Neutral,0.8
2020-06-15,0.05767306069334779,0.6904281463082188,-0.002516653236185218,-0.6402682604848564,-0.3571563921853,0.20588223354444352,Neutral,0.8
2020-06-22,0.05983886760550633,0.692646228067412,0.005644233760367379,-0.5838632230219958,-0.07000680443787287,-0.1415559341497782,Neutral,0.8
2020-06-29,0.1477406726956403,0.6853273950862762,0.0015920800715641947,0.986390784416362,-0.17834967769235416,-0.25692820929206145,Neutral,0.8
2020-07-06,0.17738510488371417,0.655702143635192,-0.03255748499876343,1.4549418350010337,-1.3139193049415172,0.582370231054358,RiskOn,1.0
2020-07-13,0.11140974283142663,0.6500470064051106,-0.04038113990310821,0.27320693669853924,-1.5969642768866559,1.3844305699712756,RiskOn,1.0
2020-07-20,0.10969814039233834,0.6430650876703887,-0.04958114039702333,0.2234390798280372,-1.8572913079402975,0.9350856067925976,RiskOn,1.0
2020-07-27,0.12266130676190651,0.6338297715132002,-0.05149762357307597,0.44173789101028443,-1.8629413293558137,1.0403651938841674,RiskOn,1.0
2020-08-03,0.18151980108401344,0.6247450975294493,-0.03095704610574268,1.4276427254238555,-1.0586762587076894,1.152339610183049,RiskOn,1.0
2020-08-10,0.17685904860140797,0.5979544243088938,-0.05209258209621681,1.2911218272030787,-1.7639133258502908,1.2431594920657725,RiskOn,1.0
2020-08-17,0.11704167480640298,0.6088794715145905,-0.03418561615579818,0.24453300940947856,-1.068981431995598,1.5275175765266846,RiskOn,1.0
2020-08-24,0.1455166061307783,0.59943124312948,-0.03439852838372015,0.7117362847255608,-1.040089663203621,0.6567572207025383,RiskOn,1.0
2020-08-31,0.10623862865683051,0.6160167197305124,-0.00872837779893687,0.016845244824632254,-0.03510532486176656,0.8759129739645909,RiskOn,1.0
2020-09-07,0.08213721869164997,0.6117443533417429,0.013789929032849146,-0.3941155404734532,0.8598873034919228,0.025975284843199407,Neutral,0.8
2020-09-14,0.07981705382759684,0.6231783122042054,0.014298840689614845,-0.42680394139335115,0.863756530921079,-0.627001421982688,RiskOff,0.6
2020-09-21,0.07321436477138932,0.6208351612483183,0.02140391811883824,-0.5459528469594644,1.0982109386326184,-0.6452802361572151,RiskOff,0.6
2020-09-28,0.08857832768907252,0.6240297682086721,0.008013048478159646,-0.2807464425525155,0.5514394037212,-0.8220818927960414,RiskOff,0.6
2020-10-05,0.06644523155345054,0.6272398048191081,0.015495451477365196,-0.6639959972270615,0.8144254960782809,-0.41609292313685775,Neutral,0.8
2020-10-12,0.048633507997124514,0.6107630488755027,-0.012415263328702686,-0.9535936121797082,-0.32292521046170286,-0.7392107466526712,RiskOff,0.6
2020-10-19,0.09245421893207628,0.6262482051631245,0.005413043914806237,-0.16151747297271885,0.39678811806952513,-0.31533420085900266,Neutral,0.8
2020-10-26,0.0684136732515115,0.6527142654637949,0.028684497255122787,-0.5767652021740505,1.3019551620996417,-0.279152795521122,Neutral,0.8
2020-11-02,0.161969860254598,0.6611909360440366,0.03395113122492843,1.1024180757839288,1.4583040118330117,-0.939360182136846,RiskOff,0.6
2020-11-09,0.09826075540429965,0.6684357235641799,0.057672674688677206,-0.046935298774913155,2.226894346370212,-0.17794296802454146,Neutral,0.8
2020-11-16,0.15319379556871368,0.6425849628238844,0.016336757660759926,0.908614855441585,0.6697474482148597,-1.1369148225725627,RiskOff,0.6
2020-11-23,0.18258064333099838,0.6092114431337532,-0.04350282233004166,1.4093921531113687,-1.4952399965929561,0.1194337036133627,Neutral,0.8
2020-11-30,0.09468008916052204,0.6202545534211447,-0.0409363826228919,-0.17113090911823364,-1.352007821055655,1.4523160748521624,RiskOn,1.0
2020-12-07,0.08096372535916058,0.6341127367081308,-0.034322986856049065,-0.4127137282300913,-1.0809237090997426,0.5904384559687107,RiskOn,1.0
2020-12-14,0.12101540990340491,0.6634732734347448,0.020888310610860383,0.2996468956459947,0.8609957020453457,0.33410499043482567,Neutral,0.8
2020-12-21,0.18127562255812135,0.7170560176545991,0.10784457452084595,1.3236133409005455,3.4229299452346944,-0.2806744031996755,Neutral,0.8
2020-12-28,0.31900059283501697,0.7203392755751373,0.10008472215399267,3.266508487779105,2.8826571174633333,-1.0496583021670745,RiskOff,0.6
2021-01-04,0.2849610078587578,0.6957098246618801,0.0615970879537493,2.503114776203088,1.7173949387396807,0.19192568515788588,Neutral,0.8
2021-01-11,0.2939797170681443,0.6700660632475515,0.006592789812806643,2.4548767534460683,0.16837865112484027,0.3928599187317037,Neutral,0.8
2021-01-18,0.16143201128016907,0.6332588120025535,-0.08379720565204563,0.5884140667400269,-2.2131227694117594,1.143249051160614,RiskOn,1.0
2021-01-25,0.6269308789967509,0.6251221297250411,-0.09521714585009622,4.9644826851225945,-2.3447338937479882,1.4007684180758933,RiskOn,1.0
2021-02-01,0.3110399468588406,0.6179602891633742,-0.07774953549850594,1.7319490473776757,-1.8360418200793867,3.6546082894352914,RiskOn,1.0
2021-02-08,0.294932200417355,0.6117585079237905,-0.05830755532376097,1.6420852303373195,-1.3369957427776606,1.7839954337285313,RiskOn,1.0
2021-02-15,0.2664603577048233,0.6246645720736819,-0.00859423992887165,1.302803511151633,-0.14479640150191223,1.4895404865574902,RiskOn,1.0
2021-02-22,0.15147276540332696,0.626173068176183,0.0010509384511419029,0.15291639768440965,0.08310554159742058,0.7237999563267726,RiskOn,1.0
2021-03-01,0.2848190619664578,0.6238744048429142,0.005914115679540033,1.4156384783440776,0.2023053082178732,0.03490542804349454,Neutral,0.8
2021-03-08,0.7828170169855534,0.6451310191904646,0.033372511266674065,4.632016215864208,0.8674699486633413,0.6066665850631022,RiskOn,1.0
2021-03-15,0.16556814992561866,0.6303655933453813,0.005701021271699469,0.09104451964683954,0.2126271604543279,1.8822731336004335,RiskOn,1.0
2021-03-22,0.17349062320276576,0.6258810413923682,-0.00029202678381479164,0.1323868373772259,0.07396767477316256,-0.06079132040374417,Neutral,0.8
2021-03-29,0.2452377484114079,0.5930900080423184,-0.03078439680059586,0.6361482541738668,-0.6584155458415952,0.02920958130203167,Neutral,0.8
2021-04-05,0.2755667436325606,0.5560445176234934,-0.08908650156697118,0.8328571033711356,-1.9778890630766293,0.647281900007731,RiskOn,1.0
2021-04-12,0.6429997452474588,0.5266441511350565,-0.10372144221032487,3.1204763694205866,-2.179708223832047,1.4053730832238824,RiskOn,1.0
2021-04-19,0.1856997221157257,0.5205326634737794,-0.10534837791858886,0.06779835853577237,-2.081811670860466,2.6500922966263167,RiskOn,1.0
2021-04-26,0.14515094151252242,0.49054837559530057,-0.1025416324470178,-0.21230685833251048,-1.9071663933781287,1.0748050146981192,RiskOn,1.0
2021-05-03,0.3349866364302429,0.4559135499935931,-0.10013096762990026,1.0189328343807196,-1.760179670266844,0.8474297675228091,RiskOn,1.0
2021-05-10,0.1461893195550903,0.3949700511045524,-0.13167410003050406,-0.2519281735164931,-2.2426325277421366,1.3895562523237817,RiskOn,1.0
2021-05-17,0.08002200822414399,0.4717891397565771,-0.04874352371720225,-0.7057164699513283,-0.5942807072777117,0.9953521771128218,RiskOn,1.0
2021-05-24,0.15024230204171554,0.4514111813105054,-0.039137194284795174,-0.238640290142811,-0.3881569839811738,-0.05571788133680833,Neutral,0.8
2021-05-31,0.11183285150165508,0.42752896606467056,-0.02838458392892257,-0.5055188710978515,-0.17072181234957307,0.07475834691918141,Neutral,0.8
2021-06-07,0.08330342716439598,0.4751246649984648,0.08015461389391237,-0.7019149458127301,1.8593549409431127,-0.16739852937413924,Neutral,0.8
2021-06-14,0.0637931768970211,0.48090287642798385,0.009113736671406747,-0.8358193410018324,0.5058833880983086,-1.2806349433779214,RiskOff,0.6
2021-06-21,0.07401120470250683,0.5085270300288197,0.05711584871831432,-0.7694042817660298,1.3727403991322846,-0.6708513645500704,RiskOff,0.6
2021-06-28,0.10693069805934625,0.4867760150839281,0.059247049019257536,-0.5387733612610178,1.3671009049961587,-1.0710723404491573,RiskOff,0.6
2021-07-05,0.1333767321122315,0.49580687512652666,0.020682210128061873,-0.3529561107540126,0.6408911281816086,-0.9529371331285883,RiskOff,0.6
2021-07-12,0.05796928062174696,0.5079125954352459,0.027009719007262067,-0.8534720588883818,0.7303584912021408,-0.4969236194678106,Neutral,0.8
2021-07-19,0.0997255808165082,0.5082900301937326,-0.00023699983508707057,-0.5698360836209413,0.21865947176100745,-0.7919152750452614,RiskOff,0.6
2021-07-26,0.11909310378806956,0.5057300755764514,0.01895406049252335,-0.4386085452550718,0.5453575609884214,-0.39424777769097435,Neutral,0.8
2021-08-02,0.09057254830296069,0.4979801868461425,0.0021733117196158225,-0.6168469878742096,0.2269783052790635,-0.4919830531217466,Neutral,0.8
2021-08-09,0.14667747495050457,0.46366157271384273,-0.04425102272140319,-0.2357859385114338,-0.6268127990831854,-0.4219126465766365,Neutral,0.8
2021-08-16,0.27056320216227125,0.46854461094369126,-0.03974541925004138,0.5756385129721336,-0.5416814361468539,0.1955134302858758,Neutral,0.8
2021-08-23,0.10206391042703601,0.4671826504623637,-0.03854742511408776,-0.5475953190473767,-0.5178974447836449,0.5586599745594938,RiskOn,1.0
2021-08-30,0.15455177969589573,0.4391401958772266,-0.0588399909689159,-0.20306079662383233,-0.8652651130974781,-0.014848937131865914,Neutral,0.8
2021-09-06,0.2517140925704447,0.4370122285845472,-0.026649344129295538,0.42796440160417804,-0.2665102223960828,0.3311021582368229,Neutral,0.8
2021-09-13,0.09374198637424408,0.45346635991323403,-0.015078251030457235,-0.6372260522762069,-0.04577197556020055,0.3472373120001304,Neutral,0.8
2021-09-20,0.07442936758421545,0.45974023455675267,-0.007442415905611011,-0.7675467332519526,0.10400179473976431,-0.2957270383580032,Neutral,0.8
2021-09-27,0.07019450124003677,0.45734928362355803,0.018209087746331454,-0.7922815665565226,0.5690207497348087,-0.43577426399585845,Neutral,0.8
2021-10-04,0.3755482396271128,0.4902868878819902,0.05327465929744302,1.2109645818680383,1.1829095573045247,-0.6806511581456656,RiskOff,0.6
2021-10-11,0.0689671622934227,0.5023672089862113,0.048900849072977315,-0.8383001792000102,1.07012287992249,0.014027512281756804,Neutral,0.8
2021-10-18,0.09056781576801427,0.48659116007954595,0.02685092552279328,-0.6935342217103008,0.6665790545683082,-0.9542115295612501,RiskOff,0.6
2021-10-25,0.16395061031291858,0.47763183065918974,0.020282547035631704,-0.21675541905103474,0.5535912123188967,-0.6800566381393045,RiskOff,0.6
2021-11-01,0.10874186144677858,0.4641169626677799,-0.0261699252142103,-0.57970567874826,-0.25536942040163474,-0.3851733156849657,Neutral,0.8
2021-11-08,0.1009573249144101,0.47198727691603526,-0.030379932070176086,-0.6324292883580419,-0.3049986332334892,-0.1621681291733126,Neutral,0.8
2021-11-15,0.10807764259230068,0.46716254258022016,-0.019428617499325784,-0.5773473644686922,-0.09345375009125578,-0.16371532756227636,Neutral,0.8
2021-11-22,0.06086585781713116,0.47347545692786397,-0.004156373731325769,-0.8710913060395478,0.1719117868559779,-0.2419468071887182,Neutral,0.8
2021-11-29,0.096534371279074,0.4607064765771732,-0.0034104860906067347,-0.6344600120841365,0.17273793219106626,-0.5215015464477628,RiskOff,0.6
2021-12-06,0.09805407178344511,0.4663444380988143,-0.005642838817220941,-0.6274999792527667,0.12185682329321819,-0.4035989721376014,Neutral,0.8
2021-12-13,0.09779847219242403,0.46072929056432443,-0.00643325201589573,-0.6251880274676661,0.11741039922920518,-0.37467840127299246,Neutral,0.8
2021-12-20,0.15986991632935466,0.46008925977030063,-0.01338619715756334,-0.20999024178883366,0.033954884891394026,-0.37129921334843563,Neutral,0.8
2021-12-27,0.04581756523503537,0.4559606006394717,-0.0047458759377014825,-0.9311100066616619,0.25371204893097393,-0.12197256334011385,Neutral,0.8
2022-01-03,0.11612695508488056,0.4653758746136032,-0.0009685634852111269,-0.44439450555671395,0.3646819885985511,-0.5924110277963179,RiskOff,0.6
2022-01-10,0.11100660134443122,0.45528257289548113,-0.005446717668843304,-0.45658081328735034,0.27615181368755226,-0.40453824707763253,Neutral,0.8
2022-01-17,0.06422132680724063,0.48628330669768466,0.02619404692738403,-0.7519425440028562,0.9064950894207469,-0.3663663134874513,Neutral,0.8
2022-01-24,0.05939635059806834,0.5000040521008271,0.04404345146135541,-0.7798236816831076,1.244990033140244,-0.8292188167118015,RiskOff,0.6
2022-01-31,0.10306257119303286,0.490655356360061,0.025279481746457833,-0.4373844235489321,0.8086556307778704,-1.0124068574116758,RiskOff,0.6
2022-02-07,0.08564173473818315,0.5025108877993991,0.04722831490391799,-0.5391890765137783,1.2365612563598403,-0.6230200271634012,RiskOff,0.6
2022-02-14,0.04107593014806865,0.49838233084026223,0.012099024142577575,-0.8357094469174107,0.4649611404242135,-0.8878751664368093,RiskOff,0.6
2022-02-21,0.051141395608179784,0.5019270456608568,0.0019229935600296733,-0.7430649329833875,0.24433218512802438,-0.6503352936708121,RiskOff,0.6
2022-02-28,0.07955657705882893,0.5096252505684172,0.01896989420835621,-0.509094219262283,0.6062466817027552,-0.4936985590557059,Neutral,0.8
2022-03-07,0.09439356516139633,0.510698181651407,0.008187293852007893,-0.4021663092685976,0.3866433812858964,-0.5576704504825192,RiskOff,0.6
2022-03-14,0.09403908012211175,0.5048739848483131,0.006491654008050907,-0.3918545391208436,0.3494149249678781,-0.394404845277247,Neutral,0.8
2022-03-21,0.10057228288450126,0.5001191574734963,-0.0018078881873604402,-0.31389123773758926,0.16968400123016422,-0.37063473204436087,Neutral,0.8
2022-03-28,0.11015779671050803,0.48276576331103077,-0.02685948725738646,-0.19623326501064003,-0.3767651889473841,-0.24178761948387673,Neutral,0.8
2022-04-04,0.06265431003441961,0.48826323594155047,-0.022434945709856546,-0.6401574183341945,-0.31774819211297134,0.09026596196837203,Neutral,0.8
2022-04-11,0.039271965854462715,0.48806374997459906,-0.01681023487371408,-1.1190156734172176,-0.24027422747919996,-0.16120461311061157,Neutral,0.8
2022-04-18,0.05438828790774726,0.494132470577174,-0.005986686896322313,-0.8588628046477358,-0.03263712771372174,-0.4393707229690088,Neutral,0.8
2022-04-25,0.07264032553672665,0.506162034466799,0.0233962711557682,-0.5636051735923263,0.6764863994539251,-0.413112838467007,Neutral,0.8
2022-05-02,0.09464209928126704,0.5008662287784391,0.012602992836888649,-0.18677272714382007,0.3589748656478795,-0.6200457865231257,RiskOff,0.6
2022-05-09,0.07940614455832365,0.5282312031388495,0.040167453164250466,-0.4260416299206481,1.2113261350666709,-0.2728737963958498,Neutral,0.8
2022-05-16,0.05074466808961091,0.5338731359299382,0.039740665352764215,-0.9009639019896918,1.16024423732738,-0.8186838824936595,RiskOff,0.6
2022-05-23,0.06091176535370918,0.5511941236614315,0.04503208919463253,-0.6998782522741049,1.2892205425054624,-1.030604069658536,RiskOff,0.6
2022-05-30,0.06532214068817963,0.5561790021204283,0.05531277334198914,-0.6074918065159914,1.5621431116911701,-0.9945493973897837,RiskOff,0.6
2022-06-06,0.06081675376027654,0.5791668663852669,0.050935663246417406,-0.6741240241294073,1.490837776017789,-1.0848174591035809,RiskOff,0.6
2022-06-13,0.11142648820642016,0.5500429525533327,0.01616981662339445,0.16644369030250802,0.29025612086624336,-1.0824809000735982,RiskOff,0.6
2022-06-20,0.09289337440921873,0.535549919753017,-0.015644203908414478,-0.15441940209550015,-0.7729949952326662,-0.06190621528186767,Neutral,0.8
2022-06-27,0.04020500942111765,0.5392734714991754,-0.016905530621252884,-1.0175552889882933,-0.7889052469882284,0.3092877965685831,Neutral,0.8
2022-07-04,0.10158155425935578,0.542380396044801,-0.03678647034046589,0.025275502580002218,-1.4432849981513702,-0.11432502100003245,Neutral,0.8
2022-07-11,0.07702926968061008,0.5217099681706312,-0.028332984382701487,-0.3965604399485068,-1.0985933821506473,0.7342802503656862,RiskOn,1.0
2022-07-18,0.07864690966459495,0.5134397735821957,-0.0221101461708213,-0.36183317168897,-0.8570640180982766,0.35101647110107026,Neutral,0.8
2022-07-25,0.14503986229135696,0.5062614668698334,-0.03301200462934195,0.7489677571622884,-1.1920489646935524,0.2476154232046533,Neutral,0.8
2022-08-01,0.07689418247398276,0.4966956432012586,-0.04568475284354245,-0.3931477637466478,-1.561226443890571,0.9705083609279204,RiskOn,1.0
2022-08-08,0.10080822077483252,0.48798121211739404,-0.03372875605323716,0.023842925087240802,-1.1736478783884066,0.5840393400719616,RiskOn,1.0
2022-08-15,0.05883388695019875,0.49693131462639417,-0.016508458955801553,-0.6734442493257018,-0.6088623995891721,0.5987454017378236,RiskOn,1.0
2022-08-22,0.07795557023628524,0.5004488208570457,-0.005812646012787748,-0.31176018986684356,-0.2636385404561064,-0.03229092486826485,Neutral,0.8
2022-08-29,0.07303782922586478,0.48658465433699966,-0.01011098886425893,-0.37760131054335466,-0.4702252449792356,-0.024060824705368578,Neutral,0.8
2022-09-05,0.05976382280874598,0.4855482992297396,-0.0024329128876544592,-0.6098471272683987,-0.20502782654867166,0.04631196721794048,Neutral,0.8
2022-09-12,0.08003451158891768,0.5029423120448457,0.006010997418451569,-0.1901344098267971,0.09702009118784148,-0.20240965035986352,Neutral,0.8
2022-09-19,0.10287739639570982,0.4861027528308175,-0.014346068026228176,0.26545031401232727,-0.6634567848046895,-0.1435772505073193,Neutral,0.8
2022-09-26,0.1313278788900391,0.4940302982733726,0.007445643936372925,0.8186227395297075,0.1639241729981178,0.46445354940850836,Neutral,0.8
2022-10-03,0.05378402127269556,0.4879309169710711,0.0023826177413315275,-1.08540780381953,0.010331828579124751,0.3273492832657949,Neutral,0.8
2022-10-10,0.07354293817305554,0.4974443706683323,-0.005497941376513438,-0.39929329170422123,-0.2659257296904542,-0.5478698161993274,RiskOff,0.6
2022-10-17,0.04586994776429513,0.49527343936661894,0.009170686535801442,-1.3139819375570903,0.34489595176022786,-0.06668378100688352,Neutral,0.8
2022-10-24,0.16563988359907234,0.47876256944851553,-0.015267728824857052,2.792206064301544,-0.6275744190386856,-0.8294389446586591,RiskOff,0.6
2022-10-31,0.0639266510137062,0.47983630914987974,-0.008094607821191369,-0.6646455417809578,-0.3515559126491405,1.7098902416701147,RiskOn,1.0
2022-11-07,0.08725137834610397,0.48656560252902636,-0.010878768139305939,0.14616999099514993,-0.48920797072353406,-0.15654481456590866,Neutral,0.8
2022-11-14,0.05250684696930014,0.49626802860723385,0.000994589240614907,-1.0118492785871422,-0.007170351261217532,0.317688980859342,Neutral,0.8
2022-11-21,0.07708643246318737,0.47939167386457093,0.0006291044160554038,-0.17853154731183618,-0.02653500601357689,-0.5023394636629623,RiskOff,0.6
2022-11-28,0.049697391978762724,0.481846668506766,0.00201035935688626,-1.083324658454876,0.027516010689394337,-0.07599827064912965,Neutral,0.8
2022-12-05,0.12168417376079355,0.4888194374682171,0.0022538349391907353,1.344140696064502,0.03142183578911444,-0.5554203345721351,RiskOff,0.6
2022-12-12,0.05512955248822246,0.5061935400665835,0.009925511459349612,-0.8675612203625513,0.3431342852284924,0.6563594301376937,RiskOn,1.0
2022-12-19,0.045231922311561444,0.5072015579107048,0.027809884046133826,-1.1963722016574134,1.0596762976513725,-0.6053477527955219,RiskOff,0.6
2022-12-26,0.04730587722429217,0.508330677736089,0.02648400922932298,-1.1247853791641222,0.9703155331876461,-1.128024249654393,RiskOff,0.6
2023-01-02,0.11041130117666852,0.4952461447010245,0.006426707232807416,1.137686831888039,0.12784734751279053,-1.0475504561758842,RiskOff,0.6
2023-01-09,0.18583818879958514,0.5021163032365201,-0.0040772368300633355,3.377522279953088,-0.3115327779348242,0.5049197421876243,RiskOn,1.0
2023-01-16,0.1205414262383989,0.511645314432893,0.0044437565221882025,1.2401257428561219,0.06206513785823506,1.8445275289439562,RiskOn,1.0
2023-01-23,0.06931533461477833,0.5145184488155761,0.006187771079487092,-0.38288419754830694,0.17131856711698293,0.5890303024989434,RiskOn,1.0
2023-01-30,0.11122320611954689,0.5076760760428205,0.012429931341795986,0.9345028822220965,0.45671130232453877,-0.2771013823326449,Neutral,0.8
2023-02-06,0.06430162665053919,0.5116130668193557,0.009496763582835577,-0.5299378825393406,0.37456196835100786,0.23889578994877889,Neutral,0.8
2023-02-13,0.22007468035013708,0.5179182167086348,0.006272902275741843,3.6912709029125943,0.2333361100857582,-0.45224992544517423,Neutral,0.8
2023-02-20,0.06461831397775414,0.5184243831037044,0.0039059342881283543,-0.554537747783498,0.12361835704077047,1.728967396413418,RiskOn,1.0
2023-02-27,0.03776970717564969,0.5220296059157129,0.014353529872892401,-1.2483270923998253,0.6059027688990218,-0.33907805241213423,Neutral,0.8
2023-03-06,0.050274609773158854,0.5191552718246274,0.007542205005271696,-0.881966365260166,0.2949806176291342,-0.9271149306494235,RiskOff,0.6
2023-03-13,0.08752216503639514,0.5533228117369153,0.03540459502828053,0.1188964995200563,1.5095054700589368,-0.5884734914446501,RiskOff,0.6
2023-03-20,0.06827668654412292,0.5510957037749873,0.032671320671282866,-0.3804669626169735,1.333585733859693,-0.6953044852694402,RiskOff,0.6
2023-03-27,0.06341193453744819,0.5466544877419204,0.02462488182620748,-0.48835604524649434,0.9438707345594975,-0.8570263482383332,RiskOff,0.6
2023-04-03,0.040700973016659064,0.5446922041281409,0.025536932303513504,-1.0780441788883806,0.9472796827509334,-0.7161133899029959,RiskOff,0.6
2023-04-10,0.08204419829746101,0.5340995553084477,-0.019223256428467672,0.0021227199982727777,-1.038096310749134,-1.012661930819657,RiskOff,0.6
2023-04-17,0.048670948655708944,0.5413986936344253,-0.009697010140562012,-0.8935982720373488,-0.6113179914866633,0.5201095153737034,RiskOn,1.0
2023-04-24,0.052124795924423956,0.5530344312638837,0.0063799435219633605,-0.7855644627627185,0.11592703626973888,-0.14114014027534272,Neutral,0.8
2023-05-01,0.04956617662056415,0.5508319734998243,0.006139769371683368,-0.8262072446831413,0.11091660774642752,-0.4507457495162287,Neutral,0.8
2023-05-08,0.06156672017884641,0.547156753906086,0.01305719859763832,-0.49630325377785794,0.4545116060456453,-0.46856192621478443,Neutral,0.8
2023-05-15,0.04041699837341219,0.544893311856443,0.003494618222017687,-1.047652192760315,0.04981427462367575,-0.4754074299117516,Neutral,0.8
2023-05-22,0.040177665743968055,0.5456197676538362,-0.0074146636100475005,-1.0348595029080896,-0.43410555353617536,-0.5487332336919954,RiskOff,0.6
2023-05-29,0.06581984295103123,0.536373874075571,-0.014458099424253246,-0.3629403731657394,-0.7652972577273984,-0.30037697468595714,Neutral,0.8
2023-06-05,0.08217096144652933,0.5565520829106493,0.009395329004563302,0.05510795011638242,0.5725154754001295,0.2011784422808295,Neutral,0.8
2023-06-12,0.047769213326854,0.5638861799062513,0.018992868049808376,-0.8169171315231032,1.1095366440687877,-0.25870376264187356,Neutral,0.8
2023-06-19,0.15819763158985742,0.5782165320413442,0.032596764387507915,1.9736936681916757,1.7793807486373927,-0.9632268877959455,RiskOff,0.6
2023-06-26,0.10772102615354431,0.5720614717389209,0.035687597663349835,0.6689865905194078,1.8448372508257866,0.09715645977714149,Neutral,0.8
2023-07-03,0.05484320044395319,0.5784279446603394,0.02187586174969014,-0.6512844470698211,1.0774197112934547,-0.5879253301531895,RiskOff,0.6
2023-07-10,0.11294732940506814,0.5534160054056446,-0.010470174500606722,0.8007045788586032,-0.7498690372676434,-0.8643520791816379,RiskOff,0.6
2023-07-17,0.0538677964913712,0.5527333540230345,-0.025483178018309682,-0.6740921429944533,-1.588560822552646,0.7752868080631233,RiskOn,1.0
2023-07-24,0.04340120209775594,0.5495787058232233,-0.022482765915697533,-0.9043775435253842,-1.4603671870428339,0.45723433977909633,Neutral,0.8
2023-07-31,0.04999062080496549,0.5583740337194071,-0.02005391094093234,-0.7189047124859504,-1.437885103686335,0.2779948217587248,Neutral,0.8
2023-08-07,0.04689319325734914,0.5589774895610365,0.005561484155391927,-0.7692909734194271,0.09209296552750582,0.35949019560019224,Neutral,0.8
2023-08-14,0.05568765078975831,0.5573082178231477,0.0045748638001131825,-0.544170694523809,0.0019339333852295831,-0.43069196947346644,Neutral,0.8
2023-08-21,0.04703426950253272,0.5612616613626934,0.011682955539470075,-0.7443414577111094,0.4499408700750893,-0.2730523139545193,Neutral,0.8
2023-08-28,0.058599184079064455,0.5655217051426212,0.0071476714232141525,-0.44489832704516613,0.12919075530835727,-0.5971411638930993,RiskOff,0.6
2023-09-04,0.038337239764082306,0.5671583372078547,0.008180847646818146,-0.9377178616266812,0.18499894055205504,-0.2870445411767617,Neutral,0.8
2023-09-11,0.05746807373051721,0.5735993821679998,0.016291164344852116,-0.44800436598040994,0.71121492064699,-0.5613584010893682,RiskOff,0.6
2023-09-18,0.05677035495363595,0.5745836731644702,0.013322011801776834,-0.44450215942362786,0.4854904181556515,-0.5796096433136999,RiskOff,0.6
2023-09-25,0.054649994079839344,0.5699468255314896,0.004425120388868331,-0.46919093836396414,-0.11263921553218796,-0.4649962887896397,Neutral,0.8
2023-10-02,0.03581707861734086,0.5812203488810684,0.014062011673213748,-0.934102503995188,0.5231656389683942,-0.17827586141588808,Neutral,0.8
2023-10-09,0.021813313726274937,0.5849881378788429,0.01138875571084308,-1.2436645197022136,0.3224486558430153,-0.7286340714817912,RiskOff,0.6
2023-10-16,0.0859403726495428,0.5911952437089865,0.01661157054451623,0.3358582475766044,0.6645454051297012,-0.7830565877726144,RiskOff,0.6
2023-10-23,0.11465855514540836,0.6069417258961256,0.03699490036463604,1.127047934990017,1.9423747332870502,-0.1643435787765484,Neutral,0.8
2023-10-30,0.14975949894189472,0.5909629569611842,0.009742608080115733,1.9261110371279362,0.108430628016866,-0.40766339914851657,Neutral,0.8
2023-11-06,0.12244611698148126,0.5837411539367015,-0.0012469839421413997,1.2058068669761652,-0.6510508909438109,0.908840204555535,RiskOn,1.0
2023-11-13,0.08166502997238063,0.5896539788511763,-0.0015412648578101429,0.1804906971983424,-0.666452289825994,0.928428878959988,RiskOn,1.0
2023-11-20,0.07059709683422985,0.5889984902926653,-0.01794323560346034,-0.09169991032596084,-1.7092354133992007,0.42347149351216823,Neutral,0.8
2023-11-27,0.1548610326894905,0.5941603878240549,0.0031974308628707204,1.8898830548663872,-0.31321489672044867,0.80876775153662,RiskOn,1.0
2023-12-04,0.14053353044582284,0.5913089765529081,0.007567822616206699,1.5188245694030216,-0.030916647702199495,1.1015489757934178,RiskOn,1.0
2023-12-11,0.19026551118605683,0.5901053944209359,0.0004514155697595834,2.478804742270414,-0.48916177639236397,0.7748706085526106,RiskOn,1.0
2023-12-18,0.16448225760441468,0.5807006255905107,-0.008297864702154545,1.8011722170143827,-1.0287343097684805,1.4839832593313889,RiskOn,1.0
2023-12-25,0.11082502357766677,0.5744210643989994,-0.019739323425055466,0.6102422831672205,-1.7083412647996772,1.4149532633914315,RiskOn,1.0
2024-01-01,0.08354458207456847,0.6010724553336739,0.009763478780765777,0.02793182802757774,0.2251997966817211,1.159291773983449,RiskOn,1.0
2024-01-08,0.11448560746664992,0.5702772065533045,-0.01982818786763141,0.7697284021371166,-1.658084465881083,-0.09863398432707168,Neutral,0.8
2024-01-15,0.06353372316036063,0.5725940353624164,-0.008106590228094346,-0.3752443041365023,-0.884105288859805,1.2139064340090997,RiskOn,1.0
2024-01-22,0.06345338493632598,0.5866480432525456,0.012226978853546178,-0.3741912482396271,0.40158296731131593,0.2544304923616514,Neutral,0.8
2024-01-29,0.0660858125882839,0.5878283581726448,-0.013244097161029145,-0.2947987255583837,-1.1707113473144564,-0.38788710777547153,Neutral,0.8
2024-02-05,0.06528334534892972,0.5977708573619451,0.027493650808640635,-0.3138638387771631,1.3402053388687056,0.4379563108780363,Neutral,0.8
2024-02-12,0.222358370632833,0.5911448984001467,0.018550863037730347,3.3116758043312697,0.7696636649837725,-0.8270345888229343,RiskOff,0.6
2024-02-19,0.13342918701069376,0.5785178312983785,-0.008130211954167077,1.2116858255302114,-0.8455234052009005,1.2710060696737486,RiskOn,1.0
2024-02-26,0.5531713887209936,0.5895286124097571,0.0017002542371122864,5.890129493521655,-0.23291723970367342,1.028604615365556,RiskOn,1.0
2024-03-04,0.1493912987678545,0.5872380785953865,-0.01053277876655867,0.7277624278920961,-0.9493629412635228,3.061523366612664,RiskOn,1.0
2024-03-11,0.18454722110044064,0.5849787908121938,-0.006166107587952885,1.1351784931558373,-0.6566059914574897,0.8385626845778095,RiskOn,1.0
2024-03-18,0.1001839312899318,0.5890150887453834,0.010497257447004915,0.07124323695465119,0.4208113230841587,0.8958922423066635,RiskOn,1.0
2024-03-25,0.09563567985654073,0.5873024723820562,-0.002226140027700829,0.006481427760202326,-0.3692859963801676,-0.17478404306475376,Neutral,0.8
2024-04-01,0.051214280924521016,0.5968961883527263,0.009658109757339828,-0.5545405125949404,0.4350646699290966,0.18788371207018498,Neutral,0.8
2024-04-08,0.08667557030015055,0.6140561945768163,0.029077403764622423,-0.10983866967504974,1.6568617061650703,-0.49480259126201853,Neutral,0.8
2024-04-15,0.07519419985502251,0.6089445374395701,0.01992944869418667,-0.261351410617224,1.0114644134379231,-0.88335018792006,RiskOff,0.6
2024-04-22,0.08516715126242883,0.6017872984036031,0.014484826021546882,-0.14401925276016522,0.6388623695922597,-0.6364079120275736,RiskOff,0.6
2024-04-29,0.06396866879183442,0.6068002528814741,0.009904064528747814,-0.4163398146004854,0.33226891930849944,-0.3914408111762125,Neutral,0.8
2024-05-06,0.05122857865779242,0.6100498543789717,-0.004006340197844516,-0.5744647452164604,-0.560618185696,-0.37430436695449243,Neutral,0.8
2024-05-13,0.07399144272372615,0.6169318174267829,0.007987279987212825,-0.2958836503409966,0.22198622186962313,-0.0069232797602302165,Neutral,0.8
2024-05-20,0.15271196922393387,0.5946721864557379,-0.0071151119478651825,0.6772409935060912,-0.7709140268826982,-0.2589349361053099,Neutral,0.8
2024-05-27,0.0483483988981493,0.5964110999181179,-0.010389152963356185,-0.6438478826114798,-0.9971255460059891,0.7240775101943947,RiskOn,1.0
2024-06-03,0.07152231427052498,0.6057257652179678,-0.004324089161003908,-0.3470483389665867,-0.5773223842522975,0.17663883169725464,Neutral,0.8
2024-06-10,0.06614193738296169,0.606043317012977,-0.010888500413805957,-0.42074894818866526,-0.9721700170267028,0.11513702264285541,Neutral,0.8
2024-06-17,0.06264045746247947,0.6128783618810262,0.01820617542528824,-0.4435131853529417,0.9913876657444857,0.27571053441901877,Neutral,0.8
2024-06-24,0.06151652306700712,0.6053342097412495,0.008923109823131603,-0.4457043066950474,0.41667877288563393,-0.7174504255487137,RiskOff,0.6
2024-07-01,0.06038262709508136,0.6148922688171032,0.0091665035991354,-0.4618109705853071,0.45869111239341664,-0.43119153979034064,Neutral,0.8
2024-07-08,0.10404081267346418,0.6062333268775834,0.00019000986460637748,0.09652625674176489,-0.20655439084890534,-0.4602510414893619,Neutral,0.8
2024-07-15,0.11014957849775603,0.6076529531367898,-0.005225408744236382,0.1610083599184753,-0.6559837721368091,0.1515403237953351,Neutral,0.8
2024-07-22,0.05111684035483348,0.620834630908668,0.015500421167418454,-0.5958789295384239,0.8906891336163351,0.4084960660276422,Neutral,0.8
2024-07-29,0.06886964433483816,0.6309185134828327,0.01602624466572944,-0.37428944943893167,0.903453277838865,-0.7432840315773794,RiskOff,0.6
2024-08-05,0.11367964034838314,0.6322070453216212,0.02597371844403784,0.18455695638336184,1.6299323259863556,-0.6388713636388983,RiskOff,0.6
2024-08-12,0.05048247401648901,0.6261691170797886,0.01851616394299882,-0.6272504753479237,1.0123893311187984,-0.7226876848014969,RiskOff,0.6
2024-08-19,0.12586916340942667,0.6292967102185676,0.008462079309899617,0.32412643214085834,0.23574673622486245,-0.8198199032333611,RiskOff,0.6
2024-08-26,0.05977011974506091,0.6345435168340618,0.0036250033512291724,-0.5294908661770034,-0.13580248556758498,0.04418984795799795,Neutral,0.8
2024-09-02,0.05771313893699116,0.630133353680651,-0.0020736916409701545,-0.5627482844507297,-0.5628679233432687,-0.19684419030470918,Neutral,0.8
2024-09-09,0.057336555592922084,0.6382199788419318,0.012050861762143206,-0.5675830740840156,0.5433269927787499,5.9819446269537835e-05,Neutral,0.8
2024-09-16,0.11195142938305033,0.6352284657238271,0.005931755505259484,0.12654247644706615,0.0771459360097898,-0.5554550334313828,RiskOff,0.6
2024-09-23,0.10515533263444278,0.6288262811333115,-0.005717235700750334,0.025705537673004437,-0.8150251076268826,0.02469827021863817,Neutral,0.8
2024-09-30,0.06005591959397293,0.6383367196682359,0.008203365987584865,-0.5712482927545659,0.27867799234932816,0.42036532264994353,Neutral,0.8
2024-10-07,0.07880903994718545,0.6365479279471729,-0.0016720508947589696,-0.34344840720927894,-0.47417910895988075,-0.424963142551947,Neutral,0.8
2024-10-14,0.0689171862228223,0.6384816131562262,0.0032531474323991283,-0.46934815332822144,-0.0693626440651711,0.0653653508753009,Neutral,0.8
2024-10-21,0.05749870920501715,0.6485612734669038,0.019734992333592327,-0.6036703721797773,1.3285466835897466,-0.19999275463152516,Neutral,0.8
2024-10-28,0.05401174647236698,0.6600148296687849,0.021678110000548978,-0.6252461429992751,1.4439642493061955,-0.9661085278847619,RiskOff,0.6
2024-11-04,0.1615212478923667,0.637952993595498,0.001405065648325099,0.7768531355916038,-0.21917105434415096,-1.0346051961527354,RiskOff,0.6
2024-11-11,0.25337487569920825,0.6418440837601498,0.003362470603923584,1.8695460301006936,-0.06666666755290988,0.4980120949678774,Neutral,0.8
2024-11-18,0.2872059485074189,0.6234692166208923,-0.025092056846011568,2.143310127316673,-2.335622311911206,0.9681063488268018,RiskOn,1.0
2024-11-25,0.14785324644795947,0.5935305387487301,-0.06648429092005481,0.4627160906377778,-4.364838678779692,2.2394662196139397,RiskOn,1.0
2024-12-02,0.14893184415095545,0.577396976443407,-0.06055601715209091,0.4733994475900498,-3.423113339575604,2.4137773847087347,RiskOn,1.0
2024-12-09,0.10401152987920288,0.5987653634028872,-0.04307872035726257,-0.049425564982562016,-2.2821089386302953,1.948256393582827,RiskOn,1.0
2024-12-16,0.0906568649219652,0.6192442234741556,-0.004224993146736633,-0.19576400931667612,-0.25423573640630914,1.1163416868238667,RiskOn,1.0
2024-12-23,0.06235896206582426,0.6139846867527948,0.020454148004064754,-0.5293352538379724,0.9995409313715573,0.029235863544816512,Neutral,0.8
2024-12-30,0.08798768470852078,0.5986134449420386,0.02121646849863157,-0.21752881331125687,1.0192106557464704,-0.7644380926047649,RiskOff,0.6
2025-01-06,0.057487747691495464,0.6075783831695594,0.008813019766672148,-0.5747764007773842,0.34936919933021826,-0.6183697345288637,RiskOff,0.6
2025-01-13,0.10407824987496576,0.6077668858545562,-0.01147733761959946,-0.017149011460296824,-0.713112852012566,-0.46207280005380125,Neutral,0.8
2025-01-20,0.08066132360280108,0.6140031780539315,1.8491301136625005e-05,-0.3074868933336341,-0.09759115815032332,0.3479819202761346,Neutral,0.8
2025-01-27,0.08056186332545896,0.6387927664075115,0.04017932146547287,-0.31253880515122534,1.9020863600844027,-0.10494786759165539,Neutral,0.8
2025-02-03,0.0657238598525799,0.6505844499221763,0.04300606675261698,-0.49430929343886104,1.981205170608774,-1.107312582617814,RiskOff,0.6
2025-02-10,0.09918632712607908,0.6378989835555046,0.03013209770094838,-0.05681627461451149,1.3139408789198652,-1.2377572320238175,RiskOff,0.6
2025-02-17,0.060486549818568575,0.6411637674403907,0.027160589386459266,-0.522228447093084,1.1236107882055266,-0.6853785767671884,RiskOff,0.6
2025-02-24,0.10026700723140901,0.6338847528068174,-0.004908013600694039,0.13690577587374736,-0.4319398301688013,-0.8229196176493053,RiskOff,0.6
2025-03-03,0.09422789340398227,0.6585628977157679,0.007978447793591581,0.034830818008266165,0.17836431868247313,0.2844228030212743,Neutral,0.8
2025-03-10,0.08182346408793804,0.6620443123224515,0.024145328766946972,-0.18992945997005642,0.934136386881848,-0.07176675033710347,Neutral,0.8
2025-03-17,0.0823082515575117,0.6590707165696613,0.0179069491292706,-0.17198961251343195,0.622272910828965,-0.5620329234259522,RiskOff,0.6
2025-03-24,0.0644605702789008,0.6689381003187113,0.03505334751189382,-0.5444460334644329,1.3917063284568454,-0.39713126167119844,Neutral,0.8
2025-03-31,0.06894107426959971,0.685301983989892,0.026739086274124024,-0.45715284934580275,0.9719682149933353,-0.9680761809606391,RiskOff,0.6
2025-04-07,0.09809334443087832,0.68236981251867,0.020325500196218482,0.17143921710327684,0.6827384878959039,-0.714560532169569,RiskOff,0.6
2025-04-14,0.06256880821552273,0.685528716531109,0.02645799996144771,-0.5934893869955965,0.9628930407214885,-0.2556496353963135,Neutral,0.8
2025-04-21,0.27292189708401454,0.6852904055204148,0.0163523052017035,3.406257210169741,0.48386865947809143,-0.7781912138585425,RiskOff,0.6
2025-04-28,0.1101328217678898,0.6928353556973083,0.007533371707416303,0.29839988080901503,0.07012566812184576,1.4611942753458247,RiskOn,1.0
2025-05-05,0.1222280562627928,0.6706696605960265,-0.011700151922643509,0.5047915021346818,-0.8263938472591255,0.11413710634358464,Neutral,0.8
2025-05-12,0.043029592123263204,0.6776834266467241,-0.007845289884384932,-0.9897299662659397,-0.6286474052447628,0.6655926746969036,RiskOn,1.0
2025-05-19,0.06681722043183623,0.6827395442987878,-0.0025508612216269544,-0.5121485377068093,-0.38589617992518227,-0.18054128051058843,Neutral,0.8
2025-05-26,0.06747990914453539,0.6875984137701115,-0.005236941927196703,-0.5090201247905723,-0.5180006804649299,-0.06312617889081354,Neutral,0.8
2025-06-02,0.06117825996629203,0.6876342375723965,0.016964576976369994,-0.6251196472862397,0.5063590367398614,0.004490277837178758,Neutral,0.8
2025-06-09,0.050280409595531046,0.6914462135898649,0.013762786943140815,-0.8251182369864003,0.33539078942437006,-0.5657393420130505,RiskOff,0.6
2025-06-16,0.05157236448857308,0.7029530108535131,0.020213466554725334,-0.7940702385976873,0.6376669051564918,-0.5802545132053851,RiskOff,0.6
2025-06-23,0.101779526108509,0.6977958137066711,0.010197399936559548,0.14881520141216903,0.16373443402457405,-0.7158685718770896,RiskOff,0.6
2025-06-30,0.07744024380592772,0.6958808699185434,0.008246632346146865,-0.3240610079604893,0.07251502614326176,-0.00745961630620251,Neutral,0.8
2025-07-07,0.17294275937701356,0.6786430169584168,-0.012803196631448133,1.4520110713058725,-0.9025694867295767,-0.19828801705187554,Neutral,0.8
2025-07-14,0.09167923371141341,0.6361925486340192,-0.06676046221949394,-0.06803243851981843,-3.0535873308902413,1.1772902790177247,RiskOn,1.0
2025-07-21,0.09657850631893156,0.6415146596720044,-0.056281154034666714,0.007689834098343068,-2.403555544419735,1.4927774461852115,RiskOn,1.0
2025-07-28,0.05861018487949333,0.6556919968770267,-0.04018887304151664,-0.7056995288282052,-1.6728262314287299,1.205622689259039,RiskOn,1.0
2025-08-04,0.06964611873363014,0.6340946393701009,-0.04454837758831587,-0.480698087224329,-1.7483469842219983,0.48356335130026235,Neutral,0.8
2025-08-11,0.0648378903755399,0.6250043967111205,-0.011188151922898681,-0.5787933750100229,-0.4598733924770883,0.6338244484988347,RiskOn,1.0
2025-08-18,0.04792555710668452,0.609129294671671,-0.0323853650003334,-0.8669783382101384,-1.21965208050408,-0.05945999126646731,Neutral,0.8
2025-08-25,0.05293386886265696,0.6162556649130806,-0.039436331963946136,-0.768692452029997,-1.4237659080338676,0.17633687114697083,Neutral,0.8
2025-09-01,0.05118611942662036,0.6213471103495909,-0.012747529020510018,-0.7978072113994288,-0.43380407951240235,0.3275367280019353,Neutral,0.8
2025-09-08,0.08570746956640224,0.6097906054238708,-0.015213791287249756,-0.1601555154181294,-0.5049539815160342,-0.18200156594351322,Neutral,0.8
2025-09-15,0.10998751372562564,0.6128917280016417,0.003762433329970727,0.2988346845157007,0.19309385297919618,0.1723992330489524,Neutral,0.8
2025-09-22,0.05069688114781767,0.6245145168782964,0.008258851965215808,-0.7958349880962405,0.34797075549529716,0.05287041576825227,Neutral,0.8
2025-09-29,0.244213730021962,0.6278171065253019,0.006469996175710979,2.5870074857916627,0.2836919059120315,-0.5719028717957688,RiskOff,0.6
2025-10-06,0.17279513050416087,0.6410675365129754,0.031276931089104676,1.2828804560736418,1.15497101662242,1.1516577899398157,RiskOn,1.0
2025-10-13,0.06857721405354295,0.6359127544975801,0.0230210264959384,-0.5155234356331857,0.8365921480236261,0.06395471972561084,Neutral,0.8
2025-10-20,0.13372771671161968,0.6361758958466872,0.011661378968390812,0.5843815784506304,0.43518465228138586,-0.6760577918284059,RiskOff,0.6
2025-10-27,0.1483551496079498,0.6391247266002191,0.011307620074917257,0.8056844722899763,0.4315628320219083,0.07459846308462229,Neutral,0.8
2025-11-03,0.1842379855089322,0.6440345749830058,0.0029670384700303254,1.4050187581294813,0.12823681034654769,0.187060820134034,Neutral,0.8
2025-11-10,0.10038291701757837,0.6434915914415869,0.007578836944006739,0.021278543826199262,0.29219991575110965,0.6383909738914668,RiskOn,1.0
2025-11-17,0.07979507755510322,0.6472918528994684,0.011115957052781233,-0.32532673590506095,0.39760028260104197,-0.1354606859624552,Neutral,0.8
2025-11-24,0.08538689198255228,0.6450769450552977,0.0059522184550785395,-0.18443416539121288,0.16890817524304624,-0.3614635092530515,Neutral,0.8
2025-12-01,0.13205943257744088,0.6468363762013668,0.002801801218361044,0.8234944292885887,-0.0006049063034117457,-0.17667117031712956,Neutral,0.8
2025-12-08,0.05462127796258822,0.6436648612649299,0.00017326982334309182,-0.8140071069403052,-0.14879335621451023,0.4120496677960002,Neutral,0.8
2025-12-15,0.07892441883465211,0.6522939208643566,0.005002067964888113,-0.29027045855985323,0.05042777260038773,-0.33260687536289746,Neutral,0.8
2025-12-22,0.05007514819808944,0.6530265466876561,0.007949601632358472,-0.8968842449535817,0.18797705496821207,-0.17034911558012047,Neutral,0.8
2025-12-29,0.13715355286678976,0.645204783307541,-0.0016315928938257507,0.9247011350721211,-0.2068734414650009,-0.5424306499608968,RiskOff,0.6
2026-01-05,0.09434647861808149,0.6445146515071472,0.0008497902422172077,0.008302632101845136,-0.09284010829141558,0.5657872882685611,RiskOn,1.0
2026-01-12,0.16906315645443346,0.6473985781906408,-0.004895342673715719,1.5281138519703164,-0.348180301009864,0.050571370196630355,Neutral,0.8
2026-01-19,0.056894895331352065,0.6545132136897548,0.0014866670020986517,-0.779087822944087,-0.07216080662293121,0.9381470764900902,RiskOn,1.0
2026-01-26,0.0627234130967001,0.6658154358016919,0.02061065249415084,-0.6498580402625286,0.7909846279981777,-0.35346350816057787,Neutral,0.8
2026-02-02,0.07420972365405952,0.669579942684589,0.02506529117744183,-0.4183083685065886,1.0263586551830073,-0.7204213341303531,RiskOff,0.6
2026-02-09,0.06352812259644089,0.6653926866746074,0.017994108483966542,-0.6213482432781736,0.7241116051454455,-0.722333511844798,RiskOff,0.6
2026-02-16,0.06677381513011317,0.6676911289067405,0.013177915216985747,-0.5582573820985637,0.5211913190513879,-0.6727299242118095,RiskOff,0.6
2026-02-23,0.08443293587438735,0.6655006168876919,-0.0003148189139999813,-0.18991969673834602,-0.10786097369546105,-0.5397243505749758,RiskOff,0.6
2026-03-02,0.05302599310071246,0.6686047100139052,-0.0009752326706837788,-0.8120691898592864,-0.1305690777673565,-0.04102936152144249,Neutral,0.8
2026-03-09,0.10958604116849172,0.6702914828231314,0.004898796148524065,0.3286041520964809,0.16072182213758174,-0.340750056045965,Neutral,0.8
2026-03-16,0.07792892779939657,0.6646813167668133,-0.003009812139927237,-0.31379972169050185,-0.19219018764578513,0.08394116497944959,Neutral,0.8
2026-03-23,0.06040022036453927,0.6647398466986717,-0.0007607701890202101,-0.6680969786849102,-0.055149007036926954,-0.06080476702235836,Neutral,0.8
2026-03-30,0.085838660574728,0.669660948492002,0.0010562384780967715,-0.15811061770459187,0.05762255820445427,-0.30647398582399166,Neutral,0.8
2026-04-06,0.10915265416897875,0.6702839553407455,-7.527482385971673e-06,0.3120898553065603,0.024777225418467583,-0.10786658795452307,Neutral,0.8
2026-04-13,0.09412120394370387,0.6728242330608832,0.008142916294069935,-0.006137657109376048,0.45468348778809314,0.14365631494404635,Neutral,0.8
2026-04-20,0.08615251872789566,0.6802167397965815,0.015476893097909783,-0.11151816359448043,0.8266085033961981,-0.23041057244873459,Neutral,0.8
2026-04-27,0.0883269013743922,0.6840173916146111,0.014356443122609086,-0.049782806259889914,0.7602866348067606,-0.46906333349533924,Neutral,0.8
2026-05-04,0.14733554797976353,0.6808932356427164,0.010609280301970947,1.3320997214070562,0.5500293527813896,-0.4050347205333253,Neutral,0.8
2026-05-11,0.07944156205159475,0.683476834377287,0.010652601316403776,-0.29028777187952715,0.5335443595196312,0.3910351843128333,Neutral,0.8
2026-05-18,0.11257359457260788,0.6847363551676349,0.004519615371053387,0.48072442887018324,0.21828215702186746,-0.41191606569957917,Neutral,0.8
2026-05-25,0.08704213808092534,0.7048556471482234,0.020838255533612293,-0.1393700272143591,1.0037920203098556,0.1312211359241579,Neutral,0.8
