week,p_RiskOn,p_Neutral,p_RiskOff,label,gross
2017-08-14,0.0,1.0,0.0,Neutral,0.8
2017-08-21,0.0,1.0,0.0,Neutral,0.8
2017-08-28,0.0,1.0,0.0,Neutral,0.8
2017-09-04,0.0,1.0,0.0,Neutral,0.8
2017-09-11,0.0,1.0,0.0,Neutral,0.8
2017-09-18,0.0,1.0,0.0,Neutral,0.8
2017-09-25,0.0,1.0,0.0,Neutral,0.8
2017-10-02,0.0,1.0,0.0,Neutral,0.8
2017-10-09,0.0,1.0,0.0,Neutral,0.8
2017-10-16,0.0,1.0,0.0,Neutral,0.8
2017-10-23,0.0,1.0,0.0,Neutral,0.8
2017-10-30,0.0,1.0,0.0,Neutral,0.8
2017-11-06,0.0,1.0,0.0,Neutral,0.8
2017-11-13,0.0,1.0,0.0,Neutral,0.8
2017-11-20,0.0,1.0,0.0,Neutral,0.8
2017-11-27,0.0,1.0,0.0,Neutral,0.8
2017-12-04,0.0,1.0,0.0,Neutral,0.8
2017-12-11,0.0,1.0,0.0,Neutral,0.8
2017-12-18,0.0,1.0,0.0,Neutral,0.8
2017-12-25,0.0,1.0,0.0,Neutral,0.8
2018-01-01,0.0,1.0,0.0,Neutral,0.8
2018-01-08,0.0,1.0,0.0,Neutral,0.8
2018-01-15,0.0,1.0,0.0,Neutral,0.8
2018-01-22,0.0,1.0,0.0,Neutral,0.8
2018-01-29,0.0,1.0,0.0,Neutral,0.8
2018-02-05,0.0,1.0,0.0,Neutral,0.8
2018-02-12,0.0,1.0,0.0,Neutral,0.8
2018-02-19,0.0,1.0,0.0,Neutral,0.8
2018-02-26,0.0,1.0,0.0,Neutral,0.8
2018-03-05,0.0,1.0,0.0,Neutral,0.8
2018-03-12,0.0,1.0,0.0,Neutral,0.8
2018-03-19,0.0,1.0,0.0,Neutral,0.8
2018-03-26,0.0,1.0,0.0,Neutral,0.8
2018-04-02,0.0,1.0,0.0,Neutral,0.8
2018-04-09,0.0,1.0,0.0,Neutral,0.8
2018-04-16,0.0,1.0,0.0,Neutral,0.8
2018-04-23,0.0,1.0,0.0,Neutral,0.8
2018-04-30,0.0,1.0,0.0,Neutral,0.8
2018-05-07,0.0,1.0,0.0,Neutral,0.8
2018-05-14,0.0,1.0,0.0,Neutral,0.8
2018-05-21,0.0,1.0,0.0,Neutral,0.8
2018-05-28,0.0,1.0,0.0,Neutral,0.8
2018-06-04,0.0,1.0,0.0,Neutral,0.8
2018-06-11,0.0,1.0,0.0,Neutral,0.8
2018-06-18,0.0,1.0,0.0,Neutral,0.8
2018-06-25,0.0,1.0,0.0,Neutral,0.8
2018-07-02,0.0,1.0,0.0,Neutral,0.8
2018-07-09,0.0,1.0,0.0,Neutral,0.8
2018-07-16,0.0,1.0,0.0,Neutral,0.8
2018-07-23,0.0,1.0,0.0,Neutral,0.8
2018-07-30,0.0,1.0,0.0,Neutral,0.8
2018-08-06,0.0,1.0,0.0,Neutral,0.8
2018-08-13,0.0,1.0,0.0,Neutral,0.8
2018-08-20,0.0,1.0,0.0,Neutral,0.8
2018-08-27,0.0,1.0,0.0,Neutral,0.8
2018-09-03,0.0,1.0,0.0,Neutral,0.8
2018-09-10,0.0,1.0,0.0,Neutral,0.8
2018-09-17,0.0,1.0,0.0,Neutral,0.8
2018-09-24,0.0,1.0,0.0,Neutral,0.8
2018-10-01,0.0,1.0,0.0,Neutral,0.8
2018-10-08,0.0,1.0,0.0,Neutral,0.8
2018-10-15,0.0,1.0,0.0,Neutral,0.8
2018-10-22,0.0,1.0,0.0,Neutral,0.8
2018-10-29,0.0,1.0,0.0,Neutral,0.8
2018-11-05,0.0,1.0,0.0,Neutral,0.8
2018-11-12,0.0,1.0,0.0,Neutral,0.8
2018-11-19,0.0,1.0,0.0,Neutral,0.8
2018-11-26,4.124983914900876e-11,0.9999998736526488,1.2630610749395244e-07,Neutral,0.7999999747470334
2018-12-03,2.1974260889177807e-12,0.9999056567515286,9.434324628031632e-05,Neutral,0.7999811313511886
2018-12-10,7.546045424807944e-10,0.9279738072500762,0.07202619199532082,Neutral,0.7855947617518579
2018-12-17,4.926167959503068e-07,0.49824887722156086,0.5017506301616417,RiskOff,0.6996499724910297
2018-12-24,0.10107346018679547,0.001062271025301837,0.8978642687878959,RiskOff,0.6406418382797745
2018-12-31,0.02218503248136406,0.9032117648094256,0.07460320270919897,Neutral,0.789516365954424
2019-01-07,0.2132458350594893,0.7867512599324555,2.905008056963273e-06,Neutral,0.8426485860102878
2019-01-14,0.17364543470848012,0.8263444695488467,1.0095742665284685e-05,Neutral,0.8347270677931566
2019-01-21,4.9067925674158646e-05,0.9982998167407723,0.0016511153335450272,Neutral,0.7996795905184191
2019-01-28,0.001177545250381803,0.09316220923261632,0.9056602455170116,RiskOff,0.6191034599466818
2019-02-04,0.0003078847365840964,0.17811591055768317,0.8215762047057209,RiskOff,0.6357463360061631
2019-02-11,0.9999325891017042,4.5459561604984735e-11,6.74108528253057e-05,RiskOn,0.9999730356497671
2019-02-18,0.09380109006207696,0.9044874010191729,0.001711508918751325,Neutral,0.8184179162286661
2019-02-25,0.0019162203467600935,0.9825122265782847,0.01557155307496187,Neutral,0.7972689334543651
2019-03-04,0.00022825141361097962,0.9995240948385216,0.00024765374785796183,Neutral,0.799996119533143
2019-03-11,0.9019574306552836,9.19291907632899e-12,0.09804256933551349,RiskOn,0.9607829722639459
2019-03-18,0.05883313592061539,0.9411666819513947,1.8212799633395117e-07,Neutral,0.811766590758529
2019-03-25,0.9981815215384745,0.0008795811799869665,0.0009388972815461252,RiskOn,0.9994485248513917
2019-04-01,0.05694856495575255,0.9430477991724888,3.6358717564361206e-06,Neutral,0.8113889858167975
2019-04-08,0.9999998611740278,1.0860672306568871e-24,1.3882596026422784e-07,RiskOn,0.9999999444696039
2019-04-15,6.811749229186267e-05,0.9963028009406225,0.0036290815670835426,Neutral,0.79928780718504
2019-04-22,2.2910918206604015e-05,0.9999770883765401,7.052461619880977e-10,Neutral,0.8000045820425865
2019-04-29,1.5082502926766617e-06,0.9998224210187306,0.0001760707309628832,Neutral,0.7999650875038549
2019-05-06,1.4106257645637174e-07,0.8004610166082046,0.19953884232922595,Neutral,0.7600922597466757
2019-05-13,3.6484205528987405e-23,1.0,6.2662020374350555e-24,Neutral,0.8
2019-05-20,2.0444475384126065e-23,1.0,1.982555151301388e-33,Neutral,0.8
2019-05-27,3.0048374941266497e-24,1.0,2.556258201009518e-30,Neutral,0.8
2019-06-03,2.2643190948746047e-23,1.0,7.328076588862019e-34,Neutral,0.8
2019-06-10,0.9979146940512054,0.0020853059487873716,2.0359491841779783e-52,RiskOn,0.9995829388102353
2019-06-17,0.9999999999845954,2.0338889688877376e-12,1.3374777949140396e-11,RiskOn,0.9999999999942475
2019-06-24,0.9988535794586388,0.0011464205413486697,6.338295709496822e-33,RiskOn,0.9997707158917177
2019-07-01,1.0,2.0540609932210476e-61,2.7485426553752724e-15,RiskOn,1.0000000000000016
2019-07-08,0.987331584825759,0.01266841517423755,1.2312634295163525e-16,RiskOn,0.9974663169651492
2019-07-15,0.3289602928495185,0.6710396933441336,1.3806340603649902e-08,Neutral,0.8657920558086296
2019-07-22,0.12697545114849715,0.8730245488268071,2.4690428346086658e-11,Neutral,0.8253950902247572
2019-07-29,0.00045816613833743377,0.32715056943496407,0.672391264426694,RiskOff,0.665613380342325
2019-08-05,0.00041625225443225525,0.05556433476973315,0.9440194129758244,RiskOff,0.6112793678557134
2019-08-12,0.002167511331666911,0.06101319568792398,0.9368192929804254,RiskOff,0.6130696436702613
2019-08-19,0.0008118621848516627,0.10496387037251492,0.8942242674426507,RiskOff,0.6213175189484541
2019-08-26,0.0010426837184435726,0.00025186036690185223,0.9987054559146779,RiskOff,0.6004674455607717
2019-09-02,8.630454165810906e-05,0.01621472645203881,0.9836989690063057,RiskOff,0.6032774671070725
2019-09-09,0.001131017959189808,0.09011624142646615,0.9087527406143616,RiskOff,0.6184756554689796
2019-09-16,0.00828042006821122,0.0001260283198596026,0.991593551611919,RiskOff,0.6033373736912503
2019-09-23,0.9969855177120712,0.003014428883296052,5.3404604678854404e-08,RiskOn,0.9993970928614708
2019-09-30,0.07094305112304851,0.929056948876961,1.0064748396291875e-22,Neutral,0.8141886102246174
2019-10-07,0.008400659684162844,0.9915993403158473,4.7895009562129204e-36,Neutral,0.8016801319368407
2019-10-14,0.00033099714961685756,0.9996690028503881,4.439995332619368e-41,Neutral,0.8000661994299273
2019-10-21,1.0,4.62058220019017e-62,7.86302056630295e-35,RiskOn,1.0
2019-10-28,0.9643401142712941,0.03565988572869063,7.512151714582498e-46,RiskOn,0.9928680228542466
2019-11-04,0.9999999999798206,1.5568481123391675e-11,4.6058221193319875e-12,RiskOn,0.9999999999950389
2019-11-11,0.9999979624251705,2.0375748476849825e-06,2.3118982419407454e-20,RiskOn,0.9999995924850487
2019-11-18,0.9962286897082592,0.003771310291696422,1.8241078566930955e-14,RiskOn,0.9992457379416273
2019-11-25,0.6180515782725151,0.37368558119607687,0.008262840531415168,RiskOn,0.9219577475482257
2019-12-02,0.999978198306051,2.3983576310204454e-07,2.1561858205441027e-05,RiskOn,0.9999913272895846
2019-12-09,0.18175919862858272,0.768359062049126,0.049881739322303664,Neutral,0.8263754918612657
2019-12-16,0.014004766867373153,0.7204542016170421,0.26554103151559744,Neutral,0.7496927470703654
2019-12-23,0.43770451870237703,0.37358887898631016,0.18870660231131411,RiskOn,0.8497995832782137
2019-12-30,0.018659659582558757,0.21765219836790264,0.7636881420495345,RiskOff,0.6509943035066016
2020-01-06,0.004541300332845706,0.22704707381063513,0.7684116258565349,RiskOff,0.6472259348952747
2020-01-13,0.14317427055049986,0.23103521164982907,0.6257905177996441,RiskOff,0.7034767505501496
2020-01-20,1.0,3.685847863664578e-19,3.020078125468015e-19,RiskOn,1.0
2020-01-27,0.9996158035750459,0.00038419642495764465,7.88068172424413e-34,RiskOn,0.999923160715012
2020-02-03,0.9950711421518371,0.0049288578481840135,1.963984288510119e-22,RiskOn,0.9990142284303843
2020-02-10,1.0,5.06988060831063e-22,2.1208629052645476e-37,RiskOn,1.0
2020-02-17,1.0,1.1525049937525643e-106,4.5439976354767883e-63,RiskOn,1.0
2020-02-24,0.9960866620309942,0.003913337968999977,3.7415936245332496e-36,RiskOn,0.9992173324061941
2020-03-02,0.5941549296369517,0.40584507035978623,3.257949382491634e-12,RiskOn,0.9188309859267355
2020-03-09,0.9444424856663333,0.030472840988892767,0.025084673344767962,RiskOn,0.9838715624643083
2020-03-16,0.00019991876660492832,0.9995299267056533,0.00027015452773234317,Neutral,0.7999859528477671
2020-03-23,4.836484672289775e-05,0.9955550352546881,0.004396599898607455,Neutral,0.799130352989638
2020-03-30,0.0006807858254550128,0.9009586039729872,0.09836061020157005,Neutral,0.7804640351247869
2020-04-06,0.004694263697523008,0.7145570125377383,0.28074872376476645,Neutral,0.7447891079865735
2020-04-13,0.977310730776917,0.007712414093274974,0.014976855129806163,RiskOn,0.9924667751294206
2020-04-20,0.939155514252466,0.060844484021122046,1.726399600725756e-09,RiskOn,0.9878311025052035
2020-04-27,0.9831941661637313,0.016805823791747034,1.0044504723246277e-08,RiskOn,0.9966388312238318
2020-05-04,0.9227132988114404,0.0772848019531802,1.89923536832744e-06,RiskOn,0.9845422799152056
2020-05-11,0.09820273230603507,0.8524762375999201,0.04932103009406227,Neutral,0.8097763404424084
2020-05-18,0.06106891176301849,0.9318162522387262,0.00711483599825562,Neutral,0.8107908151529529
2020-05-25,0.052900056281765834,0.481685233153682,0.46541471056452555,Neutral,0.7174970691434268
2020-06-01,0.16312042674656435,0.8311104437106533,0.005769129542781904,Neutral,0.8314702594407563
2020-06-08,0.5284483896056548,0.4715288318608894,2.277853347476535e-05,RiskOn,0.9056851222144512
2020-06-15,0.1487025962663322,0.8512966572601695,7.464734826970056e-07,Neutral,0.8297403699585574
2020-06-22,0.0800202248531488,0.918893189720925,0.0010865854259052414,Neutral,0.815786727885432
2020-06-29,0.01205847232381696,0.9408831499258178,0.04705837775035148,Neutral,0.7930000189146822
2020-07-06,0.9306169572134548,3.5805945994381683e-09,0.06938303920593336,RiskOn,0.9722467836014905
2020-07-13,0.9999999990059223,2.7239256586063287e-18,9.940985795875272e-10,RiskOn,0.9999999996023814
2020-07-20,0.9956171869834027,0.004382813007136968,9.447934055703792e-12,RiskOn,0.9991234373947812
2020-07-27,0.9934844113658411,0.006515588605839736,2.832252744600553e-11,RiskOn,0.9986968822675064
2020-08-03,0.9999391871344341,6.0812860402206784e-05,5.15669666457628e-12,RiskOn,0.9999878374258498
2020-08-10,0.9999999999986926,3.5419446455806295e-18,1.311623910032828e-12,RiskOn,0.9999999999994795
2020-08-17,1.0,4.986128213996939e-16,6.387529607015845e-23,RiskOn,1.0000000000000004
2020-08-24,0.9960211993398898,0.003978800660121268,1.0897691086074606e-17,RiskOn,0.9992042398679868
2020-08-31,0.9999997038705016,2.295394542989132e-07,6.659005492905867e-08,RiskOn,0.999999927456098
2020-09-07,0.5030030087211883,0.49698949573578577,7.495543013562927e-06,RiskOn,0.900599102635625
2020-09-14,0.002479415513291979,0.24404770382946098,0.7534728806572359,RiskOff,0.6498013069712023
2020-09-21,0.00013063509613768048,0.0307922332657832,0.9690771316380841,RiskOff,0.6062107006916146
2020-09-28,5.256967563988919e-05,0.003704818103684523,0.9962426122206878,RiskOff,0.6007619914910002
2020-10-05,0.00043077416914969315,0.008274348139629456,0.9912948776912047,RiskOff,0.601827179295576
2020-10-12,0.0004397343652044533,0.0077488298864595165,0.9918114357483095,RiskOff,0.6017256597233578
2020-10-19,0.012829530057542789,0.04591045203761718,0.9412600179048595,RiskOff,0.6143139024305523
2020-10-26,0.004362067620725359,0.8635122245946564,0.1321257077846391,Neutral,0.774447271967234
2020-11-02,0.0021375537749399242,0.9274150175830138,0.07044742864206738,Neutral,0.7863380250265914
2020-11-09,0.9526015031947502,0.04638079702014062,0.0010176997850918715,RiskOn,0.9903167606819179
2020-11-16,0.2919287580288526,0.7080712419710784,7.514648396694981e-14,Neutral,0.8583857516057605
2020-11-23,0.036037000176690336,0.9635613415197102,0.0004016583036171655,Neutral,0.8071270683746289
2020-11-30,0.7776873682994078,0.2223126315039032,1.9672988863082382e-10,RiskOn,0.9555374736205683
2020-12-07,0.4730293632919089,0.5269667463979018,3.890310146929297e-06,Neutral,0.8946050945963185
2020-12-14,0.12665390833607215,0.8731516199488788,0.0001944717150145161,Neutral,0.8252918873241839
2020-12-21,0.007963683310794481,0.9622310707024414,0.029805245986777355,Neutral,0.795631687464814
2020-12-28,0.0036515908552558897,0.9963483814907172,2.7654038599597576e-08,Neutral,0.800730312640253
2021-01-04,0.9982440026756559,0.001755997324390885,4.248365683753746e-21,RiskOn,0.9996488005351687
2021-01-11,0.9998636741713589,0.0001363258286278459,7.218482080633724e-20,RiskOn,0.9999727348342612
2021-01-18,1.0,1.4208277740559426e-42,1.7709758840721767e-14,RiskOn,1.0000000000000107
2021-01-25,0.9999987747425624,1.2252572917594704e-06,1.8103484826126293e-13,RiskOn,0.9999997549485043
2021-02-01,1.0,2.1891978902835027e-143,3.766289626557341e-45,RiskOn,1.0
2021-02-08,1.0,1.944611594844126e-24,2.3684993776010707e-15,RiskOn,1.0000000000000013
2021-02-15,0.9998842803069002,0.00011571969308728777,1.796754305911824e-20,RiskOn,0.9999768560613701
2021-02-22,0.999670625807567,0.00032937419247600167,6.067648133192445e-18,RiskOn,0.9999341251615479
2021-03-01,0.8392255535059452,0.16077444081793418,5.676173898510891e-09,RiskOn,0.9678451095659969
2021-03-08,0.9445296271228673,0.05547036907000786,3.807074388042814e-09,RiskOn,0.9889059246631182
2021-03-15,0.9999999993657411,6.342817149936616e-10,2.8669521411892107e-38,RiskOn,0.9999999998731665
2021-03-22,0.18743968578677753,0.8125603141724286,4.076762354369811e-11,Neutral,0.8374879371491809
2021-03-29,0.0883041279806705,0.9112458683730932,0.0004500036462648086,Neutral,0.817570824866904
2021-04-05,0.08472960012190055,0.9152528480038162,1.75518742505016e-05,Neutral,0.8169424096495039
2021-04-12,0.08172724168203135,0.9182727354306947,2.288724531327362e-08,Neutral,0.8163454437589343
2021-04-19,0.9997089237991048,0.000291076200896442,1.6199910577270991e-24,RiskOn,0.999941784759822
2021-04-26,0.31832495984710646,0.6816750396674969,4.85453442889434e-10,Neutral,0.863664991872376
2021-05-03,0.09767903562939671,0.9023204165230923,5.478475334545513e-07,Neutral,0.8195356975563907
2021-05-10,0.15154607668884457,0.8484539073276357,1.598346459143971e-08,Neutral,0.8303092121410319
2021-05-17,0.013047910044329604,0.9869447312791084,7.3586765738133846e-06,Neutral,0.8026081102735607
2021-05-24,0.00019260009531666685,0.14661203385425772,0.8531953660504067,RiskOff,0.6293994468089668
2021-05-31,5.613156838668999e-07,0.0008079372949587917,0.9991915013893699,RiskOff,0.6001618119852729
2021-06-07,2.181066958874025e-10,6.301093071894364e-05,0.9999369888512045,RiskOff,0.6000126022734045
2021-06-14,2.325444762708938e-10,0.00011574054177968321,0.9998842592256615,RiskOff,0.600023148201365
2021-06-21,8.4844694599058e-09,0.005244894450289496,0.9947550970651923,RiskOff,0.6010489822838164
2021-06-28,1.763236104828822e-08,0.00018958957151839065,0.9998103927960851,RiskOff,0.6000379249672267
2021-07-05,3.7239283999098195e-10,0.00017451562500720377,0.9998254840025718,RiskOff,0.6000349032739416
2021-07-12,9.446487401503411e-10,0.0005120817494671757,0.9994879173059221,RiskOff,0.6001024167277758
2021-07-19,2.310970944031874e-09,0.0003598631303278446,0.99964013455866,RiskOff,0.6000719735504292
2021-07-26,4.357289902186186e-08,0.009323691571688292,0.9906762648553752,RiskOff,0.6018647557434748
2021-08-02,6.972362111358966e-07,0.0061159969845533645,0.993883305779264,RiskOff,0.6012234782914122
2021-08-09,4.342619950787703e-06,0.037613340244690076,0.9623823171353952,RiskOff,0.60752440509694
2021-08-16,0.004444913834850476,0.979732137043405,0.015822949121732096,Neutral,0.7977243929426138
2021-08-23,0.0426078340906702,0.9573664729753629,2.569293394345328e-05,Neutral,0.8085164282313266
2021-08-30,0.009023476096334764,0.9881815450955697,0.0027949788080880965,Neutral,0.8012456994576435
2021-09-06,0.013535119295400787,0.9862157874144236,0.0002490932901772079,Neutral,0.802657205201046
2021-09-13,0.005671689260845919,0.9872189617357752,0.007109349003336134,Neutral,0.7997124680514678
2021-09-20,0.0011167830204267776,0.5760711105783896,0.4228121064012131,Neutral,0.7156609353238663
2021-09-27,3.592299352210867e-05,0.02530805751627365,0.9746560194902484,RiskOff,0.60507598070069
2021-10-04,2.3333151736338146e-07,0.0008233022548871103,0.999176464413558,RiskOff,0.6001647537835618
2021-10-11,0.00014021423725716056,0.8189512985405608,0.1809084872221348,Neutral,0.7638463454029868
2021-10-18,0.00023928696421439874,0.08406278792214898,0.9156979251135968,RiskOff,0.6169082723700916
2021-10-25,3.1067397477788584e-05,0.05109539814832295,0.9488735344541526,RiskOff,0.6102315065886277
2021-11-01,2.1984781353362814e-05,0.031374759510822414,0.9686032557078524,RiskOff,0.6062837458147228
2021-11-08,2.6644684012426226e-05,0.07010108952536177,0.9298722657906378,RiskOff,0.6140308757786845
2021-11-15,6.013289615467707e-05,0.08649978883244522,0.9134400782713692,RiskOff,0.6173240109249324
2021-11-22,3.741322688450585e-06,0.007279533907870197,0.9927167247694691,RiskOff,0.601457403310666
2021-11-29,8.508958759053802e-08,0.000931648732907837,0.9990682661774856,RiskOff,0.6001863637824052
2021-12-06,1.0389873347831759e-09,7.950248902507561e-05,0.9999204964719518,RiskOff,0.6000159009133784
2021-12-13,8.474486426154436e-11,7.493817518604005e-05,0.9999250617400471,RiskOff,0.600014987668922
2021-12-20,1.0599876748161484e-10,0.00012669906898781777,0.9998733008250612,RiskOff,0.6000253398562257
2021-12-27,4.569783409651208e-09,0.0032740870439193683,0.9967259083862937,RiskOff,0.6006548192366952
2022-01-03,4.3954143407624243e-07,0.00810416650446963,0.9918953939540928,RiskOff,0.6016210091174654
2022-01-10,1.805228552996038e-07,0.001994244022245276,0.9980055754549306,RiskOff,0.6003989210136098
2022-01-17,2.665951421407112e-07,0.009617356945189288,0.99038237645971,RiskOff,0.6019235780271195
2022-01-24,9.734361738913227e-09,6.722026586256819e-05,0.9999327699998164,RiskOff,0.6000134479469416
2022-01-31,1.3897408956888412e-10,0.00010065885739003993,0.9998993410035866,RiskOff,0.6000201318270381
2022-02-07,3.748017361863378e-09,0.0024465827516962136,0.9975534135003067,RiskOff,0.6004893180495583
2022-02-14,2.462420225199119e-08,0.0006782716811999475,0.9993217036945417,RiskOff,0.6001356641858872
2022-02-21,1.0287021858019605e-07,0.008733906348502345,0.9912659907812276,RiskOff,0.6017468224177569
2022-02-28,1.1943198997687646e-06,0.009820378540633303,0.9901784271394422,RiskOff,0.6019645534360716
2022-03-07,6.184798376856238e-08,0.0006874684192325638,0.9993124697327398,RiskOff,0.6001375184230137
2022-03-14,1.543227586574082e-08,0.002282857069158938,0.9977171274985454,RiskOff,0.6004565775867302
2022-03-21,2.0170273168147113e-06,0.041643543454148176,0.958354439518555,RiskOff,0.6083295155017684
2022-03-28,0.0038385933483988392,0.8696363056669605,0.12652510098461664,Neutral,0.7754626984727373
2022-04-04,0.031712860559770635,0.9678894147258056,0.00039772471439418407,Neutral,0.8062630271690516
2022-04-11,0.010839348284530684,0.9849247404797958,0.004235911235671484,Neutral,0.8013206874097704
2022-04-18,0.004323884066572882,0.9445959361185338,0.051080179814875684,Neutral,0.7906487408503253
2022-04-25,0.00019700634828075268,0.1485223148017423,0.8512806788500197,RiskOff,0.6297832654996864
2022-05-02,1.768796072247795e-07,0.00029524489675011195,0.9997045782236953,RiskOff,0.6000591197312244
2022-05-09,1.7771457321135836e-09,0.0008104197396458155,0.9991895784831877,RiskOff,0.600162084658775
2022-05-16,6.415187947532411e-10,9.102167430406963e-05,0.9999089776842196,RiskOff,0.6000182045914938
2022-05-23,7.11794785730957e-11,7.553224121061423e-05,0.9999244676875709,RiskOff,0.6000151064766905
2022-05-30,1.057083617682052e-10,0.00013941547687574798,0.9998605844173741,RiskOff,0.6000278831376334
2022-06-06,9.010970361239091e-10,0.0005945384191752818,0.9994054606797544,RiskOff,0.6001189080442899
2022-06-13,4.4571553506331295e-09,0.0006458463684218278,0.999354149174439,RiskOff,0.6001291710565562
2022-06-20,1.5759325564491112e-08,0.0034176167945941605,0.9965823674461326,RiskOff,0.6006835296626805
2022-06-27,4.614953388645037e-06,0.13738747836333567,0.862607906683313,RiskOff,0.627479341654045
2022-07-04,1.9836840816787433e-05,0.03141547278131795,0.9685646903778624,RiskOff,0.6062910292925886
2022-07-11,0.0011273028757935307,0.9821353960638688,0.01673730106034056,Neutral,0.796878000363093
2022-07-18,0.008608207680122595,0.9908191989665374,0.0005725933533091143,Neutral,0.801607122865338
2022-07-25,0.007445595447519271,0.9910478580493142,0.0015065465031240334,Neutral,0.8011878097888451
2022-08-01,0.11308669833280714,0.8869132301841123,7.148304189998476e-08,Neutral,0.8226173253699222
2022-08-08,0.061040721134475354,0.9389556200312876,3.6588341997774247e-06,Neutral,0.8122074124600253
2022-08-15,0.05572213017613036,0.9442730222457083,4.847578105185219e-06,Neutral,0.8111434565195602
2022-08-22,0.006560726605171072,0.9858343942721076,0.007604879122693979,Neutral,0.7997911694964736
2022-08-29,0.0012707107736289885,0.7744277316704421,0.2243015575559186,Neutral,0.7553938306435338
2022-09-05,0.0011573763349373635,0.7119507406150182,0.2868918830500769,Neutral,0.7428530986569981
2022-09-12,0.0009277532736473737,0.5246741944169487,0.4743980523094562,Neutral,0.7053059401928801
2022-09-19,0.0008828520006150404,0.44088417809559816,0.5582329699037349,RiskOff,0.6885299764193346
2022-09-26,0.0064604118505250385,0.9903499021539521,0.0031896859955396852,Neutral,0.8006541451710106
2022-10-03,0.01340599058473298,0.9861044641837365,0.0004895452315022407,Neutral,0.8025832890706236
2022-10-10,0.0032330912682323482,0.8942246830630863,0.10254222566867076,Neutral,0.7801381731199039
2022-10-17,0.003588735486262093,0.9675833501090289,0.028827914404737535,Neutral,0.7949521642163276
2022-10-24,0.006626163767247886,0.9684185640060318,0.024955272226738597,Neutral,0.7963341783081165
2022-10-31,0.9963806175910461,0.003619382408959798,1.2550801203091872e-19,RiskOn,0.9992761235182139
2022-11-07,0.1684316815816959,0.8315260599438246,4.225847442862939e-05,Neutral,0.8336778846214128
2022-11-14,0.004629060498667692,0.9576371559735044,0.03773378352786987,Neutral,0.7933790553941932
2022-11-21,0.0008059754338524505,0.47301410224488644,0.5261799223212466,RiskOff,0.6949252106225096
2022-11-28,0.00015238145470352767,0.1301663242037393,0.8696812943415558,RiskOff,0.6260942174226285
2022-12-05,5.502481241552031e-05,0.05342037875606386,0.9465245964314752,RiskOff,0.6107060856761517
2022-12-12,0.07124924863557924,0.9287401209850584,1.0630379311619349e-05,Neutral,0.814247723651213
2022-12-19,0.005929172370862871,0.9348780270271464,0.05919280060200474,Neutral,0.7893472743537829
2022-12-26,0.003937455318838198,0.6911583090630227,0.30490423561817587,Neutral,0.7398066439401618
2023-01-02,0.0005660099754641806,0.17083720805579716,0.8285967819687603,RiskOff,0.634393845601358
2023-01-09,0.027412467225059738,0.9722586188774172,0.00032891389752343514,Neutral,0.8054167106655076
2023-01-16,0.9999966809253295,3.3190747062383284e-06,6.673510038964634e-30,RiskOn,0.9999993361850944
2023-01-23,0.9968796459557799,0.0031203540441731327,1.597386698644792e-17,RiskOn,0.9993759291911184
2023-01-30,0.9803356944634599,0.019664305211309765,3.251833815557984e-10,RiskOn,0.9960671388276178
2023-02-06,0.9726382308728654,0.02736176896834072,1.5880663968005294e-10,RiskOn,0.994527646142822
2023-02-13,0.1328691424765144,0.8655791577188221,0.0015516998046993292,Neutral,0.8262634885343917
2023-02-20,0.9999955567212544,4.443278766750217e-06,4.650789120729483e-30,RiskOn,0.9999991113442678
2023-02-27,0.09558797421857053,0.9044115041351742,5.21646235931162e-07,Neutral,0.8191174905144516
2023-03-06,0.0058607082830377695,0.861866132084264,0.1322731596327145,Neutral,0.7747175097300777
2023-03-13,0.0019017095348573992,0.6757641749666328,0.3223341154984545,Neutral,0.7359135188072363
2023-03-20,0.0034465572916887255,0.5640635770949175,0.432489865613418,Neutral,0.7141913383356735
2023-03-27,0.000918016512528519,0.2351523760305183,0.763929607456969,RiskOff,0.6473976818111246
2023-04-03,0.0019197720778912908,0.40435987122704764,0.5937203566951021,RiskOff,0.6816398830765907
2023-04-10,0.010565807801630647,0.8861219308032573,0.10331226139506748,Neutral,0.781450709281277
2023-04-17,0.01565444053242337,0.9839242554927935,0.00042130397481305524,Neutral,0.803046627311546
2023-04-24,0.004082292555473415,0.9803436912510599,0.015574016193487278,Neutral,0.7977016552724138
2023-05-01,0.0027699510457468565,0.8912516821252919,0.10597836682893923,Neutral,0.7793583168433439
2023-05-08,0.001041916207192258,0.6214039600106115,0.3775541237821595,Neutral,0.7246975584849772
2023-05-15,7.846718705037618e-06,0.011428418537965897,0.9885637347432814,RiskOff,0.6022888223950466
2023-05-22,2.5841193217986534e-06,0.027030320010419124,0.9729670958702207,RiskOff,0.6054070976497895
2023-05-29,1.9413839331314735e-05,0.08654492658905377,0.9134356595716506,RiskOff,0.6173167508535647
2023-06-05,0.00018543361057195328,0.30759594248685657,0.6922186239025703,RiskOff,0.6615933619415993
2023-06-12,1.1094867438943059e-05,0.01148767381395729,0.9885012313186211,RiskOff,0.6023019727097774
2023-06-19,1.3854925431796063e-07,0.001429472759843304,0.9985703886909427,RiskOff,0.6002859499716946
2023-06-26,0.018219435379307303,0.9817803396377203,2.2498294475139767e-07,Neutral,0.8036438420792503
2023-07-03,0.017184957890070126,0.9820345507552134,0.0007804913547239903,Neutral,0.8032808933070753
2023-07-10,0.033488977683161135,0.962912730462468,0.00359829185439188,Neutral,0.8059781371657706
2023-07-17,0.30826099687792985,0.6917387390622413,2.6405984916647133e-07,Neutral,0.8616521465636324
2023-07-24,0.037554062151736886,0.9621968198950206,0.00024911795326258723,Neutral,0.807460988839711
2023-07-31,0.005628454578688959,0.9928285245093187,0.0015430209119778565,Neutral,0.8008170867333307
2023-08-07,0.004757476084386515,0.9935786032071253,0.0016639207084607644,Neutral,0.8006187110751632
2023-08-14,0.0010044311596626733,0.6395399685570794,0.3594556002832547,Neutral,0.7283097661752791
2023-08-21,1.0364513131463607e-05,0.01486774667847348,0.9851218888084328,RiskOff,0.6029776951409699
2023-08-28,6.270153393499469e-08,0.0009624227588956059,0.9990375145396051,RiskOff,0.6001925096324134
2023-09-04,7.146567712517531e-09,0.001509356247765867,0.9984906366056153,RiskOff,0.6003018741081496
2023-09-11,6.819361557401899e-09,0.0008975323629212433,0.99910246081773,RiskOff,0.6001795092003365
2023-09-18,8.840059354677293e-08,0.0114722641706073,0.9885276474287732,RiskOff,0.6022944881943433
2023-09-25,4.209328237055091e-06,0.03485511487583072,0.9651406757959047,RiskOff,0.6069727067064444
2023-10-02,0.0012567773366209563,0.7379483191189855,0.2607949035443563,Neutral,0.7480923747584232
2023-10-09,0.004782905758997327,0.8803860658796144,0.11483102836142592,Neutral,0.7779903754795444
2023-10-16,0.003495272917387324,0.9070689291251858,0.08943579795739937,Neutral,0.7828118949919756
2023-10-23,0.014275280843100792,0.982957506474575,0.002767212682374743,Neutral,0.8023016136321857
2023-10-30,0.21229847261907023,0.7877012575087691,2.6987214833817465e-07,Neutral,0.8424596405493745
2023-11-06,0.9910325274841851,0.008967472515797529,3.889245910836728e-15,RiskOn,0.9982065054968254
2023-11-13,0.999762744683105,0.00023725531687554774,1.4856550307577356e-16,RiskOn,0.9999525489366056
2023-11-20,0.9699731276117006,0.030026872359009568,2.940115433986505e-11,RiskOn,0.9939946255165489
2023-11-27,0.7574951044103052,0.24250486210289204,3.348678298694294e-08,RiskOn,0.9514990141846886
2023-12-04,0.9753324108729755,0.024667589126814587,1.562043254902329e-13,RiskOn,0.9950664821745209
2023-12-11,0.9652878387610649,0.03471216123333481,5.636690126473734e-12,RiskOn,0.9930575677511148
2023-12-18,0.9993977076209306,0.0006022923791223619,1.3633597649450677e-20,RiskOn,0.9998795415242285
2023-12-25,0.998117985346855,0.001882014653187057,2.2417284895033068e-18,RiskOn,0.9996235970694046
2024-01-01,0.9106519436433026,0.08934805632695249,2.972793559516299e-11,RiskOn,0.9821303887227013
2024-01-08,0.03452336311687273,0.8716250098980697,0.09385162698514034,Neutral,0.7881343472264127
2024-01-15,0.03535874251337705,0.9646395457454497,1.7117412370627353e-06,Neutral,0.8070714061544791
2024-01-22,0.0010613212812184169,0.8133130839054459,0.18562559481326638,Neutral,0.7630871452935349
2024-01-29,3.349349707890023e-05,0.058893179441895815,0.9410733270609742,RiskOff,0.6117920332871801
2024-02-05,0.0006054862541286605,0.7712251655931084,0.22816934815266762,Neutral,0.7544872276202161
2024-02-12,0.0011135500765853256,0.5891464642409414,0.4097399856824743,Neutral,0.7182747128788229
2024-02-19,0.9999026856422203,9.731435788730109e-05,3.7477729139959633e-28,RiskOn,0.9999805371285301
2024-02-26,0.9924744570518553,0.007525542948102643,2.029289268919388e-15,RiskOn,0.9984948914103386
2024-03-04,1.0,7.82250639686151e-20,5.26983995941761e-88,RiskOn,1.0
2024-03-11,0.9999861160517631,1.3883948204571947e-05,1.1497389060357733e-26,RiskOn,0.9999972232103268
2024-03-18,0.9992345147151366,0.0007654852849754087,5.096027972477331e-18,RiskOn,0.999846902943117
2024-03-25,0.9657128148114966,0.0342871836829686,1.5054766973819757e-09,RiskOn,0.9931425626611575
2024-04-01,0.2526796480696781,0.7471326198827927,0.00018773204762629307,Neutral,0.8504983832044879
2024-04-08,0.0017392048142319755,0.4573124860842766,0.5409483091013962,RiskOff,0.692158179142491
2024-04-15,7.844015392587949e-06,0.013144417912528671,0.9868477380721514,RiskOff,0.6026320211887063
2024-04-22,7.323991881161665e-08,0.0015647974432584824,0.9984351293167472,RiskOff,0.6003129887845738
2024-04-29,1.6346679388265502e-09,0.00026761376120037426,0.9997323846041015,RiskOff,0.6000535234060892
2024-05-06,1.293228306409525e-09,0.0013574286714991915,0.9986425700352,RiskOff,0.6002714862515476
2024-05-13,7.256056737266356e-07,0.06702967832504012,0.9329695960692214,RiskOff,0.6134062259072386
2024-05-20,7.2256816616385286e-06,0.022344538021049177,0.9776482362973677,RiskOff,0.6044717978769215
2024-05-27,0.0014642938426266473,0.9945764469202255,0.0039592592371813775,Neutral,0.799501006921116
2024-06-03,0.0019940700210863828,0.9618499310467192,0.03615599893218154,Neutral,0.7931676142177708
2024-06-10,0.0019076103810060248,0.9086590976319554,0.08943329198698591,Neutral,0.782494863678762
2024-06-17,0.0009100458012316059,0.7555669910972117,0.24352296310148958,Neutral,0.7514774165398947
2024-06-24,9.499442623722957e-07,0.0017243168992956235,0.998274733156543,RiskOff,0.6003452433576246
2024-07-01,3.700670238096419e-09,0.00067171449811892,0.9993282818012587,RiskOff,0.6001343443799206
2024-07-08,2.267353192126484e-10,0.00011024764372949295,0.9998897521295924,RiskOff,0.6000220496194744
2024-07-15,6.602921796539341e-08,0.07920471015019302,0.9207952238206029,RiskOff,0.6158409684417341
2024-07-22,0.004125408842597222,0.97825398286645,0.01762060829101233,Neutral,0.7973009601103648
2024-07-29,0.0015478214102360032,0.7257884528753594,0.27266372571440023,Neutral,0.7457768191391637
2024-08-05,0.0004989026086145512,0.3411552903024132,0.6583458070889767,RiskOff,0.6684306191039311
2024-08-12,0.000134264258886389,0.14616008980256082,0.8537056459384686,RiskOff,0.6292857236640162
2024-08-19,2.411738635439122e-07,0.000947065024040264,0.9990526938021278,RiskOff,0.6001895094743723
2024-08-26,3.0102006668959403e-06,0.30163550599613664,0.6983614838031715,RiskOff,0.6603283052794792
2024-09-02,0.0002676156620571826,0.22891553643542908,0.7708168479024602,RiskOff,0.6458901535518766
2024-09-09,0.00032069412177311866,0.30777888782511004,0.6919004180530615,RiskOff,0.661684055213698
2024-09-16,0.0002044956737359767,0.1607193709962744,0.8390761333299303,RiskOff,0.6322256724687136
2024-09-23,0.00018600217696250005,0.20780881989073247,0.7920051779322415,RiskOff,0.6416361648488933
2024-09-30,0.0233973491189053,0.9735746097125291,0.003028041168653753,Neutral,0.804073861590121
2024-10-07,0.007953307690561538,0.959116135665555,0.03293055664396547,Neutral,0.7950045502093849
2024-10-14,0.005378090438634765,0.9733420255836399,0.021279883977731368,Neutral,0.7968196412921856
2024-10-21,0.0029406664824587307,0.9219946658007745,0.07506466771683605,Neutral,0.7855751997531799
2024-10-28,0.0001329465760047957,0.12885164020774206,0.8710154132163649,RiskOff,0.6258235066720174
2024-11-04,8.625601070980909e-06,0.016473552474590158,0.9835178219244063,RiskOff,0.6032981607353868
2024-11-11,0.006490843903797381,0.9931553725786312,0.0003537835175517413,Neutral,0.8012274120772335
2024-11-18,0.8910276377033114,0.10897236229635247,2.4377280083560876e-13,RiskOn,0.9782055275405396
2024-11-25,0.9999986077223781,1.3922775953665047e-06,5.1897161946643355e-27,RiskOn,0.9999997215444545
2024-12-02,0.999999446996224,5.530037669726343e-07,1.9174071785750623e-30,RiskOn,0.9999998893992376
2024-12-09,0.9998882245702332,0.00011177542978287333,8.227427165469425e-24,RiskOn,0.9999776449140595
2024-12-16,0.9561599658627516,0.043840034136647034,4.942368186343511e-13,RiskOn,0.9912319931723658
2024-12-23,0.03854563753035902,0.9294920074561549,0.031962355013405906,Neutral,0.8013166565033265
2024-12-30,0.00014071531015999775,0.10516858568083888,0.8946906990091115,RiskOff,0.621090003260298
2025-01-06,2.958961033790429e-06,0.007109532142023958,0.9928875088970446,RiskOff,0.6014230900128797
2025-01-13,7.205773943095984e-08,0.0026600946538438055,0.9973398332883151,RiskOff,0.6005320477538035
2025-01-20,1.8559185144197922e-05,0.5540381237843311,0.445943317030442,Neutral,0.7108150484308743
2025-01-27,0.00031895724274481695,0.2857654634263453,0.713915579330884,RiskOff,0.6572806755823515
2025-02-03,2.347685666911817e-06,0.00185219693101857,0.998145455383366,RiskOff,0.6003713784605014
2025-02-10,1.2126080863570261e-08,0.001016913269769362,0.9989830746041625,RiskOff,0.6002033875043938
2025-02-17,2.071181042079066e-08,0.0029365264802133913,0.997063452807979,RiskOff,0.6005873135807686
2025-02-24,2.07963006417618e-08,0.0014378437682895638,0.9985621354354173,RiskOff,0.6002875770721826
2025-03-03,7.848594199295357e-06,0.44857936762873746,0.551412783776963,RiskOff,0.689719012963367
2025-03-10,4.657551114864427e-05,0.05230062148318306,0.9476528030057468,RiskOff,0.6104787545011432
2025-03-17,8.119844152178131e-07,0.0032524111066940028,0.9967467769089662,RiskOff,0.6006508070151501
2025-03-24,2.4057451680326793e-07,0.011926068215897756,0.9880736912095195,RiskOff,0.6023853098729467
2025-03-31,1.7435414027319447e-07,0.002282828112195788,0.9977169975336609,RiskOff,0.6004566353640934
2025-04-07,1.5266410172669767e-07,0.010183337971762772,0.9898165093640491,RiskOff,0.6020367286599414
2025-04-14,3.710892848683896e-05,0.24113353531389678,0.7588293557576893,RiskOff,0.6482415506342178
2025-04-21,5.854671526735942e-05,0.0590422708443409,0.9408991824403314,RiskOff,0.6118318728549389
2025-04-28,0.9996769772018773,0.0003230227981734879,2.416927076705068e-28,RiskOn,0.9999353954404161
2025-05-05,0.6467887100531982,0.3532112819952359,7.951561263874657e-09,RiskOn,0.9293577404203237
2025-05-12,0.8841778032114213,0.11582215484766803,4.1940877866544684e-08,RiskOn,0.9768355522540824
2025-05-19,0.5783609975212363,0.42162464123327337,1.4361245602111872e-05,RiskOn,0.9156693272552162
2025-05-26,0.05357353499411004,0.9399592359110814,0.006467229094820314,Neutral,0.8094212611798673
2025-06-02,0.0067221793123466884,0.9808298443003323,0.012447976387370099,Neutral,0.7988548405850345
2025-06-09,0.000266932899071397,0.16634657403114658,0.8333864930697588,RiskOff,0.6333760879658439
2025-06-16,4.361298576878635e-05,0.023936995942018847,0.9760193910722524,RiskOff,0.6048048443827353
2025-06-23,2.7106372557538175e-06,0.0012092472511827544,0.9987880421114566,RiskOff,0.6002429337050759
2025-06-30,0.0007988076961700637,0.1696199209234937,0.8295812713803696,RiskOff,0.6342435072631868
2025-07-07,0.000351028533345464,0.13962116855717632,0.860027802909581,RiskOff,0.6280646451248351
2025-07-14,0.49750649204102143,0.5024934520013499,5.595757571783495e-08,Neutral,0.8995012872166469
2025-07-21,0.9775799082204161,0.02242009177464823,5.001430484953979e-12,RiskOn,0.9955159816431355
2025-07-28,0.897733562924685,0.10226643671203316,3.633891735809086e-10,RiskOn,0.979546712512345
2025-08-04,0.2680393961959306,0.7319375471370474,2.30566669236616e-05,Neutral,0.8536032679057227
2025-08-11,0.04141820741070537,0.9583764967925018,0.00020529579686073889,Neutral,0.8082425823228232
2025-08-18,0.0022681987268331908,0.8208395471947464,0.17689225407845127,Neutral,0.765075188929701
2025-08-25,0.003129939249529715,0.9709074803200848,0.025962580430467584,Neutral,0.7954334717638781
2025-09-01,0.004150364171478375,0.9929670806986981,0.0028825551298258833,Neutral,0.8002535618083325
2025-09-08,0.0014772157594450924,0.76639630461316,0.2321264796274919,Neutral,0.7538701472264682
2025-09-15,0.0028028411512802808,0.8787083925487182,0.11848876630008315,Neutral,0.7768628149703047
2025-09-22,0.006746056570489859,0.8869293610451264,0.10632458238447162,Neutral,0.780084294837274
2025-09-29,0.001696878933814014,0.5886635598144739,0.4096395612518236,Neutral,0.7184114635364873
2025-10-06,0.9999623167811357,3.768321875043774e-05,6.822874629122482e-14,RiskOn,0.999992463356177
2025-10-13,0.9719507686750845,0.02804919490179419,3.642314288656962e-08,RiskOn,0.9943901464504055
2025-10-20,0.027724193380905437,0.23752776074222093,0.7347480458769731,RiskOff,0.658595229500866
2025-10-27,0.039150951322053845,0.5695476857421795,0.39130136293580814,Neutral,0.7295699176772823
2025-11-03,0.06651944890002943,0.7065767923739349,0.22690375872609575,Neutral,0.7679231380348349
2025-11-10,0.7189496590083028,0.2809865307040388,6.381028764759448e-05,RiskOn,0.9437771697441224
2025-11-17,0.004460434644017447,0.8089157914961265,0.18662377385984658,Neutral,0.7635673321568266
2025-11-24,6.240205426326241e-05,0.05345921669832563,0.9464783812474394,RiskOff,0.6107168041613874
2025-12-01,2.469503967712623e-05,0.014308217222007785,0.985667087738212,RiskOff,0.6028715214602105
2025-12-08,0.009495918722709933,0.8010510047815101,0.18945307649570348,Neutral,0.7640085684453402
2025-12-15,0.0002611676233580599,0.15520547655958936,0.8445333558170895,RiskOff,0.6311455623612833
2025-12-22,0.0003730545728120578,0.12980603332319138,0.8698209121040026,RiskOff,0.6261104284937666
2025-12-29,0.0003243207427462159,0.1079012294815412,0.8917744497756135,RiskOff,0.6217099741933472
2026-01-05,0.134982060370696,0.8647030556160212,0.00031488401334828214,Neutral,0.8269334352715219
2026-01-12,0.030293187466338616,0.967266467394391,0.002440345139380692,Neutral,0.8055705684654798
2026-01-19,0.7017889068183341,0.298211092137077,1.0444762362461453e-09,RiskOn,0.9403577811546814
2026-01-26,0.04810347829553122,0.9292961682473609,0.02260035345702691,Neutral,0.8051006249676361
2026-02-02,5.852740843232929e-05,0.03147351766301452,0.9684679549284443,RiskOff,0.6063181144959104
2026-02-09,5.1859269826708065e-08,0.0008548185223701176,0.9991451296184717,RiskOff,0.6001709844482489
2026-02-16,2.872436215634781e-09,0.0016448799621125159,0.9983551171655496,RiskOff,0.6003289771414559
2026-02-23,2.1294034854901367e-08,0.005223228992081081,0.9947767497139129,RiskOff,0.6010446543160475
2026-03-02,9.435671180530195e-06,0.22484657147312304,0.7751439928556116,RiskOff,0.6449730885630459
2026-03-09,0.00110303778168212,0.599104962581032,0.3997919996372944,Neutral,0.7202622076288844
2026-03-16,0.012121111786291688,0.9843848624059178,0.003494025807748803,Neutral,0.8017254171956752
2026-03-23,0.005655872914056453,0.9651663582244929,0.02917776886135617,Neutral,0.7952956208104645
2026-03-30,0.003312230191910418,0.9085195100901235,0.0881682597179154,Neutral,0.7830287940947586
2026-04-06,0.006815623887599812,0.9717345008838161,0.021449875228616747,Neutral,0.7970731497318227
2026-04-13,0.003756688903883489,0.989270273803151,0.006973037293016264,Neutral,0.7993567303222141
2026-04-20,0.007232355618409781,0.9759080075269289,0.016859636854738926,Neutral,0.7980745437527962
2026-04-27,0.027091831430625598,0.967082622370152,0.005825546199130615,Neutral,0.8042532570462255
2026-05-04,0.016851111307600183,0.9723211202962886,0.010827768396081986,Neutral,0.8012046685822803
2026-05-11,0.922991636313718,0.07700836368481342,1.5036648824104535e-12,RiskOn,0.9845983272624709
2026-05-18,0.24735232399728813,0.7506278667567797,0.002019809245893254,Neutral,0.8490665029502479
2026-05-25,0.08025486224057674,0.9196264429555207,0.00011869480380637264,Neutral,0.8160272334872771
