candidate,family,description,behavior,n,ann_ret,sharpe,t_ret,lambda_ann_fmb,t_fmb,lambda_ann_gx_obs,t_gx_obs,lambda_ann_gx_full,t_gx_full,k_hidden,max_abs_corr_to_09,nearest_09_factor,passes_t2,passes_t165
absret_mean_12w__high_minus_low,absret,"absret_mean_12w, high minus low",high attention shock from large absolute moves,263,0.13793150979077398,0.28774711300708505,0.6056199232566689,0.35921548299542516,0.4716240737833712,1.542334639061543,5.852214219792194,2.25020355602676,6.171785283628918,2,0.7849728013235469,VolC,True,True
absret_mean_12w__low_minus_high,absret,"absret_mean_12w, low minus high",low attention shock from large absolute moves,263,-0.13793150979077398,-0.28774711300708505,-0.6056199232566689,-0.35921548299542516,-0.4716240737833712,-1.542334639061543,-5.852214219792194,-2.25020355602676,-6.171785283628918,2,0.7849728013235469,VolC,True,True
maxret_12w__low_minus_high,maxret,"maxret_12w, low minus high",low maximum-return lottery salience,263,-0.08790303368545722,-0.22003194626437442,-0.46568354346331925,-0.30562077922772773,-0.38682587652781125,-1.2912092560264388,-5.038248441485597,-1.892800918420384,-6.15827014925005,2,0.6707216280666332,VolC,True,True
maxret_12w__high_minus_low,maxret,"maxret_12w, high minus low",high maximum-return lottery salience,263,0.08790303368545722,0.22003194626437442,0.46568354346331925,0.30562077922772773,0.38682587652781125,1.2912092560264388,5.038248441485597,1.892800918420384,6.15827014925005,2,0.6707216280666332,VolC,True,True
vol_12w__high_minus_low,vol,"vol_12w, high minus low",high volatility/lottery demand,263,0.049646574818697796,0.10681245452524844,0.2217077135550554,0.2351659610253545,0.33347029242586523,1.470082089585307,5.550641908492971,2.068701638800239,5.985546030137377,2,0.8069737849232816,VolC,True,True
vol_12w__low_minus_high,vol,"vol_12w, low minus high",low volatility/lottery demand,263,-0.049646574818697796,-0.10681245452524844,-0.2217077135550554,-0.2351659610253545,-0.33347029242586523,-1.470082089585307,-5.550641908492971,-2.068701638800239,-5.985546030137377,2,0.8069737849232816,VolC,True,True
idvol_12w__high_minus_low,idvol,"idvol_12w, high minus low",high volatility/lottery demand,240,0.08519070469638819,0.19898234600667114,0.3817617310296287,0.7972672292724566,1.167872082187941,1.5046593432299171,5.6498831308257405,2.035556535327348,5.963957717755248,2,0.7864919100827572,VolC,True,True
idvol_12w__low_minus_high,idvol,"idvol_12w, low minus high",low volatility/lottery demand,240,-0.08519070469638819,-0.19898234600667114,-0.3817617310296287,-0.7972672292724566,-1.167872082187941,-1.5046593432299171,-5.6498831308257405,-2.035556535327348,-5.963957717755248,2,0.7864919100827572,VolC,True,True
maxret_8w__low_minus_high,maxret,"maxret_8w, low minus high",low maximum-return lottery salience,263,-0.0630316650122988,-0.153361577006672,-0.3106114071339606,-1.1603744924132575,-1.655960605703832,-1.3954651222174208,-5.989797307716919,-2.289473578133136,-5.796073507289488,2,0.7654138846805144,VolC,True,True
maxret_8w__high_minus_low,maxret,"maxret_8w, high minus low",high maximum-return lottery salience,263,0.0630316650122988,0.153361577006672,0.3106114071339606,1.1603744924132575,1.655960605703832,1.3954651222174208,5.989797307716919,2.289473578133136,5.796073507289488,2,0.7654138846805144,VolC,True,True
maxret_52w__low_minus_high,maxret,"maxret_52w, low minus high",low maximum-return lottery salience,263,0.02262753726218424,0.05959978445370293,0.1342959814499875,-0.6217358180642026,-0.8888900773969794,-1.3097964037704801,-4.9903261103148395,-1.8064746415300013,-5.55749511539383,2,0.4683749178678914,RC,True,True
maxret_52w__high_minus_low,maxret,"maxret_52w, high minus low",high maximum-return lottery salience,263,-0.02262753726218424,-0.05959978445370293,-0.1342959814499875,0.6217358180642026,0.8888900773969794,1.3097964037704801,4.9903261103148395,1.8064746415300013,5.55749511539383,2,0.4683749178678914,RC,True,True
maxret_3w__low_minus_high,maxret,"maxret_3w, low minus high",low maximum-return lottery salience,263,-0.2753888424277161,-0.7323751425427208,-1.357621394869746,-1.0522159653784404,-2.115361815542265,-1.333057101172178,-7.162394266949744,-1.6736355031105843,-5.530692668592494,2,0.7894351195834429,MAXRET,True,True
maxret_3w__high_minus_low,maxret,"maxret_3w, high minus low",high maximum-return lottery salience,263,0.2753888424277161,0.7323751425427208,1.357621394869746,1.0522159653784404,2.115361815542265,1.333057101172178,7.162394266949744,1.6736355031105843,5.530692668592494,2,0.7894351195834429,MAXRET,True,True
attention_absret_xs_4w__high_minus_low,attention,"attention_absret_xs_4w, high minus low",high attention shock from large absolute moves,263,0.2743868513550203,0.6183126544078078,1.189223679590615,0.6832653944964809,0.9559248183347375,1.3165984853471346,5.615890629074101,1.5081620861455503,5.394998805930283,2,0.8917518143732374,VolC,True,True
attention_absret_xs_4w__low_minus_high,attention,"attention_absret_xs_4w, low minus high",low attention shock from large absolute moves,263,-0.2743868513550203,-0.6183126544078078,-1.189223679590615,-0.6832653944964809,-0.9559248183347375,-1.3165984853471346,-5.615890629074101,-1.5081620861455503,-5.394998805930283,2,0.8917518143732374,VolC,True,True
absret_mean_4w__low_minus_high,absret,"absret_mean_4w, low minus high",low attention shock from large absolute moves,263,-0.2743868513550203,-0.6183126544078078,-1.189223679590615,-0.6832653944964809,-0.9559248183347375,-1.3165984853471346,-5.615890629074101,-1.5081620861455503,-5.394998805930283,2,0.8917518143732374,VolC,True,True
absret_mean_4w__high_minus_low,absret,"absret_mean_4w, high minus low",high attention shock from large absolute moves,263,0.2743868513550203,0.6183126544078078,1.189223679590615,0.6832653944964809,0.9559248183347375,1.3165984853471346,5.615890629074101,1.5081620861455503,5.394998805930283,2,0.8917518143732374,VolC,True,True
vol_26w__high_minus_low,vol,"vol_26w, high minus low",high volatility/lottery demand,263,0.03457163824064512,0.07921609147969112,0.16209828096133047,0.609033263647731,0.9068035606093677,1.4800629588991276,4.965719165801473,2.11951741308679,5.186776158897981,2,0.6898110095173944,VolC,True,True
vol_26w__low_minus_high,vol,"vol_26w, low minus high",low volatility/lottery demand,263,-0.03457163824064512,-0.07921609147969112,-0.16209828096133047,-0.609033263647731,-0.9068035606093677,-1.4800629588991276,-4.965719165801473,-2.11951741308679,-5.186776158897981,2,0.6898110095173944,VolC,True,True
maxret_26w__low_minus_high,maxret,"maxret_26w, low minus high",low maximum-return lottery salience,263,-0.06513803969152153,-0.17845772079339184,-0.35754646059746026,-0.9515463173468593,-1.495196450935391,-1.34133264660195,-5.5468256012954935,-1.9895109843590522,-5.138939003787917,2,0.5774575076233196,RC,True,True
maxret_26w__high_minus_low,maxret,"maxret_26w, high minus low",high maximum-return lottery salience,263,0.06513803969152153,0.17845772079339184,0.35754646059746026,0.9515463173468593,1.495196450935391,1.34133264660195,5.5468256012954935,1.9895109843590522,5.138939003787917,2,0.5774575076233196,RC,True,True
absret_mean_8w__low_minus_high,absret,"absret_mean_8w, low minus high",low attention shock from large absolute moves,263,-0.13643403518853645,-0.30791779848680906,-0.6438383354406274,-0.6058988247972205,-0.8498708284673093,-1.6068133221752539,-6.144424898411193,-1.8970851202873265,-4.903268784308126,2,0.8439831066719959,VolC,True,True
absret_mean_8w__high_minus_low,absret,"absret_mean_8w, high minus low",high attention shock from large absolute moves,263,0.13643403518853645,0.30791779848680906,0.6438383354406274,0.6058988247972205,0.8498708284673093,1.6068133221752539,6.144424898411193,1.8970851202873265,4.903268784308126,2,0.8439831066719959,VolC,True,True
attention_absret_xs_8w__high_minus_low,attention,"attention_absret_xs_8w, high minus low",high attention shock from large absolute moves,263,0.13643403518853645,0.30791779848680906,0.6438383354406274,0.6058988247972205,0.8498708284673093,1.6068133221752539,6.144424898411193,1.8970851202873265,4.903268784308126,2,0.8439831066719959,VolC,True,True
attention_absret_xs_8w__low_minus_high,attention,"attention_absret_xs_8w, low minus high",low attention shock from large absolute moves,263,-0.13643403518853645,-0.30791779848680906,-0.6438383354406274,-0.6058988247972205,-0.8498708284673093,-1.6068133221752539,-6.144424898411193,-1.8970851202873265,-4.903268784308126,2,0.8439831066719959,VolC,True,True
skew_52w__low_minus_high,skew,"skew_52w, low minus high",low realized skewness; lottery memory and right-tail salience,263,0.034813089165204376,0.10845741300624362,0.24251784278522126,-0.37558942438638787,-0.5403768201098834,-1.1223023899542608,-5.1781497046829745,-1.5031833537109602,-4.658074740481357,2,0.3326235818261217,RC,True,True
SKEW52_high_minus_low,skew,"skew_52w, high minus low",high realized skewness; lottery memory and right-tail salience,263,-0.034813089165204376,-0.10845741300624362,-0.24251784278522126,0.37558942438638787,0.5403768201098834,1.1223023899542608,5.1781497046829745,1.5031833537109602,4.658074740481357,2,0.3326235818261217,RC,True,True
idvol_8w__high_minus_low,idvol,"idvol_8w, high minus low",high volatility/lottery demand,248,0.159236774001116,0.3793146209606584,0.7471017253378115,0.50979720343265,0.7231584437242592,1.4866145123761516,4.77540002863882,2.0139314889619384,4.457882121757534,2,0.8178528171560655,VolC,True,True
idvol_8w__low_minus_high,idvol,"idvol_8w, low minus high",low volatility/lottery demand,248,-0.159236774001116,-0.3793146209606584,-0.7471017253378115,-0.50979720343265,-0.7231584437242592,-1.4866145123761516,-4.77540002863882,-2.0139314889619384,-4.457882121757534,2,0.8178528171560655,VolC,True,True
vol_8w__high_minus_low,vol,"vol_8w, high minus low",high volatility/lottery demand,263,0.18659115486468497,0.4099139385513456,0.8650085059266793,0.5098514162270338,0.6571897671386778,1.5055522715809533,4.671995104310589,2.236975445884002,4.4162120586735005,2,0.8437940251011775,VolC,True,True
vol_8w__low_minus_high,vol,"vol_8w, low minus high",low volatility/lottery demand,263,-0.18659115486468497,-0.4099139385513456,-0.8650085059266793,-0.5098514162270338,-0.6571897671386778,-1.5055522715809533,-4.671995104310589,-2.236975445884002,-4.4162120586735005,2,0.8437940251011775,VolC,True,True
idvol_26w__high_minus_low,idvol,"idvol_26w, high minus low",high volatility/lottery demand,212,0.033848750805996516,0.07960588666390779,0.15401740601407063,0.9662452736349422,1.276542280774227,1.4801640503442821,4.968394752184102,1.8608948680658708,4.329976476493055,2,0.6912724936246564,RC,True,True
idvol_26w__low_minus_high,idvol,"idvol_26w, low minus high",low volatility/lottery demand,212,-0.033848750805996516,-0.07960588666390779,-0.15401740601407063,-0.9662452736349422,-1.276542280774227,-1.4801640503442821,-4.968394752184102,-1.8608948680658708,-4.329976476493055,2,0.6912724936246564,RC,True,True
age_weeks__high_minus_low,age,"age_weeks, high minus low",seasoning preference,263,0.07508162353490475,0.16510082466734102,0.3297048234704806,-0.15395076059007082,-0.2664425848536288,-1.0859662768582679,-2.7052294141459066,-1.4731805697039657,-4.193952251216869,2,0.48921109241919003,SMBC,True,True
NEWC_young_minus_old,age,"age_weeks, low minus high",newness/seasoning preference,263,-0.07508162353490475,-0.16510082466734102,-0.3297048234704806,0.15395076059007082,0.2664425848536288,1.0859662768582679,2.7052294141459066,1.4731805697039657,4.193952251216869,2,0.48921109241919003,SMBC,True,True
vol_52w__high_minus_low,vol,"vol_52w, high minus low",high volatility/lottery demand,263,-0.038764312458285224,-0.08556412308000673,-0.1823990455656791,-0.07232777603121104,-0.07958538605854634,1.5327007151758174,4.223146008941293,1.880236232107444,4.16383450430402,2,0.5971532578807885,RC,True,True
vol_52w__low_minus_high,vol,"vol_52w, low minus high",low volatility/lottery demand,263,0.038764312458285224,0.08556412308000673,0.1823990455656791,0.07232777603121104,0.07958538605854634,-1.5327007151758174,-4.223146008941293,-1.880236232107444,-4.16383450430402,2,0.5971532578807885,RC,True,True
minret_8w__high_minus_low,minret,"minret_8w, high minus low",crash resilience,263,-0.10229566651556404,-0.20786779113311385,-0.41546818139082903,-0.15257184143969246,-0.2581861704105772,-1.1963497172326205,-3.1617605459941016,-1.6526048769840087,-4.07723189908045,2,0.6765076366783656,VolC,True,True
CRASH8_crashed_minus_resilient,minret,"minret_8w, low minus high",capitulation/crash rebound,263,0.10229566651556404,0.20786779113311385,0.41546818139082903,0.15257184143969246,0.2581861704105772,1.1963497172326205,3.1617605459941016,1.6526048769840087,4.07723189908045,2,0.6765076366783656,VolC,True,True
absret_mean_52w__high_minus_low,absret,"absret_mean_52w, high minus low",high attention shock from large absolute moves,263,-0.02513571997093217,-0.054877982574851374,-0.11717906084162302,-0.23467058179807507,-0.2614477313979104,1.6430905893352965,4.193800384564955,1.9243406340695919,4.0042745037189755,2,0.6170575464548415,RC,True,True
absret_mean_52w__low_minus_high,absret,"absret_mean_52w, low minus high",low attention shock from large absolute moves,263,0.02513571997093217,0.054877982574851374,0.11717906084162302,0.23467058179807507,0.2614477313979104,-1.6430905893352965,-4.193800384564955,-1.9243406340695919,-4.0042745037189755,2,0.6170575464548415,RC,True,True
beta_26w__low_minus_high,beta,"beta_26w, low minus high",low market beta; speculative risk-on demand,237,-0.11309727128303733,-0.3115285035305803,-0.6884921908418915,-0.23707673075257263,-0.5146603435393514,-0.853783881035142,-3.3098448714402973,-1.1794031363044302,-3.929688918955711,2,0.24916328046973246,MAXRET,True,True
BETA26_high_minus_low,beta,"beta_26w, high minus low",high market beta; speculative risk-on demand,237,0.11309727128303733,0.3115285035305803,0.6884921908418915,0.23707673075257263,0.5146603435393514,0.853783881035142,3.3098448714402973,1.1794031363044302,3.929688918955711,2,0.24916328046973246,MAXRET,True,True
idvol_52w__high_minus_low,idvol,"idvol_52w, high minus low",high volatility/lottery demand,160,0.025333196085639238,0.05346873084829892,0.09250898912265967,0.5918665606799618,0.8040458875479268,1.5689637495195419,5.256812768647233,1.7500683722963166,3.921592612016557,2,0.6250439117767029,VolC,True,True
idvol_52w__low_minus_high,idvol,"idvol_52w, low minus high",low volatility/lottery demand,160,-0.025333196085639238,-0.05346873084829892,-0.09250898912265967,-0.5918665606799618,-0.8040458875479268,-1.5689637495195419,-5.256812768647233,-1.7500683722963166,-3.921592612016557,2,0.6250439117767029,VolC,True,True
absret_mean_26w__low_minus_high,absret,"absret_mean_26w, low minus high",low attention shock from large absolute moves,263,0.03747874427194148,0.0838222051629626,0.1805245946660257,-0.25310098664958836,-0.38771281350753567,-1.2587174714348766,-3.865693043107108,-1.7814058806245296,-3.8048692479790756,2,0.6564193671918129,VolC,True,True
absret_mean_26w__high_minus_low,absret,"absret_mean_26w, high minus low",high attention shock from large absolute moves,263,-0.03747874427194148,-0.0838222051629626,-0.1805245946660257,0.25310098664958836,0.38771281350753567,1.2587174714348766,3.865693043107108,1.7814058806245296,3.8048692479790756,2,0.6564193671918129,VolC,True,True
skew_8w__low_minus_high,skew,"skew_8w, low minus high",low realized skewness; lottery memory and right-tail salience,263,0.026175355285390067,0.07850328341679232,0.17764862336568907,-1.488414178909541,-2.2043510806736153,-1.0153958784582324,-3.5484621482996954,-1.2391961309314905,-3.7668690165427106,2,0.4116049587504894,MAXRET,True,True
skew_8w__high_minus_low,skew,"skew_8w, high minus low",high realized skewness; lottery memory and right-tail salience,263,-0.026175355285390067,-0.07850328341679232,-0.17764862336568907,1.488414178909541,2.2043510806736153,1.0153958784582324,3.5484621482996954,1.2391961309314905,3.7668690165427106,2,0.4116049587504894,MAXRET,True,True
skew_3w__low_minus_high,skew,"skew_3w, low minus high",low realized skewness; lottery memory and right-tail salience,263,-0.0273263102923296,-0.08379141961633163,-0.2126118690619816,-0.40138863469437724,-1.0319833556369564,-0.6329376933855266,-4.785937273456842,-0.9323425971248438,-3.737543027174253,2,0.3037008629454053,MAXRET,True,True
skew_3w__high_minus_low,skew,"skew_3w, high minus low",high realized skewness; lottery memory and right-tail salience,263,0.0273263102923296,0.08379141961633163,0.2126118690619816,0.40138863469437724,1.0319833556369564,0.6329376933855266,4.785937273456842,0.9323425971248438,3.737543027174253,2,0.3037008629454053,MAXRET,True,True
price_to_low_12w__high_minus_low,price,"price_to_low_12w, high minus low",distance from recent low; rebound anchoring,263,0.2542991660625999,0.6796276898733447,1.6782788647307043,0.6196483834388192,1.0302374592941728,0.7132084874185021,2.6099861492302567,1.1434363982077753,3.5235860201866327,2,0.5766585159713904,MAXRET,True,True
price_to_low_12w__low_minus_high,price,"price_to_low_12w, low minus high",distance from recent low; rebound anchoring,263,-0.2542991660625999,-0.6796276898733447,-1.6782788647307043,-0.6196483834388192,-1.0302374592941728,-0.7132084874185021,-2.6099861492302567,-1.1434363982077753,-3.5235860201866327,2,0.5766585159713904,MAXRET,True,True
price_to_high_12w__high_minus_low,price,"price_to_high_12w, high minus low",distance from recent high; anchoring to prior peak,263,0.08032304676938237,0.17736854091759816,0.40258704474555573,0.17923906476004628,0.2756473222754042,-0.6992293588328391,-1.4631300638787985,-1.312853146847083,-3.3859085041230106,2,0.6293959517557774,NetRel,True,True
price_to_high_12w__low_minus_high,price,"price_to_high_12w, low minus high",distance from recent high; anchoring to prior peak,263,-0.08032304676938237,-0.17736854091759816,-0.40258704474555573,-0.17923906476004628,-0.2756473222754042,0.6992293588328391,1.4631300638787985,1.312853146847083,3.3859085041230106,2,0.6293959517557774,NetRel,True,True
absret_mean_1w__high_minus_low,absret,"absret_mean_1w, high minus low",high attention shock from large absolute moves,263,0.23998993669433655,0.6174769633205844,1.0927224935196207,1.050939421715057,1.6713764947439727,0.9306181676455842,4.061905892938858,0.8836224628593898,3.3554467870535443,2,0.6044989273632287,VolC,True,True
absret_mean_1w__low_minus_high,absret,"absret_mean_1w, low minus high",low attention shock from large absolute moves,263,-0.23998993669433655,-0.6174769633205844,-1.0927224935196207,-1.050939421715057,-1.6713764947439727,-0.9306181676455842,-4.061905892938858,-0.8836224628593898,-3.3554467870535443,2,0.6044989273632287,VolC,True,True
attention_absret_xs_1w__low_minus_high,attention,"attention_absret_xs_1w, low minus high",low attention shock from large absolute moves,263,-0.23998993669433655,-0.6174769633205844,-1.0927224935196207,-1.050939421715057,-1.6713764947439727,-0.9306181676455842,-4.061905892938858,-0.8836224628593898,-3.3554467870535443,2,0.6044989273632287,VolC,True,True
attention_absret_xs_1w__high_minus_low,attention,"attention_absret_xs_1w, high minus low",high attention shock from large absolute moves,263,0.23998993669433655,0.6174769633205844,1.0927224935196207,1.050939421715057,1.6713764947439727,0.9306181676455842,4.061905892938858,0.8836224628593898,3.3554467870535443,2,0.6044989273632287,VolC,True,True
minret_12w__low_minus_high,minret,"minret_12w, low minus high",capitulation/crash rebound,263,0.02297938204889332,0.04590541319426284,0.09679233158195201,-0.2026469293958456,-0.3142148912709804,1.1480883329244196,2.7823512075777073,1.420633570504015,3.33595454813781,2,0.6603633890588835,VolC,True,True
minret_12w__high_minus_low,minret,"minret_12w, high minus low",crash resilience,263,-0.02297938204889332,-0.04590541319426284,-0.09679233158195201,0.2026469293958456,0.3142148912709804,-1.1480883329244196,-2.7823512075777073,-1.420633570504015,-3.33595454813781,2,0.6603633890588835,VolC,True,True
attention_absret_xs_2w__low_minus_high,attention,"attention_absret_xs_2w, low minus high",low attention shock from large absolute moves,263,-0.21491989597346278,-0.5388219292469423,-0.967534394067488,-0.6430398979983245,-1.1578079330399615,-1.0826476522590553,-3.96879054206038,-1.4393010685408172,-3.223683211640857,2,0.7319146766573673,VolC,True,True
attention_absret_xs_2w__high_minus_low,attention,"attention_absret_xs_2w, high minus low",high attention shock from large absolute moves,263,0.21491989597346278,0.5388219292469423,0.967534394067488,0.6430398979983245,1.1578079330399615,1.0826476522590553,3.96879054206038,1.4393010685408172,3.223683211640857,2,0.7319146766573673,VolC,True,True
absret_mean_2w__low_minus_high,absret,"absret_mean_2w, low minus high",low attention shock from large absolute moves,263,-0.21491989597346278,-0.5388219292469423,-0.967534394067488,-0.6430398979983245,-1.1578079330399615,-1.0826476522590553,-3.96879054206038,-1.4393010685408172,-3.223683211640857,2,0.7319146766573673,VolC,True,True
absret_mean_2w__high_minus_low,absret,"absret_mean_2w, high minus low",high attention shock from large absolute moves,263,0.21491989597346278,0.5388219292469423,0.967534394067488,0.6430398979983245,1.1578079330399615,1.0826476522590553,3.96879054206038,1.4393010685408172,3.223683211640857,2,0.7319146766573673,VolC,True,True
skew_12w__low_minus_high,skew,"skew_12w, low minus high",low realized skewness; lottery memory and right-tail salience,263,-0.1805643758476999,-0.556755725989755,-1.170384553181974,-0.7617642522851042,-1.4163221843461211,-0.8092331603742695,-3.134196633963409,-1.089152251324861,-3.1487857928393503,2,0.3462491722760752,VolC,True,True
skew_12w__high_minus_low,skew,"skew_12w, high minus low",high realized skewness; lottery memory and right-tail salience,263,0.1805643758476999,0.556755725989755,1.170384553181974,0.7617642522851042,1.4163221843461211,0.8092331603742695,3.134196633963409,1.089152251324861,3.1487857928393503,2,0.3462491722760752,VolC,True,True
minret_4w__low_minus_high,minret,"minret_4w, low minus high",capitulation/crash rebound,263,-0.07717800969531617,-0.16903821403684444,-0.3647737226778555,0.1378480973009012,0.23802308378577103,0.7618480030395897,2.3001412122501197,1.1754996037749719,3.146865854197063,2,0.6541019164645888,VolC,True,True
minret_4w__high_minus_low,minret,"minret_4w, high minus low",crash resilience,263,0.07717800969531617,0.16903821403684444,0.3647737226778555,-0.1378480973009012,-0.23802308378577103,-0.7618480030395897,-2.3001412122501197,-1.1754996037749719,-3.146865854197063,2,0.6541019164645888,VolC,True,True
price_to_high_2w__low_minus_high,price,"price_to_high_2w, low minus high",distance from recent high; anchoring to prior peak,263,-0.24865156056034682,-0.6511348306968813,-1.365952255461397,-0.3104351261450118,-0.5216832506161214,0.10646562504305201,0.4463854935811872,0.883084582829911,3.082974523538694,2,0.4394023278954392,RMOM1w,True,True
price_to_high_2w__high_minus_low,price,"price_to_high_2w, high minus low",distance from recent high; anchoring to prior peak,263,0.24865156056034682,0.6511348306968813,1.365952255461397,0.3104351261450118,0.5216832506161214,-0.10646562504305201,-0.4463854935811872,-0.883084582829911,-3.082974523538694,2,0.4394023278954392,RMOM1w,True,True
skew_26w__high_minus_low,skew,"skew_26w, high minus low",high realized skewness; lottery memory and right-tail salience,263,-0.01530294211779724,-0.04618808800521772,-0.09344426376198864,0.31862997299355544,0.5295336461395769,0.5422193334698637,2.3470968810267308,1.001721970176718,3.0400084184873184,2,0.2914096287407143,VolC,True,True
skew_26w__low_minus_high,skew,"skew_26w, low minus high",low realized skewness; lottery memory and right-tail salience,263,0.01530294211779724,0.04618808800521772,0.09344426376198864,-0.31862997299355544,-0.5295336461395769,-0.5422193334698637,-2.3470968810267308,-1.001721970176718,-3.0400084184873184,2,0.2914096287407143,VolC,True,True
absret_mean_3w__high_minus_low,absret,"absret_mean_3w, high minus low",high attention shock from large absolute moves,263,0.2565053237803275,0.5740027558073696,1.1032833269620788,0.8913328265399836,1.4408941488435325,1.3549397034914583,4.21298520537638,1.929731258490234,3.0132072843073625,2,0.7944920791930533,VolC,True,True
absret_mean_3w__low_minus_high,absret,"absret_mean_3w, low minus high",low attention shock from large absolute moves,263,-0.2565053237803275,-0.5740027558073696,-1.1032833269620788,-0.8913328265399836,-1.4408941488435325,-1.3549397034914583,-4.21298520537638,-1.929731258490234,-3.0132072843073625,2,0.7944920791930533,VolC,True,True
upfreq_52w__high_minus_low,upfreq,"upfreq_52w, high minus low",trend consistency and representativeness,263,0.1826804257510341,0.4464345269165179,0.9059281380528532,-0.5351382011376581,-0.9965200308698549,-0.9970752541962035,-2.4147346624167674,-1.2665311176772385,-2.969017813482992,2,0.4359381997452529,RC,True,True
upfreq_52w__low_minus_high,upfreq,"upfreq_52w, low minus high",trend consistency and representativeness,263,-0.1826804257510341,-0.4464345269165179,-0.9059281380528532,0.5351382011376581,0.9965200308698549,0.9970752541962035,2.4147346624167674,1.2665311176772385,2.969017813482992,2,0.4359381997452529,RC,True,True
price_to_high_52w__high_minus_low,price,"price_to_high_52w, high minus low",distance from recent high; anchoring to prior peak,263,0.09908260302178207,0.2089491589381989,0.497302430802347,-0.6758293868018131,-1.0977049173022013,-1.0894907709263495,-1.8679892099714375,-1.6009118125209518,-2.9006157149051894,2,0.5070038853008957,RC,True,True
price_to_high_52w__low_minus_high,price,"price_to_high_52w, low minus high",distance from recent high; anchoring to prior peak,263,-0.09908260302178207,-0.2089491589381989,-0.497302430802347,0.6758293868018131,1.0977049173022013,1.0894907709263495,1.8679892099714375,1.6009118125209518,2.9006157149051894,2,0.5070038853008957,RC,True,True
price_to_low_8w__high_minus_low,price,"price_to_low_8w, high minus low",distance from recent low; rebound anchoring,263,0.32546192271338775,0.9611786385415958,2.1154520546279483,0.7321035209195889,1.1310166453150357,1.009544019198492,3.1231278921172327,1.0168113637326142,2.8813347011008315,2,0.7347429755304575,MAXRET,True,True
price_to_low_8w__low_minus_high,price,"price_to_low_8w, low minus high",distance from recent low; rebound anchoring,263,-0.32546192271338775,-0.9611786385415958,-2.1154520546279483,-0.7321035209195889,-1.1310166453150357,-1.009544019198492,-3.1231278921172327,-1.0168113637326142,-2.8813347011008315,2,0.7347429755304575,MAXRET,True,True
price_to_high_26w__low_minus_high,price,"price_to_high_26w, low minus high",distance from recent high; anchoring to prior peak,263,-0.0040255138980007325,-0.008104949351807042,-0.019443966400080847,0.6626606728671777,1.0905601775981748,1.1234789708625414,2.553176381409846,1.356487199105742,2.8144364639304715,2,0.5250728240746299,RC,True,True
price_to_high_26w__high_minus_low,price,"price_to_high_26w, high minus low",distance from recent high; anchoring to prior peak,263,0.0040255138980007325,0.008104949351807042,0.019443966400080847,-0.6626606728671777,-1.0905601775981748,-1.1234789708625414,-2.553176381409846,-1.356487199105742,-2.8144364639304715,2,0.5250728240746299,RC,True,True
price_to_high_1w__high_minus_low,price,"price_to_high_1w, high minus low",distance from recent high; anchoring to prior peak,263,0.2265643484447669,0.735076336834826,1.5712999844155386,-0.0026096596420923076,-0.0051158931742143424,0.4050079260518617,2.3097052487033607,0.7941815512146577,2.734623146596004,2,0.27271308445338927,SMBC,True,True
price_to_high_1w__low_minus_high,price,"price_to_high_1w, low minus high",distance from recent high; anchoring to prior peak,263,-0.2265643484447669,-0.735076336834826,-1.5712999844155386,0.0026096596420923076,0.0051158931742143424,-0.4050079260518617,-2.3097052487033607,-0.7941815512146577,-2.734623146596004,2,0.27271308445338927,SMBC,True,True
price_to_low_1w__high_minus_low,price,"price_to_low_1w, high minus low",distance from recent low; rebound anchoring,263,0.2265643484447669,0.735076336834826,1.5712999844155386,-0.0026096596420923076,-0.0051158931742143424,0.4050079260518617,2.3097052487033607,0.7941815512146577,2.734623146596004,2,0.27271308445338927,SMBC,True,True
price_to_low_1w__low_minus_high,price,"price_to_low_1w, low minus high",distance from recent low; rebound anchoring,263,-0.2265643484447669,-0.735076336834826,-1.5712999844155386,0.0026096596420923076,0.0051158931742143424,-0.4050079260518617,-2.3097052487033607,-0.7941815512146577,-2.734623146596004,2,0.27271308445338927,SMBC,True,True
vol_2w__low_minus_high,vol,"vol_2w, low minus high",low volatility/lottery demand,263,-0.10193207216344013,-0.2746972000570731,-0.5241180527359196,-0.060477679656782746,-0.10312009513603458,-0.850827640283227,-2.1335108181597042,-1.2220615944212194,-2.6338152642753836,2,0.5622228255832772,VolC,True,True
vol_2w__high_minus_low,vol,"vol_2w, high minus low",high volatility/lottery demand,263,0.10193207216344013,0.2746972000570731,0.5241180527359196,0.060477679656782746,0.10312009513603458,0.850827640283227,2.1335108181597042,1.2220615944212194,2.6338152642753836,2,0.5622228255832772,VolC,True,True
price_to_low_4w__high_minus_low,price,"price_to_low_4w, high minus low",distance from recent low; rebound anchoring,263,0.4929169726367309,1.393053958227835,2.8426732018581653,0.6789459464472021,1.551517092844266,0.4830396203080902,2.2966341360656872,0.5921977422639504,2.627709267107466,2,0.6053626475312708,MAXRET,True,True
price_to_low_4w__low_minus_high,price,"price_to_low_4w, low minus high",distance from recent low; rebound anchoring,263,-0.4929169726367309,-1.393053958227835,-2.8426732018581653,-0.6789459464472021,-1.551517092844266,-0.4830396203080902,-2.2966341360656872,-0.5921977422639504,-2.627709267107466,2,0.6053626475312708,MAXRET,True,True
price_to_low_52w__high_minus_low,price,"price_to_low_52w, high minus low",distance from recent low; rebound anchoring,263,0.18184742066482504,0.5360980963324584,1.307956278692378,0.7182939467471985,1.2082619005740827,1.0664542086412048,4.579174677842845,1.151961736451542,2.5590674246121674,2,0.31981492479087725,TVLC,True,True
price_to_low_52w__low_minus_high,price,"price_to_low_52w, low minus high",distance from recent low; rebound anchoring,263,-0.18184742066482504,-0.5360980963324584,-1.307956278692378,-0.7182939467471985,-1.2082619005740827,-1.0664542086412048,-4.579174677842845,-1.151961736451542,-2.5590674246121674,2,0.31981492479087725,TVLC,True,True
maxret_2w__high_minus_low,maxret,"maxret_2w, high minus low",high maximum-return lottery salience,263,0.26546099596213196,0.7215117256311551,1.372166952331619,0.7552534333023756,1.2617625889677537,0.6521709062641621,3.275687465759275,0.5297832485763736,2.2532949068080823,2,0.548704468068076,RMOM2w,True,True
maxret_2w__low_minus_high,maxret,"maxret_2w, low minus high",low maximum-return lottery salience,263,-0.26546099596213196,-0.7215117256311551,-1.372166952331619,-0.7552534333023756,-1.2617625889677537,-0.6521709062641621,-3.275687465759275,-0.5297832485763736,-2.2532949068080823,2,0.548704468068076,RMOM2w,True,True
minret_26w__low_minus_high,minret,"minret_26w, low minus high",capitulation/crash rebound,263,0.02571184327007818,0.05336776226716756,0.11031941259886978,0.5950495472104685,0.7952653142327333,1.2003371729692889,2.7006259010839675,1.2090263415409346,2.199083508039489,2,0.5739372990931355,VolC,True,True
minret_26w__high_minus_low,minret,"minret_26w, high minus low",crash resilience,263,-0.02571184327007818,-0.05336776226716756,-0.11031941259886978,-0.5950495472104685,-0.7952653142327333,-1.2003371729692889,-2.7006259010839675,-1.2090263415409346,-2.199083508039489,2,0.5739372990931355,VolC,True,True
beta_12w__low_minus_high,beta,"beta_12w, low minus high",low market beta; speculative risk-on demand,251,0.08150872522403835,0.19878207270790915,0.4883862706253746,0.24214330717838933,0.33079935068132227,0.8870858769055557,3.3901605042411345,0.7728160128190551,2.111166783938553,2,0.16204287534378892,SMBC,True,True
beta_12w__high_minus_low,beta,"beta_12w, high minus low",high market beta; speculative risk-on demand,251,-0.08150872522403835,-0.19878207270790915,-0.4883862706253746,-0.24214330717838933,-0.33079935068132227,-0.8870858769055557,-3.3901605042411345,-0.7728160128190551,-2.111166783938553,2,0.16204287534378892,SMBC,True,True
vol_3w__low_minus_high,vol,"vol_3w, low minus high",low volatility/lottery demand,263,-0.12196297519824623,-0.30172999463934214,-0.5940954358161746,-0.6419791702246793,-0.9427685772180607,-1.3770947160987252,-3.20871282703997,-0.6919666633417598,-2.0965418961166598,2,0.7630431602002625,VolC,True,True
vol_3w__high_minus_low,vol,"vol_3w, high minus low",high volatility/lottery demand,263,0.12196297519824623,0.30172999463934214,0.5940954358161746,0.6419791702246793,0.9427685772180607,1.3770947160987252,3.20871282703997,0.6919666633417598,2.0965418961166598,2,0.7630431602002625,VolC,True,True
minret_52w__low_minus_high,minret,"minret_52w, low minus high",capitulation/crash rebound,263,0.07154273994199536,0.17213683894902138,0.3679349979462973,0.15960666018795688,0.24266265102394605,1.0393898462333022,2.758964915737369,1.0839050182472534,1.9414256262713054,2,0.5460889706464364,VolC,False,True
minret_52w__high_minus_low,minret,"minret_52w, high minus low",crash resilience,263,-0.07154273994199536,-0.17213683894902138,-0.3679349979462973,-0.15960666018795688,-0.24266265102394605,-1.0393898462333022,-2.758964915737369,-1.0839050182472534,-1.9414256262713054,2,0.5460889706464364,VolC,False,True
price_to_high_8w__high_minus_low,price,"price_to_high_8w, high minus low",distance from recent high; anchoring to prior peak,263,0.14605692929963587,0.36149078566020526,0.8031737267146798,0.3004363282308586,0.5642068310169444,-0.5143254228222132,-1.317392044161629,-0.6661897438036245,-1.8433098745427738,2,0.6229673625845413,MomC,False,True
price_to_high_8w__low_minus_high,price,"price_to_high_8w, low minus high",distance from recent high; anchoring to prior peak,263,-0.14605692929963587,-0.36149078566020526,-0.8031737267146798,-0.3004363282308586,-0.5642068310169444,0.5143254228222132,1.317392044161629,0.6661897438036245,1.8433098745427738,2,0.6229673625845413,MomC,False,True
ret_12w__high_minus_low,ret,"ret_12w, high minus low",underreaction or reversal to recent performance,263,0.0033188967989192827,0.007687401700658922,0.019799777994254943,0.7868500710071036,1.0500356101867672,-0.5980389760473628,-1.2374397867735936,-0.7960423494892689,-1.8284719686653235,2,0.501382320497187,NetRel,False,True
ret_12w__low_minus_high,ret,"ret_12w, low minus high",underreaction or reversal to recent performance,263,-0.0033188967989192827,-0.007687401700658922,-0.019799777994254943,-0.7868500710071036,-1.0500356101867672,0.5980389760473628,1.2374397867735936,0.7960423494892689,1.8284719686653235,2,0.501382320497187,NetRel,False,True
upfreq_8w__high_minus_low,upfreq,"upfreq_8w, high minus low",trend consistency and representativeness,263,0.05139944540029959,0.1582571281018743,0.3382887932250549,-0.7055196985471212,-1.350808616905111,-0.6818619728073054,-3.819882592711927,-0.6299582172233118,-1.8196140402280856,2,0.4541885044257363,RMOM4w,False,True
upfreq_8w__low_minus_high,upfreq,"upfreq_8w, low minus high",trend consistency and representativeness,263,-0.05139944540029959,-0.1582571281018743,-0.3382887932250549,0.7055196985471212,1.350808616905111,0.6818619728073054,3.819882592711927,0.6299582172233118,1.8196140402280856,2,0.4541885044257363,RMOM4w,False,True
mcap_chg_12w__high_minus_low,mcap,"mcap_chg_12w, high minus low",underreaction or reversal to recent performance,263,-0.0002546446370923063,-0.0005868868381024295,-0.0014529037008809214,0.7459643849031484,1.0093642010064152,-0.7118908363968778,-1.320799306861289,-0.9110273577811417,-1.7214479077392666,2,0.47529201176029895,NetRel,False,True
mcap_chg_12w__low_minus_high,mcap,"mcap_chg_12w, low minus high",underreaction or reversal to recent performance,263,0.0002546446370923063,0.0005868868381024295,0.0014529037008809214,-0.7459643849031484,-1.0093642010064152,0.7118908363968778,1.320799306861289,0.9110273577811417,1.7214479077392666,2,0.47529201176029895,NetRel,False,True
ret_26w__high_minus_low,ret,"ret_26w, high minus low",underreaction or reversal to recent performance,263,-0.05602683518302657,-0.12548358623586103,-0.3459474421883875,-0.6672749517532801,-0.8444383373153008,-0.38094779363834697,-0.9582147935204486,-0.7658056476739756,-1.5930775428759258,2,0.3965234826233986,SMBC,False,False
ret_26w__low_minus_high,ret,"ret_26w, low minus high",underreaction or reversal to recent performance,263,0.05602683518302657,0.12548358623586103,0.3459474421883875,0.6672749517532801,0.8444383373153008,0.38094779363834697,0.9582147935204486,0.7658056476739756,1.5930775428759258,2,0.3965234826233986,SMBC,False,False
beta_8w__low_minus_high,beta,"beta_8w, low minus high",low market beta; speculative risk-on demand,255,-0.18010439659852978,-0.42368034633534984,-0.9462096948144146,-1.068419890336704,-1.3606823467228142,0.24141076127469102,1.4090601585544222,0.4025759011352836,1.5903360205492028,2,0.1907851211287177,RMOM4w,False,False
beta_8w__high_minus_low,beta,"beta_8w, high minus low",high market beta; speculative risk-on demand,255,0.18010439659852978,0.42368034633534984,0.9462096948144146,1.068419890336704,1.3606823467228142,-0.24141076127469102,-1.4090601585544222,-0.4025759011352836,-1.5903360205492028,2,0.1907851211287177,RMOM4w,False,False
skew_4w__high_minus_low,skew,"skew_4w, high minus low",high realized skewness; lottery memory and right-tail salience,263,-0.08477986524341596,-0.25233150005822064,-0.656766183224397,1.309592236769713,2.3045462662578675,0.8838320733468279,3.662610043361097,0.6433123900753647,1.5647784620112122,2,0.35464278846642827,MAXRET,False,False
skew_4w__low_minus_high,skew,"skew_4w, low minus high",low realized skewness; lottery memory and right-tail salience,263,0.08477986524341596,0.25233150005822064,0.656766183224397,-1.309592236769713,-2.3045462662578675,-0.8838320733468279,-3.662610043361097,-0.6433123900753647,-1.5647784620112122,2,0.35464278846642827,MAXRET,False,False
beta_52w__high_minus_low,beta,"beta_52w, high minus low",high market beta; speculative risk-on demand,211,0.15486190088801494,0.4437582492235921,0.9858241967564378,0.4445688313289319,0.965427725271111,0.07678383978175765,0.31476112082516167,0.4316121118310982,1.540306215147028,2,0.3404616695040471,RC,False,False
beta_52w__low_minus_high,beta,"beta_52w, low minus high",low market beta; speculative risk-on demand,211,-0.15486190088801494,-0.4437582492235921,-0.9858241967564378,-0.4445688313289319,-0.965427725271111,-0.07678383978175765,-0.31476112082516167,-0.4316121118310982,-1.540306215147028,2,0.3404616695040471,RC,False,False
price_to_low_3w__low_minus_high,price,"price_to_low_3w, low minus high",distance from recent low; rebound anchoring,263,-0.44135826538319095,-1.280188856066652,-2.5121930762915836,-0.7325828432155528,-1.4878588721645132,-0.2912586320845475,-1.732939605121305,-0.29421520082239966,-1.4718476543060732,2,0.5688976467276872,RMOM2w,False,False
price_to_low_3w__high_minus_low,price,"price_to_low_3w, high minus low",distance from recent low; rebound anchoring,263,0.44135826538319095,1.280188856066652,2.5121930762915836,0.7325828432155528,1.4878588721645132,0.2912586320845475,1.732939605121305,0.29421520082239966,1.4718476543060732,2,0.5688976467276872,RMOM2w,False,False
minret_3w__low_minus_high,minret,"minret_3w, low minus high",capitulation/crash rebound,263,-0.19221984838025466,-0.47245034983453305,-1.0207987492256538,0.00088650153826986,0.0017586684535178076,0.2432058235236901,1.0950563596783838,0.48840765449033574,1.4712860765064704,2,0.5528224967813814,MomC,False,False
minret_3w__high_minus_low,minret,"minret_3w, high minus low",crash resilience,263,0.19221984838025466,0.47245034983453305,1.0207987492256538,-0.00088650153826986,-0.0017586684535178076,-0.2432058235236901,-1.0950563596783838,-0.48840765449033574,-1.4712860765064704,2,0.5528224967813814,MomC,False,False
price_to_low_26w__low_minus_high,price,"price_to_low_26w, low minus high",distance from recent low; rebound anchoring,263,-0.19834511092455134,-0.594532442256189,-1.6149172976150996,-0.7470387603890009,-1.2763350129817104,-0.3590182553609475,-1.2211539594482403,-0.5307743287105643,-1.4632191416295877,2,0.40428103605450205,MAXRET,False,False
price_to_low_26w__high_minus_low,price,"price_to_low_26w, high minus low",distance from recent low; rebound anchoring,263,0.19834511092455134,0.594532442256189,1.6149172976150996,0.7470387603890009,1.2763350129817104,0.3590182553609475,1.2211539594482403,0.5307743287105643,1.4632191416295877,2,0.40428103605450205,MAXRET,False,False
mcap_chg_1w__low_minus_high,mcap,"mcap_chg_1w, low minus high",underreaction or reversal to recent performance,263,-0.4194179127688545,-1.0408479846698597,-1.9093639095690815,-1.866612332257314,-2.7285086715142346,-0.20791263673003788,-0.7979110706850379,0.45423044886548763,1.4030425688815742,2,0.6519601977957853,RMOM1w,False,False
mcap_chg_1w__high_minus_low,mcap,"mcap_chg_1w, high minus low",underreaction or reversal to recent performance,263,0.4194179127688545,1.0408479846698597,1.9093639095690815,1.866612332257314,2.7285086715142346,0.20791263673003788,0.7979110706850379,-0.45423044886548763,-1.4030425688815742,2,0.6519601977957853,RMOM1w,False,False
upfreq_3w__high_minus_low,upfreq,"upfreq_3w, high minus low",trend consistency and representativeness,263,0.26823512794561294,0.8415200999802057,1.7915416258202022,0.10864014714911305,0.23209879312475537,-0.09888827490590135,-0.4428571545466696,-0.33281253859339655,-1.3388960043101759,2,0.44062484314598815,MomC,False,False
upfreq_3w__low_minus_high,upfreq,"upfreq_3w, low minus high",trend consistency and representativeness,263,-0.26823512794561294,-0.8415200999802057,-1.7915416258202022,-0.10864014714911305,-0.23209879312475537,0.09888827490590135,0.4428571545466696,0.33281253859339655,1.3388960043101759,2,0.44062484314598815,MomC,False,False
price_to_low_2w__high_minus_low,price,"price_to_low_2w, high minus low",distance from recent low; rebound anchoring,263,0.5195171848382247,1.4891566630670687,2.67396103795187,1.5503843429327513,2.3924426159672687,0.5276132263805088,3.106994195432728,0.2960730889040784,1.330690466535031,2,0.6389201041295516,RMOM1w,False,False
price_to_low_2w__low_minus_high,price,"price_to_low_2w, low minus high",distance from recent low; rebound anchoring,263,-0.5195171848382247,-1.4891566630670687,-2.67396103795187,-1.5503843429327513,-2.3924426159672687,-0.5276132263805088,-3.106994195432728,-0.2960730889040784,-1.330690466535031,2,0.6389201041295516,RMOM1w,False,False
mcap_chg_26w__high_minus_low,mcap,"mcap_chg_26w, high minus low",underreaction or reversal to recent performance,263,-0.11039563018832024,-0.24785460467458179,-0.6881812086899403,-0.7061462753926011,-0.8540574951165198,-0.1414453320224311,-0.3504393985170566,-0.6156031020993471,-1.2964833339330728,2,0.37261748782961573,SMBC,False,False
mcap_chg_26w__low_minus_high,mcap,"mcap_chg_26w, low minus high",underreaction or reversal to recent performance,263,0.11039563018832024,0.24785460467458179,0.6881812086899403,0.7061462753926011,0.8540574951165198,0.1414453320224311,0.3504393985170566,0.6156031020993471,1.2964833339330728,2,0.37261748782961573,SMBC,False,False
corr_mkt_8w__high_minus_low,corr,"corr_mkt_8w, high minus low",high market crowding/herding,255,0.08506473726121935,0.2370440406157025,0.5322175593845077,0.18957553217108652,0.28829123599970463,0.137943648298003,0.863145747730403,0.4364510276786183,1.2930273561026506,2,0.18089775916997908,RMOM4w,False,False
corr_mkt_8w__low_minus_high,corr,"corr_mkt_8w, low minus high",low market crowding/herding,255,-0.08506473726121935,-0.2370440406157025,-0.5322175593845077,-0.18957553217108652,-0.28829123599970463,-0.137943648298003,-0.863145747730403,-0.4364510276786183,-1.2930273561026506,2,0.18089775916997908,RMOM4w,False,False
minret_2w__low_minus_high,minret,"minret_2w, low minus high",capitulation/crash rebound,263,-0.20947045094233757,-0.5371409370156465,-1.11693711810469,-0.5905462358171407,-1.2167913287758967,0.362357291192057,0.7442249807986938,0.670542346805786,1.2561151032110065,2,0.5150890409125085,MomC,False,False
minret_2w__high_minus_low,minret,"minret_2w, high minus low",crash resilience,263,0.20947045094233757,0.5371409370156465,1.11693711810469,0.5905462358171407,1.2167913287758967,-0.362357291192057,-0.7442249807986938,-0.670542346805786,-1.2561151032110065,2,0.5150890409125085,MomC,False,False
upfreq_12w__low_minus_high,upfreq,"upfreq_12w, low minus high",trend consistency and representativeness,263,-0.12265162463219723,-0.3082831489655249,-0.6345335182552957,0.4849620935794205,0.9883903203083978,0.9611253745131066,4.318755817028741,0.48775501194165166,1.235188026646728,2,0.39220143076741837,NetRel,False,False
upfreq_12w__high_minus_low,upfreq,"upfreq_12w, high minus low",trend consistency and representativeness,263,0.12265162463219723,0.3082831489655249,0.6345335182552957,-0.4849620935794205,-0.9883903203083978,-0.9611253745131066,-4.318755817028741,-0.48775501194165166,-1.235188026646728,2,0.39220143076741837,NetRel,False,False
corr_mkt_12w__high_minus_low,corr,"corr_mkt_12w, high minus low",high market crowding/herding,251,-0.0339251366416811,-0.09916642275183302,-0.23188766390989352,0.3075933589391029,0.5769558240718698,-0.2639153484300548,-1.3102789760230706,-0.3188991298636564,-1.2337211544302822,2,0.16142577182096637,RMOM4w,False,False
corr_mkt_12w__low_minus_high,corr,"corr_mkt_12w, low minus high",low market crowding/herding,251,0.0339251366416811,0.09916642275183302,0.23188766390989352,-0.3075933589391029,-0.5769558240718698,0.2639153484300548,1.3102789760230706,0.3188991298636564,1.2337211544302822,2,0.16142577182096637,RMOM4w,False,False
price_to_high_4w__high_minus_low,price,"price_to_high_4w, high minus low",distance from recent high; anchoring to prior peak,263,0.32044753643298657,0.8164294984610143,1.7582271899262691,0.4619538402217038,0.8744464169757153,0.031972698271164085,0.10710488988009209,-0.4726666626793124,-1.1930229329409132,2,0.5483478360295582,MomC,False,False
price_to_high_4w__low_minus_high,price,"price_to_high_4w, low minus high",distance from recent high; anchoring to prior peak,263,-0.32044753643298657,-0.8164294984610143,-1.7582271899262691,-0.4619538402217038,-0.8744464169757153,-0.031972698271164085,-0.10710488988009209,0.4726666626793124,1.1930229329409132,2,0.5483478360295582,MomC,False,False
mcap_chg_3w__high_minus_low,mcap,"mcap_chg_3w, high minus low",underreaction or reversal to recent performance,263,0.3037606828250249,0.7469317602876266,1.5300403198030927,0.8513506875951256,1.7408733059529595,0.4503817770025723,1.5544657999668603,0.43215635846809536,1.1732377158082836,2,0.7743716319408066,MomC,False,False
mcap_chg_3w__low_minus_high,mcap,"mcap_chg_3w, low minus high",underreaction or reversal to recent performance,263,-0.3037606828250249,-0.7469317602876266,-1.5300403198030927,-0.8513506875951256,-1.7408733059529595,-0.4503817770025723,-1.5544657999668603,-0.43215635846809536,-1.1732377158082836,2,0.7743716319408066,MomC,False,False
corr_mkt_26w__high_minus_low,corr,"corr_mkt_26w, high minus low",high market crowding/herding,237,0.10366660045258706,0.3093528499322352,0.6335610030360432,-0.2571198812395149,-0.6459690830936713,-0.04518253023423605,-0.1852282587355067,0.2695364966778262,1.1321615974830894,2,0.1825135035766874,MAXRET,False,False
corr_mkt_26w__low_minus_high,corr,"corr_mkt_26w, low minus high",low market crowding/herding,237,-0.10366660045258706,-0.3093528499322352,-0.6335610030360432,0.2571198812395149,0.6459690830936713,0.04518253023423605,0.1852282587355067,-0.2695364966778262,-1.1321615974830894,2,0.1825135035766874,MAXRET,False,False
ret_8w__low_minus_high,ret,"ret_8w, low minus high",underreaction or reversal to recent performance,263,0.04982226195233893,0.12620652253418335,0.3019642534527443,-0.6614342504853953,-1.1641635935916497,0.3665993553898877,0.9513751473495393,0.4314601226050406,1.0321880438738167,2,0.6308939984473227,NetRel,False,False
ret_8w__high_minus_low,ret,"ret_8w, high minus low",underreaction or reversal to recent performance,263,-0.04982226195233893,-0.12620652253418335,-0.3019642534527443,0.6614342504853953,1.1641635935916497,-0.3665993553898877,-0.9513751473495393,-0.4314601226050406,-1.0321880438738167,2,0.6308939984473227,NetRel,False,False
upfreq_2w__low_minus_high,upfreq,"upfreq_2w, low minus high",trend consistency and representativeness,263,-0.3624854347380528,-1.1462403775166097,-2.385671892296421,0.09131308350708842,0.17334899744861687,0.1296330478993385,0.5321439070725794,0.24247147049615012,0.906294020152891,2,0.4581306449314823,RMOM2w,False,False
upfreq_2w__high_minus_low,upfreq,"upfreq_2w, high minus low",trend consistency and representativeness,263,0.3624854347380528,1.1462403775166097,2.385671892296421,-0.09131308350708842,-0.17334899744861687,-0.1296330478993385,-0.5321439070725794,-0.24247147049615012,-0.906294020152891,2,0.4581306449314823,RMOM2w,False,False
upfreq_4w__low_minus_high,upfreq,"upfreq_4w, low minus high",trend consistency and representativeness,263,-0.1802059923173995,-0.5616800284544682,-1.1205211002096818,0.12108764041794304,0.3429702960292172,0.23230321368495002,1.0533929516261342,0.23179721737356018,0.9030265693280037,2,0.5745163739476193,RMOM4w,False,False
upfreq_4w__high_minus_low,upfreq,"upfreq_4w, high minus low",trend consistency and representativeness,263,0.1802059923173995,0.5616800284544682,1.1205211002096818,-0.12108764041794304,-0.3429702960292172,-0.23230321368495002,-1.0533929516261342,-0.23179721737356018,-0.9030265693280037,2,0.5745163739476193,RMOM4w,False,False
mcap_chg_8w__low_minus_high,mcap,"mcap_chg_8w, low minus high",underreaction or reversal to recent performance,263,0.05404649768295291,0.13937997963474805,0.31739167976519167,-0.6491358014741635,-1.1911622281491234,0.2236942042054121,0.5973629920950259,0.33416930215874535,0.8243205190474224,2,0.6120591661255932,NetRel,False,False
mcap_chg_8w__high_minus_low,mcap,"mcap_chg_8w, high minus low",underreaction or reversal to recent performance,263,-0.05404649768295291,-0.13937997963474805,-0.31739167976519167,0.6491358014741635,1.1911622281491234,-0.2236942042054121,-0.5973629920950259,-0.33416930215874535,-0.8243205190474224,2,0.6120591661255932,NetRel,False,False
ret_1w__high_minus_low,ret,"ret_1w, high minus low",underreaction or reversal to recent performance,263,0.4447027530105096,1.1103057928829474,2.0524646573564853,1.868821490313563,2.7658594724170227,0.4395369696006647,2.1372186624913283,-0.19288061675748067,-0.7215727923323837,2,0.665392668392153,RMOM1w,False,False
ret_1w__low_minus_high,ret,"ret_1w, low minus high",underreaction or reversal to recent performance,263,-0.4447027530105096,-1.1103057928829474,-2.0524646573564853,-1.868821490313563,-2.7658594724170227,-0.4395369696006647,-2.1372186624913283,0.19288061675748067,0.7215727923323837,2,0.665392668392153,RMOM1w,False,False
maxret_1w__low_minus_high,maxret,"maxret_1w, low minus high",low maximum-return lottery salience,263,-0.4447027530105096,-1.1103057928829474,-2.0524646573564853,-1.868821490313563,-2.7658594724170227,-0.4395369696006647,-2.1372186624913283,0.19288061675748067,0.7215727923323837,2,0.665392668392153,RMOM1w,False,False
maxret_1w__high_minus_low,maxret,"maxret_1w, high minus low",high maximum-return lottery salience,263,0.4447027530105096,1.1103057928829474,2.0524646573564853,1.868821490313563,2.7658594724170227,0.4395369696006647,2.1372186624913283,-0.19288061675748067,-0.7215727923323837,2,0.665392668392153,RMOM1w,False,False
minret_1w__high_minus_low,minret,"minret_1w, high minus low",crash resilience,263,0.4447027530105096,1.1103057928829474,2.0524646573564853,1.868821490313563,2.7658594724170227,0.4395369696006647,2.1372186624913283,-0.19288061675748067,-0.7215727923323837,2,0.665392668392153,RMOM1w,False,False
minret_1w__low_minus_high,minret,"minret_1w, low minus high",capitulation/crash rebound,263,-0.4447027530105096,-1.1103057928829474,-2.0524646573564853,-1.868821490313563,-2.7658594724170227,-0.4395369696006647,-2.1372186624913283,0.19288061675748067,0.7215727923323837,2,0.665392668392153,RMOM1w,False,False
upfreq_1w__high_minus_low,upfreq,"upfreq_1w, high minus low",trend consistency and representativeness,263,0.3513130856524362,1.0664500788159457,2.3334969441757925,0.24904540239138223,0.4379489378257029,-0.06390244537759146,-0.31769171580742167,-0.11986529026709243,-0.6507992934318569,2,0.3702294135130252,RMOM1w,False,False
upfreq_1w__low_minus_high,upfreq,"upfreq_1w, low minus high",trend consistency and representativeness,263,-0.3513130856524362,-1.0664500788159457,-2.3334969441757925,-0.24904540239138223,-0.4379489378257029,0.06390244537759146,0.31769171580742167,0.11986529026709243,0.6507992934318569,2,0.3702294135130252,RMOM1w,False,False
upfreq_26w__low_minus_high,upfreq,"upfreq_26w, low minus high",trend consistency and representativeness,263,-0.06359779671151193,-0.1417318766152044,-0.29100721460598494,0.6355603639205338,0.957521737713539,0.5406844318280724,1.2548435102621738,0.20525527538165456,0.5678861910280217,2,0.38142707534287057,VolC,False,False
upfreq_26w__high_minus_low,upfreq,"upfreq_26w, high minus low",trend consistency and representativeness,263,0.06359779671151193,0.1417318766152044,0.29100721460598494,-0.6355603639205338,-0.957521737713539,-0.5406844318280724,-1.2548435102621738,-0.20525527538165456,-0.5678861910280217,2,0.38142707534287057,VolC,False,False
mcap_chg_2w__low_minus_high,mcap,"mcap_chg_2w, low minus high",underreaction or reversal to recent performance,263,-0.3177015214827614,-0.7769529049410706,-1.5643206627772757,-0.8458204034339702,-1.6341644364873074,-0.3868248067854719,-1.8215761033189217,-0.15611335662225775,-0.527197387923274,2,0.6738086360486573,RMOM2w,False,False
mcap_chg_2w__high_minus_low,mcap,"mcap_chg_2w, high minus low",underreaction or reversal to recent performance,263,0.3177015214827614,0.7769529049410706,1.5643206627772757,0.8458204034339702,1.6341644364873074,0.3868248067854719,1.8215761033189217,0.15611335662225775,0.527197387923274,2,0.6738086360486573,RMOM2w,False,False
ret_52w__low_minus_high,ret,"ret_52w, low minus high",underreaction or reversal to recent performance,263,0.018793757818151995,0.045384774527396206,0.11657802467574963,0.49193251134110183,0.7748883648794525,0.053526003577515975,0.1289109194023926,0.23995923871077224,0.4350667814140404,2,0.2635612011850097,SMBC,False,False
ret_52w__high_minus_low,ret,"ret_52w, high minus low",underreaction or reversal to recent performance,263,-0.018793757818151995,-0.045384774527396206,-0.11657802467574963,-0.49193251134110183,-0.7748883648794525,-0.053526003577515975,-0.1289109194023926,-0.23995923871077224,-0.4350667814140404,2,0.2635612011850097,SMBC,False,False
ret_3w__low_minus_high,ret,"ret_3w, low minus high",underreaction or reversal to recent performance,263,-0.34249376479937804,-0.8332502804269707,-1.7615370004802735,-0.7637094267648725,-1.679514306510526,-0.4054679931031664,-2.1071395013820284,-0.10388285969385774,-0.313915958099818,2,0.7922672344394196,MomC,False,False
ret_3w__high_minus_low,ret,"ret_3w, high minus low",underreaction or reversal to recent performance,263,0.34249376479937804,0.8332502804269707,1.7615370004802735,0.7637094267648725,1.679514306510526,0.4054679931031664,2.1071395013820284,0.10388285969385774,0.313915958099818,2,0.7922672344394196,MomC,False,False
price_to_high_3w__high_minus_low,price,"price_to_high_3w, high minus low",distance from recent high; anchoring to prior peak,263,0.2869780025643887,0.7641334698542609,1.7257207953395153,0.3640557568418758,0.6209168032888633,-0.17135591393874208,-0.416700770463606,-0.09449507299273116,-0.19748190751318334,2,0.4578973606805778,RMOM1w,False,False
price_to_high_3w__low_minus_high,price,"price_to_high_3w, low minus high",distance from recent high; anchoring to prior peak,263,-0.2869780025643887,-0.7641334698542609,-1.7257207953395153,-0.3640557568418758,-0.6209168032888633,0.17135591393874208,0.416700770463606,0.09449507299273116,0.19748190751318334,2,0.4578973606805778,RMOM1w,False,False
mcap_chg_52w__low_minus_high,mcap,"mcap_chg_52w, low minus high",underreaction or reversal to recent performance,263,0.06346435044463497,0.15500703472201127,0.3971307790198865,0.35900691246986083,0.5816774261647902,-0.15857714607785253,-0.41600119418016596,-0.045164302914035094,-0.07962724514751682,2,0.23894647140102984,SMBC,False,False
mcap_chg_52w__high_minus_low,mcap,"mcap_chg_52w, high minus low",underreaction or reversal to recent performance,263,-0.06346435044463497,-0.15500703472201127,-0.3971307790198865,-0.35900691246986083,-0.5816774261647902,0.15857714607785253,0.41600119418016596,0.045164302914035094,0.07962724514751682,2,0.23894647140102984,SMBC,False,False
corr_mkt_52w__high_minus_low,corr,"corr_mkt_52w, high minus low",high market crowding/herding,211,0.2002881289493621,0.6439634251879818,1.4287441328924866,0.13479891340544645,0.29635879779902086,-0.17981705508825432,-0.6458320353814778,0.02319027892754838,0.07120603972460565,2,0.19347792937057856,FunC,False,False
corr_mkt_52w__low_minus_high,corr,"corr_mkt_52w, low minus high",low market crowding/herding,211,-0.2002881289493621,-0.6439634251879818,-1.4287441328924866,-0.13479891340544645,-0.29635879779902086,0.17981705508825432,0.6458320353814778,-0.02319027892754838,-0.07120603972460565,2,0.19347792937057856,FunC,False,False
ret_2w__low_minus_high,ret,"ret_2w, low minus high",underreaction or reversal to recent performance,263,-0.34645272201846306,-0.8670399327803366,-1.8608825706519796,-0.7347772152269021,-1.5487264836565826,-0.23212353846048803,-1.060770924411163,0.009569794534585464,0.031556728210436764,2,0.6899971298427943,RMOM2w,False,False
ret_2w__high_minus_low,ret,"ret_2w, high minus low",underreaction or reversal to recent performance,263,0.34645272201846306,0.8670399327803366,1.8608825706519796,0.7347772152269021,1.5487264836565826,0.23212353846048803,1.060770924411163,-0.009569794534585464,-0.031556728210436764,2,0.6899971298427943,RMOM2w,False,False
mcap_chg_4w__low_minus_high,mcap,"mcap_chg_4w, low minus high",underreaction or reversal to recent performance,263,-0.23051347024195254,-0.6168355634152642,-1.391892775717755,-0.6988582647298862,-1.4256288085724282,-0.08734148067303664,-0.3815465438291535,-0.004742377564219314,-0.012162807846600695,2,0.9643891044763754,MomC,False,False
mcap_chg_4w__high_minus_low,mcap,"mcap_chg_4w, high minus low",underreaction or reversal to recent performance,263,0.23051347024195254,0.6168355634152642,1.391892775717755,0.6988582647298862,1.4256288085724282,0.08734148067303664,0.3815465438291535,0.004742377564219314,0.012162807846600695,2,0.9643891044763754,MomC,False,False
